id,scale,space,tokens_per_step,lr,beta1,beta2,warmup_frac,weight_decay,rope_theta,n_eff,k,phase,steps,tokens,val_bpb,narrow_from
e11m-000,e11m,full,1048576,1.2150050431373001e-05,0.8915542725519099,0.9985976822769655,0.06726082843822113,0.00017913263558929653,700222.8758453153,11173888.0,1,stable,43,45088768,3.8191373702125504,
e11m-000,e11m,full,1048576,1.2150050431373001e-05,0.8915542725519099,0.9985976822769655,0.06726082843822113,0.00017913263558929653,700222.8758453153,11173888.0,2,stable,86,90177536,3.776516708739152,
e11m-001,e11m,full,32768,0.00023957590991106716,0.988590699233171,0.9090445163425397,0.009143896311898752,0.00017356934322114675,16897.119720723553,11173888.0,1,stable,1364,44695552,2.679279087230673,
e11m-001,e11m,full,32768,0.00023957590991106716,0.988590699233171,0.9090445163425397,0.009143896311898752,0.00017356934322114675,16897.119720723553,11173888.0,2,stable,2728,89391104,2.6723158562597735,
e11m-001,e11m,full,32768,0.00023957590991106716,0.988590699233171,0.9090445163425397,0.009143896311898752,0.00017356934322114675,16897.119720723553,11173888.0,3,stable,4092,134086656,2.543705911697384,
e11m-001,e11m,full,32768,0.00023957590991106716,0.988590699233171,0.9090445163425397,0.009143896311898752,0.00017356934322114675,16897.119720723553,11173888.0,4,stable,5456,178782208,2.40933290267979,
e11m-002,e11m,full,524288,0.00032421685933588836,0.9865643795129383,0.9996505335715709,0.017429339202001178,0.00036365954819213454,13164.713613522626,11173888.0,1,stable,85,44564480,3.063081830334454,
e11m-002,e11m,full,524288,0.00032421685933588836,0.9865643795129383,0.9996505335715709,0.017429339202001178,0.00036365954819213454,13164.713613522626,11173888.0,2,stable,170,89128960,2.7747189664703944,
e11m-003,e11m,full,2097152,1.1793895798614908e-05,0.9989484711324912,0.9867122850675399,0.03484146012690673,0.00038421080009771904,55252.25962482124,11173888.0,1,stable,21,44040192,3.8374149620800413,
e11m-003,e11m,full,2097152,1.1793895798614908e-05,0.9989484711324912,0.9867122850675399,0.03484146012690673,0.00038421080009771904,55252.25962482124,11173888.0,2,stable,42,88080384,3.8188296726462427,
e11m-004,e11m,full,2097152,8.744464197251661e-05,0.7853218054770257,0.9868431718034515,0.03172398015305252,0.6488370501448333,130308.8129544838,11173888.0,1,stable,21,44040192,3.7400011984772936,
e11m-004,e11m,full,2097152,8.744464197251661e-05,0.7853218054770257,0.9868431718034515,0.03172398015305252,0.6488370501448333,130308.8129544838,11173888.0,2,stable,42,88080384,3.637106449576859,
e11m-005,e11m,full,65536,1.0781061530151419e-05,0.8945098376653361,0.9991733019866088,0.003820494875024315,0.49993149173457807,1549.8750943176963,11173888.0,1,stable,682,44695552,3.5275981217561383,
e11m-005,e11m,full,65536,1.0781061530151419e-05,0.8945098376653361,0.9991733019866088,0.003820494875024315,0.49993149173457807,1549.8750943176963,11173888.0,2,stable,1364,89391104,3.2956435317420105,
e11m-006,e11m,full,65536,0.041892593428209814,0.9980697387218593,0.9985764132588557,0.006552460874553692,0.09944666688937542,11805.457328611361,11173888.0,1,stable,682,44695552,2.5679607029729272,
e11m-006,e11m,full,65536,0.041892593428209814,0.9980697387218593,0.9985764132588557,0.006552460874553692,0.09944666688937542,11805.457328611361,11173888.0,2,stable,1364,89391104,2.4342886240580124,
e11m-006,e11m,full,65536,0.041892593428209814,0.9980697387218593,0.9985764132588557,0.006552460874553692,0.09944666688937542,11805.457328611361,11173888.0,3,stable,2046,134086656,2.3284977312695014,
e11m-006,e11m,full,65536,0.041892593428209814,0.9980697387218593,0.9985764132588557,0.006552460874553692,0.09944666688937542,11805.457328611361,11173888.0,4,stable,2728,178782208,2.205112527527257,
e11m-006,e11m,full,65536,0.041892593428209814,0.9980697387218593,0.9985764132588557,0.006552460874553692,0.09944666688937542,11805.457328611361,11173888.0,5,stable,3410,223477760,2.011611175818021,
e11m-006,e11m,full,65536,0.041892593428209814,0.9980697387218593,0.9985764132588557,0.006552460874553692,0.09944666688937542,11805.457328611361,11173888.0,6,stable,4092,268173312,1.8091440213146937,
e11m-006,e11m,full,65536,0.041892593428209814,0.9980697387218593,0.9985764132588557,0.006552460874553692,0.09944666688937542,11805.457328611361,11173888.0,7,stable,4774,312868864,1.7430518454747945,
e11m-006,e11m,full,65536,0.041892593428209814,0.9980697387218593,0.9985764132588557,0.006552460874553692,0.09944666688937542,11805.457328611361,11173888.0,8,stable,5456,357564416,1.701616845202083,
e11m-006,e11m,full,65536,0.041892593428209814,0.9980697387218593,0.9985764132588557,0.006552460874553692,0.09944666688937542,11805.457328611361,11173888.0,8,decay,6820,446955520,1.6205356816401053,
e11m-007,e11m,full,1048576,0.024500061201798783,0.9972193851555334,0.9994702302132245,0.002949255410575397,0.015579906937904002,580083.736786721,11173888.0,1,stable,43,45088768,2.7867386653056383,
e11m-007,e11m,full,1048576,0.024500061201798783,0.9972193851555334,0.9994702302132245,0.002949255410575397,0.015579906937904002,580083.736786721,11173888.0,2,stable,86,90177536,2.712763914599862,
e11m-008,e11m,full,524288,7.094974581527056e-05,0.9809817285075157,0.9352724870633939,0.005752718808632491,0.2808571822469184,30582.902951900014,11173888.0,1,stable,85,44564480,3.590895922081917,
e11m-008,e11m,full,524288,7.094974581527056e-05,0.9809817285075157,0.9352724870633939,0.005752718808632491,0.2808571822469184,30582.902951900014,11173888.0,2,stable,170,89128960,3.359713129389615,
e11m-009,e11m,full,1048576,0.000632948871354364,0.937622526194058,0.9997186769275009,0.0011361557161718122,0.3586181932032115,12550.455302779588,11173888.0,1,stable,43,45088768,2.9867398070831324,
e11m-009,e11m,full,1048576,0.000632948871354364,0.937622526194058,0.9997186769275009,0.0011361557161718122,0.3586181932032115,12550.455302779588,11173888.0,2,stable,86,90177536,2.7112396406249313,
e11m-010,e11m,full,524288,0.0005351856305557468,0.9599841023220665,0.9970167312433392,0.10643393727321523,0.12025590702852251,53632.280901753,11173888.0,1,stable,85,44564480,3.0143221675829195,
e11m-010,e11m,full,524288,0.0005351856305557468,0.9599841023220665,0.9970167312433392,0.10643393727321523,0.12025590702852251,53632.280901753,11173888.0,2,stable,170,89128960,2.6693244033234116,
e11m-011,e11m,full,262144,0.006205267823398471,0.9213934907508,0.9924863587435563,0.0029886592575794095,0.03442507168937619,904143.667304381,11173888.0,1,stable,170,44564480,2.4965259225431278,
e11m-011,e11m,full,262144,0.006205267823398471,0.9213934907508,0.9924863587435563,0.0029886592575794095,0.03442507168937619,904143.667304381,11173888.0,2,stable,340,89128960,2.3161566188042926,
e11m-011,e11m,full,262144,0.006205267823398471,0.9213934907508,0.9924863587435563,0.0029886592575794095,0.03442507168937619,904143.667304381,11173888.0,3,stable,510,133693440,2.1916884715029386,
e11m-011,e11m,full,262144,0.006205267823398471,0.9213934907508,0.9924863587435563,0.0029886592575794095,0.03442507168937619,904143.667304381,11173888.0,4,stable,680,178257920,2.0765746579674693,
e11m-011,e11m,full,262144,0.006205267823398471,0.9213934907508,0.9924863587435563,0.0029886592575794095,0.03442507168937619,904143.667304381,11173888.0,5,stable,850,222822400,1.9201907586024647,
e11m-011,e11m,full,262144,0.006205267823398471,0.9213934907508,0.9924863587435563,0.0029886592575794095,0.03442507168937619,904143.667304381,11173888.0,6,stable,1020,267386880,1.779318579020689,
e11m-011,e11m,full,262144,0.006205267823398471,0.9213934907508,0.9924863587435563,0.0029886592575794095,0.03442507168937619,904143.667304381,11173888.0,7,stable,1190,311951360,1.7091540710399435,
e11m-011,e11m,full,262144,0.006205267823398471,0.9213934907508,0.9924863587435563,0.0029886592575794095,0.03442507168937619,904143.667304381,11173888.0,8,stable,1360,356515840,1.6703562857211018,
e11m-011,e11m,full,262144,0.006205267823398471,0.9213934907508,0.9924863587435563,0.0029886592575794095,0.03442507168937619,904143.667304381,11173888.0,8,decay,1700,445644800,1.604267969512371,
e11m-012,e11m,full,131072,0.005141334142648336,0.9972167106978946,0.9925330000550602,0.003250180234120882,0.004686021252833488,2465.2572158236576,11173888.0,1,stable,341,44695552,2.6012090208738394,
e11m-012,e11m,full,131072,0.005141334142648336,0.9972167106978946,0.9925330000550602,0.003250180234120882,0.004686021252833488,2465.2572158236576,11173888.0,2,stable,682,89391104,2.503852640272794,
e11m-012,e11m,full,131072,0.005141334142648336,0.9972167106978946,0.9925330000550602,0.003250180234120882,0.004686021252833488,2465.2572158236576,11173888.0,3,stable,1023,134086656,2.433748944380022,
e11m-012,e11m,full,131072,0.005141334142648336,0.9972167106978946,0.9925330000550602,0.003250180234120882,0.004686021252833488,2465.2572158236576,11173888.0,4,stable,1364,178782208,2.37582576458404,
e11m-013,e11m,full,524288,0.001233935857917908,0.7710385501983236,0.9641222540364391,0.006782800802052692,0.0003771196023929741,24507.451851802187,11173888.0,1,stable,85,44564480,2.623414247700512,
e11m-013,e11m,full,524288,0.001233935857917908,0.7710385501983236,0.9641222540364391,0.006782800802052692,0.0003771196023929741,24507.451851802187,11173888.0,2,stable,170,89128960,2.4048330172827526,
e11m-013,e11m,full,524288,0.001233935857917908,0.7710385501983236,0.9641222540364391,0.006782800802052692,0.0003771196023929741,24507.451851802187,11173888.0,3,stable,255,133693440,2.239638021773865,
e11m-013,e11m,full,524288,0.001233935857917908,0.7710385501983236,0.9641222540364391,0.006782800802052692,0.0003771196023929741,24507.451851802187,11173888.0,4,stable,340,178257920,2.11675800581001,
e11m-013,e11m,full,524288,0.001233935857917908,0.7710385501983236,0.9641222540364391,0.006782800802052692,0.0003771196023929741,24507.451851802187,11173888.0,5,stable,425,222822400,2.0282289615903486,
e11m-013,e11m,full,524288,0.001233935857917908,0.7710385501983236,0.9641222540364391,0.006782800802052692,0.0003771196023929741,24507.451851802187,11173888.0,6,stable,510,267386880,1.9181271971827845,
e11m-013,e11m,full,524288,0.001233935857917908,0.7710385501983236,0.9641222540364391,0.006782800802052692,0.0003771196023929741,24507.451851802187,11173888.0,7,stable,595,311951360,1.8043581242248068,
e11m-013,e11m,full,524288,0.001233935857917908,0.7710385501983236,0.9641222540364391,0.006782800802052692,0.0003771196023929741,24507.451851802187,11173888.0,8,stable,680,356515840,1.7280493478401486,
e11m-013,e11m,full,524288,0.001233935857917908,0.7710385501983236,0.9641222540364391,0.006782800802052692,0.0003771196023929741,24507.451851802187,11173888.0,8,decay,850,445644800,1.6624982409798907,
e11m-014,e11m,full,262144,4.6932791909578884e-05,0.997044874552443,0.9994734629290308,0.004544323523012229,0.006860229255797732,688317.162191483,11173888.0,1,stable,170,44564480,3.5261065533444236,
e11m-014,e11m,full,262144,4.6932791909578884e-05,0.997044874552443,0.9994734629290308,0.004544323523012229,0.006860229255797732,688317.162191483,11173888.0,2,stable,340,89128960,3.270814423320255,
e11m-015,e11m,full,524288,0.00955447741043326,0.9989609783656166,0.9998862145636573,0.029910493835356836,0.0031199119088687337,21355.510031622936,11173888.0,1,stable,85,44564480,2.77276700801854,
e11m-015,e11m,full,524288,0.00955447741043326,0.9989609783656166,0.9998862145636573,0.029910493835356836,0.0031199119088687337,21355.510031622936,11173888.0,2,stable,170,89128960,2.7164412092981727,
e11m-016,e11m,full,32768,0.015782334415029468,0.9940068814634877,0.9991144166359455,0.009063226729240502,0.0044773875866716195,64529.55928020031,11173888.0,1,stable,1364,44695552,2.4898685224084836,
e11m-016,e11m,full,32768,0.015782334415029468,0.9940068814634877,0.9991144166359455,0.009063226729240502,0.0044773875866716195,64529.55928020031,11173888.0,2,stable,2728,89391104,2.352886017291298,
e11m-016,e11m,full,32768,0.015782334415029468,0.9940068814634877,0.9991144166359455,0.009063226729240502,0.0044773875866716195,64529.55928020031,11173888.0,3,stable,4092,134086656,2.2305604346089467,
e11m-016,e11m,full,32768,0.015782334415029468,0.9940068814634877,0.9991144166359455,0.009063226729240502,0.0044773875866716195,64529.55928020031,11173888.0,4,stable,5456,178782208,2.124799761650252,
e11m-016,e11m,full,32768,0.015782334415029468,0.9940068814634877,0.9991144166359455,0.009063226729240502,0.0044773875866716195,64529.55928020031,11173888.0,5,stable,6820,223477760,2.0469106824185443,
e11m-016,e11m,full,32768,0.015782334415029468,0.9940068814634877,0.9991144166359455,0.009063226729240502,0.0044773875866716195,64529.55928020031,11173888.0,6,stable,8184,268173312,1.8650462761094764,
e11m-016,e11m,full,32768,0.015782334415029468,0.9940068814634877,0.9991144166359455,0.009063226729240502,0.0044773875866716195,64529.55928020031,11173888.0,7,stable,9548,312868864,1.7396553952852212,
e11m-016,e11m,full,32768,0.015782334415029468,0.9940068814634877,0.9991144166359455,0.009063226729240502,0.0044773875866716195,64529.55928020031,11173888.0,8,stable,10912,357564416,1.6867460135620966,
e11m-016,e11m,full,32768,0.015782334415029468,0.9940068814634877,0.9991144166359455,0.009063226729240502,0.0044773875866716195,64529.55928020031,11173888.0,8,decay,13640,446955520,1.6131390157489736,
e11m-017,e11m,full,65536,0.00013140384811041432,0.9980773860910064,0.9832578248602385,0.0017545995167825967,0.08965983958887855,8947.481180445962,11173888.0,1,stable,682,44695552,2.7423952505647433,
e11m-017,e11m,full,65536,0.00013140384811041432,0.9980773860910064,0.9832578248602385,0.0017545995167825967,0.08965983958887855,8947.481180445962,11173888.0,2,stable,1364,89391104,2.611153392913022,
e11m-017,e11m,full,65536,0.00013140384811041432,0.9980773860910064,0.9832578248602385,0.0017545995167825967,0.08965983958887855,8947.481180445962,11173888.0,3,stable,2046,134086656,2.5310712435546305,
e11m-017,e11m,full,65536,0.00013140384811041432,0.9980773860910064,0.9832578248602385,0.0017545995167825967,0.08965983958887855,8947.481180445962,11173888.0,4,stable,2728,178782208,2.4644538164553564,
e11m-018,e11m,full,32768,0.001023939238116405,0.8181724360239679,0.9944707402152276,0.0016885397403116071,0.015885720589321275,399614.1207586105,11173888.0,1,stable,1364,44695552,1.8999194407196511,
e11m-018,e11m,full,32768,0.001023939238116405,0.8181724360239679,0.9944707402152276,0.0016885397403116071,0.015885720589321275,399614.1207586105,11173888.0,2,stable,2728,89391104,1.6854300188893812,
e11m-018,e11m,full,32768,0.001023939238116405,0.8181724360239679,0.9944707402152276,0.0016885397403116071,0.015885720589321275,399614.1207586105,11173888.0,3,stable,4092,134086656,1.6288173321154102,
e11m-018,e11m,full,32768,0.001023939238116405,0.8181724360239679,0.9944707402152276,0.0016885397403116071,0.015885720589321275,399614.1207586105,11173888.0,3,decay,5115,167608320,1.5760541121767395,
e11m-018,e11m,full,32768,0.001023939238116405,0.8181724360239679,0.9944707402152276,0.0016885397403116071,0.015885720589321275,399614.1207586105,11173888.0,4,stable,5456,178782208,1.600351091828378,
e11m-018,e11m,full,32768,0.001023939238116405,0.8181724360239679,0.9944707402152276,0.0016885397403116071,0.015885720589321275,399614.1207586105,11173888.0,4,decay,6820,223477760,1.5511458362792703,
e11m-018,e11m,full,32768,0.001023939238116405,0.8181724360239679,0.9944707402152276,0.0016885397403116071,0.015885720589321275,399614.1207586105,11173888.0,5,stable,6820,223477760,1.5867867074408435,
e11m-018,e11m,full,32768,0.001023939238116405,0.8181724360239679,0.9944707402152276,0.0016885397403116071,0.015885720589321275,399614.1207586105,11173888.0,5,decay,8525,279347200,1.5348091665877723,
e11m-018,e11m,full,32768,0.001023939238116405,0.8181724360239679,0.9944707402152276,0.0016885397403116071,0.015885720589321275,399614.1207586105,11173888.0,6,stable,8184,268173312,1.5690911302146664,
e11m-018,e11m,full,32768,0.001023939238116405,0.8181724360239679,0.9944707402152276,0.0016885397403116071,0.015885720589321275,399614.1207586105,11173888.0,6,decay,10230,335216640,1.5240503536692855,
e11m-018,e11m,full,32768,0.001023939238116405,0.8181724360239679,0.9944707402152276,0.0016885397403116071,0.015885720589321275,399614.1207586105,11173888.0,7,stable,9548,312868864,1.5613296728774722,
e11m-018,e11m,full,32768,0.001023939238116405,0.8181724360239679,0.9944707402152276,0.0016885397403116071,0.015885720589321275,399614.1207586105,11173888.0,7,decay,11935,391086080,1.51461189866254,
e11m-018,e11m,full,32768,0.001023939238116405,0.8181724360239679,0.9944707402152276,0.0016885397403116071,0.015885720589321275,399614.1207586105,11173888.0,8,stable,10912,357564416,1.5529897137746973,
e11m-018,e11m,full,32768,0.001023939238116405,0.8181724360239679,0.9944707402152276,0.0016885397403116071,0.015885720589321275,399614.1207586105,11173888.0,8,decay,13640,446955520,1.5079882958830007,
e11m-019,e11m,full,2097152,0.00017159210378244337,0.9570989006001357,0.999175510727513,0.010272154623234263,0.5457513526356891,13100.541552977505,11173888.0,1,stable,21,44040192,3.674614688781493,
e11m-019,e11m,full,2097152,0.00017159210378244337,0.9570989006001357,0.999175510727513,0.010272154623234263,0.5457513526356891,13100.541552977505,11173888.0,2,stable,42,88080384,3.511515684807216,
e11m-020,e11m,full,524288,0.028298786989091683,0.9976237463086749,0.9532221858369165,0.018817095045159705,0.9561717929610838,4283.479956823615,11173888.0,1,stable,85,44564480,2.7558062762104667,
e11m-020,e11m,full,524288,0.028298786989091683,0.9976237463086749,0.9532221858369165,0.018817095045159705,0.9561717929610838,4283.479956823615,11173888.0,2,stable,170,89128960,2.6696441321534903,
e11m-021,e11m,full,1048576,0.0263948774915072,0.9873620050028409,0.9919816474959243,0.012830896083342574,0.00018466221469833104,133911.60988420053,11173888.0,1,stable,43,45088768,2.81832315866901,
e11m-021,e11m,full,1048576,0.0263948774915072,0.9873620050028409,0.9919816474959243,0.012830896083342574,0.00018466221469833104,133911.60988420053,11173888.0,2,stable,86,90177536,2.742745554416226,
e11m-022,e11m,full,524288,0.00027791628974600926,0.9865642253086616,0.9995126966173622,0.009576184760612038,0.00028229881684335695,30971.356366959357,11173888.0,1,stable,85,44564480,3.109328848843134,
e11m-022,e11m,full,524288,0.00027791628974600926,0.9865642253086616,0.9995126966173622,0.009576184760612038,0.00028229881684335695,30971.356366959357,11173888.0,2,stable,170,89128960,2.8070125266900097,
e11m-023,e11m,full,131072,0.00015259333648047653,0.9251780692906606,0.9995058428603868,0.0028597852762124037,0.0011473465974979641,144424.52003540818,11173888.0,1,stable,341,44695552,2.7464537622536342,
e11m-023,e11m,full,131072,0.00015259333648047653,0.9251780692906606,0.9995058428603868,0.0028597852762124037,0.0011473465974979641,144424.52003540818,11173888.0,2,stable,682,89391104,2.521181390941493,
e11m-023,e11m,full,131072,0.00015259333648047653,0.9251780692906606,0.9995058428603868,0.0028597852762124037,0.0011473465974979641,144424.52003540818,11173888.0,3,stable,1023,134086656,2.401904552628109,
e11m-023,e11m,full,131072,0.00015259333648047653,0.9251780692906606,0.9995058428603868,0.0028597852762124037,0.0011473465974979641,144424.52003540818,11173888.0,4,stable,1364,178782208,2.313155981161779,
e11m-024,e11m,full,131072,0.028667528529026973,0.9929549680896317,0.9950417504028325,0.0059368837962382156,0.00010469413387792801,651449.8812506588,11173888.0,1,stable,341,44695552,2.6166080655047663,
e11m-024,e11m,full,131072,0.028667528529026973,0.9929549680896317,0.9950417504028325,0.0059368837962382156,0.00010469413387792801,651449.8812506588,11173888.0,2,stable,682,89391104,2.5105403381152223,
e11m-024,e11m,full,131072,0.028667528529026973,0.9929549680896317,0.9950417504028325,0.0059368837962382156,0.00010469413387792801,651449.8812506588,11173888.0,3,stable,1023,134086656,2.423141638942778,
e11m-024,e11m,full,131072,0.028667528529026973,0.9929549680896317,0.9950417504028325,0.0059368837962382156,0.00010469413387792801,651449.8812506588,11173888.0,4,stable,1364,178782208,2.347123580835827,
e11m-025,e11m,full,2097152,4.368838740198129e-05,0.9960716768788144,0.9773677656360031,0.089880458227684,0.0028599320052596026,6668.178102140231,11173888.0,1,stable,21,44040192,3.81093546983717,
e11m-025,e11m,full,2097152,4.368838740198129e-05,0.9960716768788144,0.9773677656360031,0.089880458227684,0.0028599320052596026,6668.178102140231,11173888.0,2,stable,42,88080384,3.7702769191966516,
e11m-026,e11m,full,2097152,0.0009114785997031626,0.9943752371455876,0.9878029613723014,0.09462755446172809,0.0009220776347892075,53968.52991390847,11173888.0,1,stable,21,44040192,3.3833324344808426,
e11m-026,e11m,full,2097152,0.0009114785997031626,0.9943752371455876,0.9878029613723014,0.09462755446172809,0.0009220776347892075,53968.52991390847,11173888.0,2,stable,42,88080384,3.010587510901624,
e11m-027,e11m,full,524288,0.000561051597992793,0.9947063471658355,0.951109332457103,0.01821428566243302,0.00012175721016272637,59892.48344941593,11173888.0,1,stable,85,44564480,2.9046160844281497,
e11m-027,e11m,full,524288,0.000561051597992793,0.9947063471658355,0.951109332457103,0.01821428566243302,0.00012175721016272637,59892.48344941593,11173888.0,2,stable,170,89128960,2.7290108454580104,
e11m-028,e11m,full,32768,6.681958068435922e-05,0.9577296833177167,0.9993560390959809,0.027452502378595835,0.14691768652069256,1911.4182570120406,11173888.0,1,stable,1364,44695552,2.679092320287889,
e11m-028,e11m,full,32768,6.681958068435922e-05,0.9577296833177167,0.9993560390959809,0.027452502378595835,0.14691768652069256,1911.4182570120406,11173888.0,2,stable,2728,89391104,2.475263835082457,
e11m-028,e11m,full,32768,6.681958068435922e-05,0.9577296833177167,0.9993560390959809,0.027452502378595835,0.14691768652069256,1911.4182570120406,11173888.0,3,stable,4092,134086656,2.3661271243441857,
e11m-028,e11m,full,32768,6.681958068435922e-05,0.9577296833177167,0.9993560390959809,0.027452502378595835,0.14691768652069256,1911.4182570120406,11173888.0,4,stable,5456,178782208,2.284801611858101,
e11m-029,e11m,full,32768,0.0006506794553278142,0.9982292211251742,0.9762008611999907,0.0373292963426142,0.0019768084001852847,682157.480194984,11173888.0,1,stable,1364,44695552,2.6601758140232765,
e11m-029,e11m,full,32768,0.0006506794553278142,0.9982292211251742,0.9762008611999907,0.0373292963426142,0.0019768084001852847,682157.480194984,11173888.0,2,stable,2728,89391104,2.566788048415143,
e11m-029,e11m,full,32768,0.0006506794553278142,0.9982292211251742,0.9762008611999907,0.0373292963426142,0.0019768084001852847,682157.480194984,11173888.0,3,stable,4092,134086656,2.4928177894117325,
e11m-029,e11m,full,32768,0.0006506794553278142,0.9982292211251742,0.9762008611999907,0.0373292963426142,0.0019768084001852847,682157.480194984,11173888.0,4,stable,5456,178782208,2.4227714694563938,
e11m-030,e11m,full,131072,0.00027464210627505323,0.9819424664394295,0.9920756034084132,0.10250452250701111,0.26462775077412426,563021.6836276283,11173888.0,1,stable,341,44695552,2.7736484201380107,
e11m-030,e11m,full,131072,0.00027464210627505323,0.9819424664394295,0.9920756034084132,0.10250452250701111,0.26462775077412426,563021.6836276283,11173888.0,2,stable,682,89391104,2.4905385753836025,
e11m-030,e11m,full,131072,0.00027464210627505323,0.9819424664394295,0.9920756034084132,0.10250452250701111,0.26462775077412426,563021.6836276283,11173888.0,3,stable,1023,134086656,2.338331953178466,
e11m-030,e11m,full,131072,0.00027464210627505323,0.9819424664394295,0.9920756034084132,0.10250452250701111,0.26462775077412426,563021.6836276283,11173888.0,4,stable,1364,178782208,2.2240999983345073,
e11m-031,e11m,full,1048576,0.00017735153442918243,0.9914933391549572,0.9998404629115014,0.07147667423638594,0.03587433348577904,97833.21838358228,11173888.0,1,stable,43,45088768,3.6164915790546375,
e11m-031,e11m,full,1048576,0.00017735153442918243,0.9914933391549572,0.9998404629115014,0.07147667423638594,0.03587433348577904,97833.21838358228,11173888.0,2,stable,86,90177536,3.3422824759595295,
e11m-032,e11m,full,524288,0.000868410249742111,0.9978277049385652,0.9988676600658838,0.0024003429798636587,0.005187628286215944,4591.350825091471,11173888.0,1,stable,85,44564480,2.7366935118404356,
e11m-032,e11m,full,524288,0.000868410249742111,0.9978277049385652,0.9988676600658838,0.0024003429798636587,0.005187628286215944,4591.350825091471,11173888.0,2,stable,170,89128960,2.6159182948687927,
e11m-032,e11m,full,524288,0.000868410249742111,0.9978277049385652,0.9988676600658838,0.0024003429798636587,0.005187628286215944,4591.350825091471,11173888.0,3,stable,255,133693440,2.5424212570165907,
e11m-032,e11m,full,524288,0.000868410249742111,0.9978277049385652,0.9988676600658838,0.0024003429798636587,0.005187628286215944,4591.350825091471,11173888.0,4,stable,340,178257920,2.4831926759354017,
e11m-033,e11m,full,262144,0.0861512864221736,0.9155472815544069,0.9372555647083102,0.05641068695216597,0.3700220121018109,1875.177566139805,11173888.0,1,stable,170,44564480,2.400874411149555,
e11m-033,e11m,full,262144,0.0861512864221736,0.9155472815544069,0.9372555647083102,0.05641068695216597,0.3700220121018109,1875.177566139805,11173888.0,2,stable,340,89128960,2.1765259758496045,
e11m-033,e11m,full,262144,0.0861512864221736,0.9155472815544069,0.9372555647083102,0.05641068695216597,0.3700220121018109,1875.177566139805,11173888.0,3,stable,510,133693440,2.0018600773367163,
e11m-033,e11m,full,262144,0.0861512864221736,0.9155472815544069,0.9372555647083102,0.05641068695216597,0.3700220121018109,1875.177566139805,11173888.0,4,stable,680,178257920,1.8716706961300558,
e11m-033,e11m,full,262144,0.0861512864221736,0.9155472815544069,0.9372555647083102,0.05641068695216597,0.3700220121018109,1875.177566139805,11173888.0,5,stable,850,222822400,1.823513616993736,
e11m-033,e11m,full,262144,0.0861512864221736,0.9155472815544069,0.9372555647083102,0.05641068695216597,0.3700220121018109,1875.177566139805,11173888.0,6,stable,1020,267386880,1.8296596689256865,
e11m-033,e11m,full,262144,0.0861512864221736,0.9155472815544069,0.9372555647083102,0.05641068695216597,0.3700220121018109,1875.177566139805,11173888.0,7,stable,1190,311951360,1.7967003642574582,
e11m-033,e11m,full,262144,0.0861512864221736,0.9155472815544069,0.9372555647083102,0.05641068695216597,0.3700220121018109,1875.177566139805,11173888.0,8,stable,1360,356515840,1.7523847456254669,
e11m-033,e11m,full,262144,0.0861512864221736,0.9155472815544069,0.9372555647083102,0.05641068695216597,0.3700220121018109,1875.177566139805,11173888.0,8,decay,1700,445644800,1.6260691977347521,
e11m-034,e11m,full,32768,0.07338116699430383,0.9074266067383573,0.9966741143367195,0.091298154442497,0.015416052330908004,807626.7678734442,11173888.0,1,stable,1364,44695552,1.985212772385932,
e11m-034,e11m,full,32768,0.07338116699430383,0.9074266067383573,0.9966741143367195,0.091298154442497,0.015416052330908004,807626.7678734442,11173888.0,2,stable,2728,89391104,1.7547976221432349,
e11m-034,e11m,full,32768,0.07338116699430383,0.9074266067383573,0.9966741143367195,0.091298154442497,0.015416052330908004,807626.7678734442,11173888.0,3,stable,4092,134086656,1.7000280496336944,
e11m-034,e11m,full,32768,0.07338116699430383,0.9074266067383573,0.9966741143367195,0.091298154442497,0.015416052330908004,807626.7678734442,11173888.0,3,decay,5115,167608320,1.5874811064910594,
e11m-034,e11m,full,32768,0.07338116699430383,0.9074266067383573,0.9966741143367195,0.091298154442497,0.015416052330908004,807626.7678734442,11173888.0,4,stable,5456,178782208,1.672800483543461,
e11m-034,e11m,full,32768,0.07338116699430383,0.9074266067383573,0.9966741143367195,0.091298154442497,0.015416052330908004,807626.7678734442,11173888.0,4,decay,6820,223477760,1.5650441575298437,
e11m-034,e11m,full,32768,0.07338116699430383,0.9074266067383573,0.9966741143367195,0.091298154442497,0.015416052330908004,807626.7678734442,11173888.0,5,stable,6820,223477760,1.6588336926545826,
e11m-034,e11m,full,32768,0.07338116699430383,0.9074266067383573,0.9966741143367195,0.091298154442497,0.015416052330908004,807626.7678734442,11173888.0,5,decay,8525,279347200,1.549941994159334,
e11m-034,e11m,full,32768,0.07338116699430383,0.9074266067383573,0.9966741143367195,0.091298154442497,0.015416052330908004,807626.7678734442,11173888.0,6,stable,8184,268173312,1.6411327815549568,
e11m-034,e11m,full,32768,0.07338116699430383,0.9074266067383573,0.9966741143367195,0.091298154442497,0.015416052330908004,807626.7678734442,11173888.0,6,decay,10230,335216640,1.541888131460578,
e11m-034,e11m,full,32768,0.07338116699430383,0.9074266067383573,0.9966741143367195,0.091298154442497,0.015416052330908004,807626.7678734442,11173888.0,7,stable,9548,312868864,1.6325539284456496,
e11m-034,e11m,full,32768,0.07338116699430383,0.9074266067383573,0.9966741143367195,0.091298154442497,0.015416052330908004,807626.7678734442,11173888.0,7,decay,11935,391086080,1.5351822030786042,
e11m-034,e11m,full,32768,0.07338116699430383,0.9074266067383573,0.9966741143367195,0.091298154442497,0.015416052330908004,807626.7678734442,11173888.0,8,stable,10912,357564416,1.6407857385622122,
e11m-034,e11m,full,32768,0.07338116699430383,0.9074266067383573,0.9966741143367195,0.091298154442497,0.015416052330908004,807626.7678734442,11173888.0,8,decay,13640,446955520,1.5287852686955126,
e11m-035,e11m,full,262144,0.0007739188231952146,0.9442493518475624,0.9569987466783251,0.007128725779441225,0.0287517564738587,397223.14117339056,11173888.0,1,stable,170,44564480,2.552704024959566,
e11m-035,e11m,full,262144,0.0007739188231952146,0.9442493518475624,0.9569987466783251,0.007128725779441225,0.0287517564738587,397223.14117339056,11173888.0,2,stable,340,89128960,2.330469218755421,
e11m-035,e11m,full,262144,0.0007739188231952146,0.9442493518475624,0.9569987466783251,0.007128725779441225,0.0287517564738587,397223.14117339056,11173888.0,3,stable,510,133693440,2.172685478124508,
e11m-035,e11m,full,262144,0.0007739188231952146,0.9442493518475624,0.9569987466783251,0.007128725779441225,0.0287517564738587,397223.14117339056,11173888.0,4,stable,680,178257920,2.019090374979995,
e11m-035,e11m,full,262144,0.0007739188231952146,0.9442493518475624,0.9569987466783251,0.007128725779441225,0.0287517564738587,397223.14117339056,11173888.0,5,stable,850,222822400,1.8641648388075487,
e11m-035,e11m,full,262144,0.0007739188231952146,0.9442493518475624,0.9569987466783251,0.007128725779441225,0.0287517564738587,397223.14117339056,11173888.0,6,stable,1020,267386880,1.7618457803889125,
e11m-035,e11m,full,262144,0.0007739188231952146,0.9442493518475624,0.9569987466783251,0.007128725779441225,0.0287517564738587,397223.14117339056,11173888.0,7,stable,1190,311951360,1.7031052528218587,
e11m-035,e11m,full,262144,0.0007739188231952146,0.9442493518475624,0.9569987466783251,0.007128725779441225,0.0287517564738587,397223.14117339056,11173888.0,8,stable,1360,356515840,1.6636339311931896,
e11m-035,e11m,full,262144,0.0007739188231952146,0.9442493518475624,0.9569987466783251,0.007128725779441225,0.0287517564738587,397223.14117339056,11173888.0,8,decay,1700,445644800,1.6229538121924494,
e11m-036,e11m,full,2097152,1.5992014260406968e-05,0.8941814877295519,0.9180103925057715,0.03582801790123388,0.0008438936426986485,55569.49651206659,11173888.0,1,stable,21,44040192,3.8304924014763744,
e11m-036,e11m,full,2097152,1.5992014260406968e-05,0.8941814877295519,0.9180103925057715,0.03582801790123388,0.0008438936426986485,55569.49651206659,11173888.0,2,stable,42,88080384,3.803097730267125,
e11m-037,e11m,full,65536,4.26788682950416e-05,0.9954675353784852,0.9972922128709971,0.029555913183174787,0.014636571114849688,105577.21024682406,11173888.0,1,stable,682,44695552,3.12642080991322,
e11m-037,e11m,full,65536,4.26788682950416e-05,0.9954675353784852,0.9972922128709971,0.029555913183174787,0.014636571114849688,105577.21024682406,11173888.0,2,stable,1364,89391104,2.8070879577770964,
e11m-038,e11m,full,524288,0.04276624523151146,0.7643314799001198,0.9955412930999359,0.014280608535618085,0.0003880219217503258,1786.9825380642799,11173888.0,1,stable,85,44564480,2.723165737573864,
e11m-038,e11m,full,524288,0.04276624523151146,0.7643314799001198,0.9955412930999359,0.014280608535618085,0.0003880219217503258,1786.9825380642799,11173888.0,2,stable,170,89128960,2.5719152958138096,
e11m-038,e11m,full,524288,0.04276624523151146,0.7643314799001198,0.9955412930999359,0.014280608535618085,0.0003880219217503258,1786.9825380642799,11173888.0,3,stable,255,133693440,2.4386784488747955,
e11m-038,e11m,full,524288,0.04276624523151146,0.7643314799001198,0.9955412930999359,0.014280608535618085,0.0003880219217503258,1786.9825380642799,11173888.0,4,stable,340,178257920,2.3555069361581706,
e11m-039,e11m,full,131072,0.001347455663827629,0.9909102276205148,0.9987642230851201,0.016092818096212106,0.003078810316027021,1694.4883256005044,11173888.0,1,stable,341,44695552,2.5953358932730897,
e11m-039,e11m,full,131072,0.001347455663827629,0.9909102276205148,0.9987642230851201,0.016092818096212106,0.003078810316027021,1694.4883256005044,11173888.0,2,stable,682,89391104,2.4423169385105825,
e11m-039,e11m,full,131072,0.001347455663827629,0.9909102276205148,0.9987642230851201,0.016092818096212106,0.003078810316027021,1694.4883256005044,11173888.0,3,stable,1023,134086656,2.3178171086552157,
e11m-039,e11m,full,131072,0.001347455663827629,0.9909102276205148,0.9987642230851201,0.016092818096212106,0.003078810316027021,1694.4883256005044,11173888.0,4,stable,1364,178782208,2.2271638950226924,
e11m-040,e11m,full,262144,0.0038853757230155168,0.9694795291853938,0.9820738627748693,0.059615553079592605,0.0030508725481599662,14737.50353066505,11173888.0,1,stable,170,44564480,2.512420492140204,
e11m-040,e11m,full,262144,0.0038853757230155168,0.9694795291853938,0.9820738627748693,0.059615553079592605,0.0030508725481599662,14737.50353066505,11173888.0,2,stable,340,89128960,2.3212009644173524,
e11m-040,e11m,full,262144,0.0038853757230155168,0.9694795291853938,0.9820738627748693,0.059615553079592605,0.0030508725481599662,14737.50353066505,11173888.0,3,stable,510,133693440,2.173258169156727,
e11m-040,e11m,full,262144,0.0038853757230155168,0.9694795291853938,0.9820738627748693,0.059615553079592605,0.0030508725481599662,14737.50353066505,11173888.0,4,stable,680,178257920,2.0376664757656657,
e11m-040,e11m,full,262144,0.0038853757230155168,0.9694795291853938,0.9820738627748693,0.059615553079592605,0.0030508725481599662,14737.50353066505,11173888.0,5,stable,850,222822400,1.8824566186463647,
e11m-040,e11m,full,262144,0.0038853757230155168,0.9694795291853938,0.9820738627748693,0.059615553079592605,0.0030508725481599662,14737.50353066505,11173888.0,6,stable,1020,267386880,1.7728224175599616,
e11m-040,e11m,full,262144,0.0038853757230155168,0.9694795291853938,0.9820738627748693,0.059615553079592605,0.0030508725481599662,14737.50353066505,11173888.0,7,stable,1190,311951360,1.7176228479195446,
e11m-040,e11m,full,262144,0.0038853757230155168,0.9694795291853938,0.9820738627748693,0.059615553079592605,0.0030508725481599662,14737.50353066505,11173888.0,8,stable,1360,356515840,1.6766679854807416,
e11m-040,e11m,full,262144,0.0038853757230155168,0.9694795291853938,0.9820738627748693,0.059615553079592605,0.0030508725481599662,14737.50353066505,11173888.0,8,decay,1700,445644800,1.6215857495092192,
e11m-041,e11m,full,65536,0.003451380181487935,0.9929553442919059,0.9928120721190374,0.12467366686606889,0.0016806214056153297,132651.9852615794,11173888.0,1,stable,682,44695552,2.524082638349087,
e11m-041,e11m,full,65536,0.003451380181487935,0.9929553442919059,0.9928120721190374,0.12467366686606889,0.0016806214056153297,132651.9852615794,11173888.0,2,stable,1364,89391104,2.33036370609527,
e11m-041,e11m,full,65536,0.003451380181487935,0.9929553442919059,0.9928120721190374,0.12467366686606889,0.0016806214056153297,132651.9852615794,11173888.0,3,stable,2046,134086656,2.1844556173312824,
e11m-041,e11m,full,65536,0.003451380181487935,0.9929553442919059,0.9928120721190374,0.12467366686606889,0.0016806214056153297,132651.9852615794,11173888.0,4,stable,2728,178782208,2.0723565937897432,
e11m-041,e11m,full,65536,0.003451380181487935,0.9929553442919059,0.9928120721190374,0.12467366686606889,0.0016806214056153297,132651.9852615794,11173888.0,5,stable,3410,223477760,1.9263940351591173,
e11m-041,e11m,full,65536,0.003451380181487935,0.9929553442919059,0.9928120721190374,0.12467366686606889,0.0016806214056153297,132651.9852615794,11173888.0,6,stable,4092,268173312,1.8113262798082976,
e11m-041,e11m,full,65536,0.003451380181487935,0.9929553442919059,0.9928120721190374,0.12467366686606889,0.0016806214056153297,132651.9852615794,11173888.0,7,stable,4774,312868864,1.746479764812008,
e11m-041,e11m,full,65536,0.003451380181487935,0.9929553442919059,0.9928120721190374,0.12467366686606889,0.0016806214056153297,132651.9852615794,11173888.0,8,stable,5456,357564416,1.7010321800826809,
e11m-041,e11m,full,65536,0.003451380181487935,0.9929553442919059,0.9928120721190374,0.12467366686606889,0.0016806214056153297,132651.9852615794,11173888.0,8,decay,6820,446955520,1.6386107411503372,
e11m-042,e11m,full,1048576,0.015511747721299656,0.7593682745365012,0.9998686935472705,0.004267752199716803,0.38544472828944537,7289.480300035837,11173888.0,1,stable,43,45088768,2.7212747951096827,
e11m-042,e11m,full,1048576,0.015511747721299656,0.7593682745365012,0.9998686935472705,0.004267752199716803,0.38544472828944537,7289.480300035837,11173888.0,2,stable,86,90177536,2.577762924315236,
e11m-042,e11m,full,1048576,0.015511747721299656,0.7593682745365012,0.9998686935472705,0.004267752199716803,0.38544472828944537,7289.480300035837,11173888.0,3,stable,129,135266304,2.4602599603280972,
e11m-042,e11m,full,1048576,0.015511747721299656,0.7593682745365012,0.9998686935472705,0.004267752199716803,0.38544472828944537,7289.480300035837,11173888.0,4,stable,172,180355072,2.4067910789781624,
e11m-043,e11m,full,524288,0.03667969989321118,0.9755554027099286,0.951695671247614,0.026539506007622712,0.6159008607389651,958949.5087478906,11173888.0,1,stable,85,44564480,2.734080990595696,
e11m-043,e11m,full,524288,0.03667969989321118,0.9755554027099286,0.951695671247614,0.026539506007622712,0.6159008607389651,958949.5087478906,11173888.0,2,stable,170,89128960,2.5795161040238193,
e11m-043,e11m,full,524288,0.03667969989321118,0.9755554027099286,0.951695671247614,0.026539506007622712,0.6159008607389651,958949.5087478906,11173888.0,3,stable,255,133693440,2.4413620907937985,
e11m-043,e11m,full,524288,0.03667969989321118,0.9755554027099286,0.951695671247614,0.026539506007622712,0.6159008607389651,958949.5087478906,11173888.0,4,stable,340,178257920,2.3131526781284912,
e11m-044,e11m,full,1048576,9.510631579441302e-05,0.9985747673148537,0.9955971531668263,0.0020332612218849325,0.6966376588080554,23244.18510737035,11173888.0,1,stable,43,45088768,3.6577004831396382,
e11m-044,e11m,full,1048576,9.510631579441302e-05,0.9985747673148537,0.9955971531668263,0.0020332612218849325,0.6966376588080554,23244.18510737035,11173888.0,2,stable,86,90177536,3.4908198501491534,
e11m-045,e11m,full,65536,1.0324726448399224e-05,0.996051563509171,0.9756430351085529,0.0015027280719871186,0.0024235867236290175,41101.41877880547,11173888.0,1,stable,682,44695552,3.584909825419996,
e11m-045,e11m,full,65536,1.0324726448399224e-05,0.996051563509171,0.9756430351085529,0.0015027280719871186,0.0024235867236290175,41101.41877880547,11173888.0,2,stable,1364,89391104,3.3484607957857215,
e11m-046,e11m,full,2097152,6.119626080581502e-05,0.9948846828975587,0.9998138598813598,0.010411305718966448,0.011087077978290626,68011.08438447666,11173888.0,1,stable,21,44040192,3.776128016258042,
e11m-046,e11m,full,2097152,6.119626080581502e-05,0.9948846828975587,0.9998138598813598,0.010411305718966448,0.011087077978290626,68011.08438447666,11173888.0,2,stable,42,88080384,3.719835529886887,
e11m-047,e11m,full,65536,0.05324401495246561,0.990536663832985,0.9428480727001329,0.0487842339658549,0.30134166877387586,14461.60357498496,11173888.0,1,stable,682,44695552,2.6714498090244976,
e11m-047,e11m,full,65536,0.05324401495246561,0.990536663832985,0.9428480727001329,0.0487842339658549,0.30134166877387586,14461.60357498496,11173888.0,2,stable,1364,89391104,5.636236757496866,
e11m-048,e11m,full,32768,0.0015798407499541648,0.9532512109482464,0.99638713271744,0.11606139861031828,0.0004285539588350283,9851.748752386475,11173888.0,1,stable,1364,44695552,2.1032852731526517,
e11m-048,e11m,full,32768,0.0015798407499541648,0.9532512109482464,0.99638713271744,0.11606139861031828,0.0004285539588350283,9851.748752386475,11173888.0,2,stable,2728,89391104,1.7102485032516284,
e11m-048,e11m,full,32768,0.0015798407499541648,0.9532512109482464,0.99638713271744,0.11606139861031828,0.0004285539588350283,9851.748752386475,11173888.0,3,stable,4092,134086656,1.6427067747411819,
e11m-048,e11m,full,32768,0.0015798407499541648,0.9532512109482464,0.99638713271744,0.11606139861031828,0.0004285539588350283,9851.748752386475,11173888.0,3,decay,5115,167608320,1.5808174558849932,
e11m-048,e11m,full,32768,0.0015798407499541648,0.9532512109482464,0.99638713271744,0.11606139861031828,0.0004285539588350283,9851.748752386475,11173888.0,4,stable,5456,178782208,1.6109597579281865,
e11m-048,e11m,full,32768,0.0015798407499541648,0.9532512109482464,0.99638713271744,0.11606139861031828,0.0004285539588350283,9851.748752386475,11173888.0,4,decay,6820,223477760,1.5549209387772853,
e11m-048,e11m,full,32768,0.0015798407499541648,0.9532512109482464,0.99638713271744,0.11606139861031828,0.0004285539588350283,9851.748752386475,11173888.0,5,stable,6820,223477760,1.5906208622684688,
e11m-048,e11m,full,32768,0.0015798407499541648,0.9532512109482464,0.99638713271744,0.11606139861031828,0.0004285539588350283,9851.748752386475,11173888.0,5,decay,8525,279347200,1.5376343230304121,
e11m-048,e11m,full,32768,0.0015798407499541648,0.9532512109482464,0.99638713271744,0.11606139861031828,0.0004285539588350283,9851.748752386475,11173888.0,6,stable,8184,268173312,1.5736618082638076,
e11m-048,e11m,full,32768,0.0015798407499541648,0.9532512109482464,0.99638713271744,0.11606139861031828,0.0004285539588350283,9851.748752386475,11173888.0,6,decay,10230,335216640,1.5260882097160298,
e11m-048,e11m,full,32768,0.0015798407499541648,0.9532512109482464,0.99638713271744,0.11606139861031828,0.0004285539588350283,9851.748752386475,11173888.0,7,stable,9548,312868864,1.5639150138274773,
e11m-048,e11m,full,32768,0.0015798407499541648,0.9532512109482464,0.99638713271744,0.11606139861031828,0.0004285539588350283,9851.748752386475,11173888.0,7,decay,11935,391086080,1.517062169208275,
e11m-048,e11m,full,32768,0.0015798407499541648,0.9532512109482464,0.99638713271744,0.11606139861031828,0.0004285539588350283,9851.748752386475,11173888.0,8,stable,10912,357564416,1.5527051649672912,
e11m-048,e11m,full,32768,0.0015798407499541648,0.9532512109482464,0.99638713271744,0.11606139861031828,0.0004285539588350283,9851.748752386475,11173888.0,8,decay,13640,446955520,1.5103204509698922,
e11m-049,e11m,full,524288,0.034524064155814216,0.9318658980532236,0.9997076297230212,0.0017442055314960694,0.034102192752125275,71266.2893630949,11173888.0,1,stable,85,44564480,2.6789354616602066,
e11m-049,e11m,full,524288,0.034524064155814216,0.9318658980532236,0.9997076297230212,0.0017442055314960694,0.034102192752125275,71266.2893630949,11173888.0,2,stable,170,89128960,2.5814902502801873,
e11m-049,e11m,full,524288,0.034524064155814216,0.9318658980532236,0.9997076297230212,0.0017442055314960694,0.034102192752125275,71266.2893630949,11173888.0,3,stable,255,133693440,2.4717569481342623,
e11m-049,e11m,full,524288,0.034524064155814216,0.9318658980532236,0.9997076297230212,0.0017442055314960694,0.034102192752125275,71266.2893630949,11173888.0,4,stable,340,178257920,2.3903620200411764,
e11m-050,e11m,full,1048576,0.0007913561350181385,0.9957311874042455,0.9987914799468666,0.004573550730062222,0.00019638147800072933,7715.856708984999,11173888.0,1,stable,43,45088768,2.957067107448473,
e11m-050,e11m,full,1048576,0.0007913561350181385,0.9957311874042455,0.9987914799468666,0.004573550730062222,0.00019638147800072933,7715.856708984999,11173888.0,2,stable,86,90177536,2.7313157728640705,
e11m-051,e11m,full,131072,0.00016772116763260055,0.9959577415593518,0.9986623839128115,0.002118393054002744,0.0020780705740322744,37833.78141241137,11173888.0,1,stable,341,44695552,2.802113002243422,
e11m-051,e11m,full,131072,0.00016772116763260055,0.9959577415593518,0.9986623839128115,0.002118393054002744,0.0020780705740322744,37833.78141241137,11173888.0,2,stable,682,89391104,2.6370619319554356,
e11m-052,e11m,full,1048576,1.6843213079035347e-05,0.9874261989804105,0.9440966967075994,0.0020167988507986336,0.015317615175578772,8510.72065938975,11173888.0,1,stable,43,45088768,3.80321089204653,
e11m-052,e11m,full,1048576,1.6843213079035347e-05,0.9874261989804105,0.9440966967075994,0.0020167988507986336,0.015317615175578772,8510.72065938975,11173888.0,2,stable,86,90177536,3.7714210193157895,
e11m-053,e11m,full,524288,1.4082562773012238e-05,0.9898651913916157,0.9804387443912423,0.04404004314857252,0.22310192427909545,1030738.0785731346,11173888.0,1,stable,85,44564480,3.793229784124392,
e11m-053,e11m,full,524288,1.4082562773012238e-05,0.9898651913916157,0.9804387443912423,0.04404004314857252,0.22310192427909545,1030738.0785731346,11173888.0,2,stable,170,89128960,3.7448530841872083,
e11m-054,e11m,full,2097152,0.010383700367173402,0.942197721620018,0.9918117102242766,0.005208657798197896,0.0036249939684901305,73826.2539693997,11173888.0,1,stable,21,44040192,2.840744363161421,
e11m-054,e11m,full,2097152,0.010383700367173402,0.942197721620018,0.9918117102242766,0.005208657798197896,0.0036249939684901305,73826.2539693997,11173888.0,2,stable,42,88080384,2.8189589007062077,
e11m-055,e11m,full,32768,0.08008049745690894,0.991213103004632,0.989602448467905,0.002682436307360271,0.005236370472943273,4423.016362946547,11173888.0,1,stable,1364,44695552,2.4581787782977145,
e11m-055,e11m,full,32768,0.08008049745690894,0.991213103004632,0.989602448467905,0.002682436307360271,0.005236370472943273,4423.016362946547,11173888.0,2,stable,2728,89391104,2.304390046134731,
e11m-055,e11m,full,32768,0.08008049745690894,0.991213103004632,0.989602448467905,0.002682436307360271,0.005236370472943273,4423.016362946547,11173888.0,3,stable,4092,134086656,2.1641317761103984,
e11m-055,e11m,full,32768,0.08008049745690894,0.991213103004632,0.989602448467905,0.002682436307360271,0.005236370472943273,4423.016362946547,11173888.0,3,decay,5115,167608320,2.072123566374128,
e11m-055,e11m,full,32768,0.08008049745690894,0.991213103004632,0.989602448467905,0.002682436307360271,0.005236370472943273,4423.016362946547,11173888.0,4,stable,5456,178782208,2.079667094846339,
e11m-055,e11m,full,32768,0.08008049745690894,0.991213103004632,0.989602448467905,0.002682436307360271,0.005236370472943273,4423.016362946547,11173888.0,4,decay,6820,223477760,1.9654575312298395,
e11m-055,e11m,full,32768,0.08008049745690894,0.991213103004632,0.989602448467905,0.002682436307360271,0.005236370472943273,4423.016362946547,11173888.0,5,stable,6820,223477760,1.9676859280842653,
e11m-055,e11m,full,32768,0.08008049745690894,0.991213103004632,0.989602448467905,0.002682436307360271,0.005236370472943273,4423.016362946547,11173888.0,5,decay,8525,279347200,1.7605985723136328,
e11m-055,e11m,full,32768,0.08008049745690894,0.991213103004632,0.989602448467905,0.002682436307360271,0.005236370472943273,4423.016362946547,11173888.0,6,stable,8184,268173312,1.7877088262773067,
e11m-055,e11m,full,32768,0.08008049745690894,0.991213103004632,0.989602448467905,0.002682436307360271,0.005236370472943273,4423.016362946547,11173888.0,6,decay,10230,335216640,1.665065506400239,
e11m-055,e11m,full,32768,0.08008049745690894,0.991213103004632,0.989602448467905,0.002682436307360271,0.005236370472943273,4423.016362946547,11173888.0,7,stable,9548,312868864,1.7231141885260475,
e11m-055,e11m,full,32768,0.08008049745690894,0.991213103004632,0.989602448467905,0.002682436307360271,0.005236370472943273,4423.016362946547,11173888.0,7,decay,11935,391086080,1.6194288538188066,
e11m-055,e11m,full,32768,0.08008049745690894,0.991213103004632,0.989602448467905,0.002682436307360271,0.005236370472943273,4423.016362946547,11173888.0,8,stable,10912,357564416,1.6851480376641004,
e11m-055,e11m,full,32768,0.08008049745690894,0.991213103004632,0.989602448467905,0.002682436307360271,0.005236370472943273,4423.016362946547,11173888.0,8,decay,13640,446955520,1.5917707161928945,
e11m-056,e11m,full,524288,0.0037164392066258473,0.8918322839012965,0.9996506422571815,0.013576077994910852,0.07142437198632129,47545.68804421123,11173888.0,1,stable,85,44564480,2.636237514232721,
e11m-056,e11m,full,524288,0.0037164392066258473,0.8918322839012965,0.9996506422571815,0.013576077994910852,0.07142437198632129,47545.68804421123,11173888.0,2,stable,170,89128960,2.4626593782191972,
e11m-056,e11m,full,524288,0.0037164392066258473,0.8918322839012965,0.9996506422571815,0.013576077994910852,0.07142437198632129,47545.68804421123,11173888.0,3,stable,255,133693440,2.3330593229446968,
e11m-056,e11m,full,524288,0.0037164392066258473,0.8918322839012965,0.9996506422571815,0.013576077994910852,0.07142437198632129,47545.68804421123,11173888.0,4,stable,340,178257920,2.233508212283356,
e11m-057,e11m,full,131072,0.05284344687543977,0.992119049004826,0.9514386265443643,0.004980915210967442,0.0010276057687430133,43389.087689940185,11173888.0,1,stable,341,44695552,3.319566149015246,
e11m-057,e11m,full,131072,0.05284344687543977,0.992119049004826,0.9514386265443643,0.004980915210967442,0.0010276057687430133,43389.087689940185,11173888.0,2,stable,682,89391104,12.069237966052402,
e11m-058,e11m,full,524288,0.008879801735235008,0.9948659573965757,0.9839081872729565,0.0012410729802846902,0.003185222333773134,1540.0214807785167,11173888.0,1,stable,85,44564480,2.7523828756323234,
e11m-058,e11m,full,524288,0.008879801735235008,0.9948659573965757,0.9839081872729565,0.0012410729802846902,0.003185222333773134,1540.0214807785167,11173888.0,2,stable,170,89128960,2.670791022297126,
e11m-059,e11m,full,2097152,5.472954907073262e-05,0.857928874476693,0.9824596876720998,0.006099446006012857,0.024875189874004132,4036.344469964905,11173888.0,1,stable,21,44040192,3.771476121850936,
e11m-059,e11m,full,2097152,5.472954907073262e-05,0.857928874476693,0.9824596876720998,0.006099446006012857,0.024875189874004132,4036.344469964905,11173888.0,2,stable,42,88080384,3.707209822931135,
e11m-060,e11m,full,1048576,0.0013030833146720777,0.9421770288207213,0.9997340112000006,0.04345530467998142,0.006208789083814992,44419.009605638734,11173888.0,1,stable,43,45088768,2.8140692217679817,
e11m-060,e11m,full,1048576,0.0013030833146720777,0.9421770288207213,0.9997340112000006,0.04345530467998142,0.006208789083814992,44419.009605638734,11173888.0,2,stable,86,90177536,2.6357166071690195,
e11m-060,e11m,full,1048576,0.0013030833146720777,0.9421770288207213,0.9997340112000006,0.04345530467998142,0.006208789083814992,44419.009605638734,11173888.0,3,stable,129,135266304,2.5322517473060033,
e11m-060,e11m,full,1048576,0.0013030833146720777,0.9421770288207213,0.9997340112000006,0.04345530467998142,0.006208789083814992,44419.009605638734,11173888.0,4,stable,172,180355072,2.439233352494248,
e11m-061,e11m,full,32768,3.27268993936192e-05,0.7233483421102912,0.9968378603094508,0.041266274582327254,0.11943178496606825,795601.7188450556,11173888.0,1,stable,1364,44695552,2.935249450239119,
e11m-061,e11m,full,32768,3.27268993936192e-05,0.7233483421102912,0.9968378603094508,0.041266274582327254,0.11943178496606825,795601.7188450556,11173888.0,2,stable,2728,89391104,2.6607693742021796,
e11m-062,e11m,full,524288,0.0003186481910888525,0.9507979810537494,0.9998204141518071,0.002121209185239835,0.19405013863111636,30213.679962243306,11173888.0,1,stable,85,44564480,2.988699149872652,
e11m-062,e11m,full,524288,0.0003186481910888525,0.9507979810537494,0.9998204141518071,0.002121209185239835,0.19405013863111636,30213.679962243306,11173888.0,2,stable,170,89128960,2.707747109785107,
e11m-063,e11m,full,262144,0.015830385514220134,0.9786602155662263,0.9998809765360809,0.012202533191498372,0.14700867552931088,49050.31886532238,11173888.0,1,stable,170,44564480,2.6146495173240396,
e11m-063,e11m,full,262144,0.015830385514220134,0.9786602155662263,0.9998809765360809,0.012202533191498372,0.14700867552931088,49050.31886532238,11173888.0,2,stable,340,89128960,2.490002598600151,
e11m-063,e11m,full,262144,0.015830385514220134,0.9786602155662263,0.9998809765360809,0.012202533191498372,0.14700867552931088,49050.31886532238,11173888.0,3,stable,510,133693440,2.3696660483549925,
e11m-063,e11m,full,262144,0.015830385514220134,0.9786602155662263,0.9998809765360809,0.012202533191498372,0.14700867552931088,49050.31886532238,11173888.0,4,stable,680,178257920,2.258917705778354,
e11m-064,e11m,full,131072,0.0008669572161378262,0.8253333613632995,0.9988364600059548,0.002408915191087945,0.002830883484095043,3371.4766744179806,11173888.0,1,stable,341,44695552,2.2826934241708017,
e11m-064,e11m,full,131072,0.0008669572161378262,0.8253333613632995,0.9988364600059548,0.002408915191087945,0.002830883484095043,3371.4766744179806,11173888.0,2,stable,682,89391104,2.0643797890384796,
e11m-064,e11m,full,131072,0.0008669572161378262,0.8253333613632995,0.9988364600059548,0.002408915191087945,0.002830883484095043,3371.4766744179806,11173888.0,3,stable,1023,134086656,1.8983038710513813,
e11m-064,e11m,full,131072,0.0008669572161378262,0.8253333613632995,0.9988364600059548,0.002408915191087945,0.002830883484095043,3371.4766744179806,11173888.0,3,decay,1279,167641088,1.787162253799887,
e11m-064,e11m,full,131072,0.0008669572161378262,0.8253333613632995,0.9988364600059548,0.002408915191087945,0.002830883484095043,3371.4766744179806,11173888.0,4,stable,1364,178782208,1.7348445827194132,
e11m-064,e11m,full,131072,0.0008669572161378262,0.8253333613632995,0.9988364600059548,0.002408915191087945,0.002830883484095043,3371.4766744179806,11173888.0,4,decay,1705,223477760,1.673029609797886,
e11m-064,e11m,full,131072,0.0008669572161378262,0.8253333613632995,0.9988364600059548,0.002408915191087945,0.002830883484095043,3371.4766744179806,11173888.0,5,stable,1705,223477760,1.6712215358175166,
e11m-064,e11m,full,131072,0.0008669572161378262,0.8253333613632995,0.9988364600059548,0.002408915191087945,0.002830883484095043,3371.4766744179806,11173888.0,5,decay,2131,279314432,1.6251691084309485,
e11m-064,e11m,full,131072,0.0008669572161378262,0.8253333613632995,0.9988364600059548,0.002408915191087945,0.002830883484095043,3371.4766744179806,11173888.0,6,stable,2046,268173312,1.6350283266496854,
e11m-064,e11m,full,131072,0.0008669572161378262,0.8253333613632995,0.9988364600059548,0.002408915191087945,0.002830883484095043,3371.4766744179806,11173888.0,6,decay,2558,335282176,1.598124376785635,
e11m-064,e11m,full,131072,0.0008669572161378262,0.8253333613632995,0.9988364600059548,0.002408915191087945,0.002830883484095043,3371.4766744179806,11173888.0,7,stable,2387,312868864,1.615814128233729,
e11m-064,e11m,full,131072,0.0008669572161378262,0.8253333613632995,0.9988364600059548,0.002408915191087945,0.002830883484095043,3371.4766744179806,11173888.0,7,decay,2984,391118848,1.579018245164152,
e11m-064,e11m,full,131072,0.0008669572161378262,0.8253333613632995,0.9988364600059548,0.002408915191087945,0.002830883484095043,3371.4766744179806,11173888.0,8,stable,2728,357564416,1.6001555166315324,
e11m-064,e11m,full,131072,0.0008669572161378262,0.8253333613632995,0.9988364600059548,0.002408915191087945,0.002830883484095043,3371.4766744179806,11173888.0,8,decay,3410,446955520,1.565097519615308,
e11m-065,e11m,full,131072,4.291772851196472e-05,0.9357037362882626,0.9973247397322479,0.08529677804138883,0.33894734076056193,12593.30737191877,11173888.0,1,stable,341,44695552,3.4068640199577525,
e11m-065,e11m,full,131072,4.291772851196472e-05,0.9357037362882626,0.9973247397322479,0.08529677804138883,0.33894734076056193,12593.30737191877,11173888.0,2,stable,682,89391104,3.031492129012461,
e11m-066,e11m,full,524288,0.0015774478129723267,0.9882478013433438,0.9986161311830837,0.08110995009340345,0.002884040274572795,290216.03220917017,11173888.0,1,stable,85,44564480,2.7556216601764247,
e11m-066,e11m,full,524288,0.0015774478129723267,0.9882478013433438,0.9986161311830837,0.08110995009340345,0.002884040274572795,290216.03220917017,11173888.0,2,stable,170,89128960,2.623053529595698,
e11m-066,e11m,full,524288,0.0015774478129723267,0.9882478013433438,0.9986161311830837,0.08110995009340345,0.002884040274572795,290216.03220917017,11173888.0,3,stable,255,133693440,2.5329420778296816,
e11m-066,e11m,full,524288,0.0015774478129723267,0.9882478013433438,0.9986161311830837,0.08110995009340345,0.002884040274572795,290216.03220917017,11173888.0,4,stable,340,178257920,2.462034177214566,
e11m-067,e11m,full,1048576,0.006841140571138791,0.9919114456294076,0.9986572475519729,0.0060042573958940535,0.0009113982802795526,75085.5573825469,11173888.0,1,stable,43,45088768,2.8408564839110375,
e11m-067,e11m,full,1048576,0.006841140571138791,0.9919114456294076,0.9986572475519729,0.0060042573958940535,0.0009113982802795526,75085.5573825469,11173888.0,2,stable,86,90177536,2.796162924484162,
e11m-068,e11m,full,131072,0.001754961218022743,0.9740752693399836,0.9433290625080847,0.0010001994312775003,0.02991940159565429,1675.096458522146,11173888.0,1,stable,341,44695552,2.3921640270497564,
e11m-068,e11m,full,131072,0.001754961218022743,0.9740752693399836,0.9433290625080847,0.0010001994312775003,0.02991940159565429,1675.096458522146,11173888.0,2,stable,682,89391104,2.178300667611774,
e11m-068,e11m,full,131072,0.001754961218022743,0.9740752693399836,0.9433290625080847,0.0010001994312775003,0.02991940159565429,1675.096458522146,11173888.0,3,stable,1023,134086656,2.019067186175141,
e11m-068,e11m,full,131072,0.001754961218022743,0.9740752693399836,0.9433290625080847,0.0010001994312775003,0.02991940159565429,1675.096458522146,11173888.0,3,decay,1279,167641088,1.9114989651588716,
e11m-068,e11m,full,131072,0.001754961218022743,0.9740752693399836,0.9433290625080847,0.0010001994312775003,0.02991940159565429,1675.096458522146,11173888.0,4,stable,1364,178782208,1.8355878876759177,
e11m-068,e11m,full,131072,0.001754961218022743,0.9740752693399836,0.9433290625080847,0.0010001994312775003,0.02991940159565429,1675.096458522146,11173888.0,4,decay,1705,223477760,1.7463339421240365,
e11m-068,e11m,full,131072,0.001754961218022743,0.9740752693399836,0.9433290625080847,0.0010001994312775003,0.02991940159565429,1675.096458522146,11173888.0,5,stable,1705,223477760,1.7439765346921177,
e11m-068,e11m,full,131072,0.001754961218022743,0.9740752693399836,0.9433290625080847,0.0010001994312775003,0.02991940159565429,1675.096458522146,11173888.0,5,decay,2131,279314432,1.6753242743985628,
e11m-068,e11m,full,131072,0.001754961218022743,0.9740752693399836,0.9433290625080847,0.0010001994312775003,0.02991940159565429,1675.096458522146,11173888.0,6,stable,2046,268173312,1.6932017821153518,
e11m-068,e11m,full,131072,0.001754961218022743,0.9740752693399836,0.9433290625080847,0.0010001994312775003,0.02991940159565429,1675.096458522146,11173888.0,6,decay,2558,335282176,1.6364358237759522,
e11m-068,e11m,full,131072,0.001754961218022743,0.9740752693399836,0.9433290625080847,0.0010001994312775003,0.02991940159565429,1675.096458522146,11173888.0,7,stable,2387,312868864,1.6652130601047943,
e11m-068,e11m,full,131072,0.001754961218022743,0.9740752693399836,0.9433290625080847,0.0010001994312775003,0.02991940159565429,1675.096458522146,11173888.0,7,decay,2984,391118848,1.6100137281603066,
e11m-068,e11m,full,131072,0.001754961218022743,0.9740752693399836,0.9433290625080847,0.0010001994312775003,0.02991940159565429,1675.096458522146,11173888.0,8,stable,2728,357564416,1.643166455800176,
e11m-068,e11m,full,131072,0.001754961218022743,0.9740752693399836,0.9433290625080847,0.0010001994312775003,0.02991940159565429,1675.096458522146,11173888.0,8,decay,3410,446955520,1.5917153685282108,
e11m-069,e11m,full,524288,0.04883929783760186,0.9116253858156395,0.9763975941686571,0.0021223090458453745,0.0003599015759518715,9469.770928296472,11173888.0,1,stable,85,44564480,2.6441401809158096,
e11m-069,e11m,full,524288,0.04883929783760186,0.9116253858156395,0.9763975941686571,0.0021223090458453745,0.0003599015759518715,9469.770928296472,11173888.0,2,stable,170,89128960,2.5190739700273443,
e11m-069,e11m,full,524288,0.04883929783760186,0.9116253858156395,0.9763975941686571,0.0021223090458453745,0.0003599015759518715,9469.770928296472,11173888.0,3,stable,255,133693440,2.4089341476005637,
e11m-069,e11m,full,524288,0.04883929783760186,0.9116253858156395,0.9763975941686571,0.0021223090458453745,0.0003599015759518715,9469.770928296472,11173888.0,4,stable,340,178257920,2.3138135904696906,
e11m-070,e11m,full,1048576,0.00012306782882670885,0.9956007395089671,0.9992425813747174,0.013847255872974014,0.00023041812696180742,2599.5392566030678,11173888.0,1,stable,43,45088768,3.62364887954194,
e11m-070,e11m,full,1048576,0.00012306782882670885,0.9956007395089671,0.9992425813747174,0.013847255872974014,0.00023041812696180742,2599.5392566030678,11173888.0,2,stable,86,90177536,3.4182878994527655,
e11m-071,e11m,full,524288,0.0035825289855633716,0.9470730147856786,0.9997897742495352,0.0012658379864797485,0.3138075462991774,11255.181070273398,11173888.0,1,stable,85,44564480,2.663469336667564,
e11m-071,e11m,full,524288,0.0035825289855633716,0.9470730147856786,0.9997897742495352,0.0012658379864797485,0.3138075462991774,11255.181070273398,11173888.0,2,stable,170,89128960,2.5025889905288254,
e11m-071,e11m,full,524288,0.0035825289855633716,0.9470730147856786,0.9997897742495352,0.0012658379864797485,0.3138075462991774,11255.181070273398,11173888.0,3,stable,255,133693440,2.3983872200949916,
e11m-071,e11m,full,524288,0.0035825289855633716,0.9470730147856786,0.9997897742495352,0.0012658379864797485,0.3138075462991774,11255.181070273398,11173888.0,4,stable,340,178257920,2.307983823460577,
e11m-072,e11m,full,65536,0.00017391424346478599,0.7225366645107746,0.9750188776272702,0.0015905623153612814,0.020561039510349852,14770.834544993442,11173888.0,1,stable,682,44695552,2.515400306831069,
e11m-072,e11m,full,65536,0.00017391424346478599,0.7225366645107746,0.9750188776272702,0.0015905623153612814,0.020561039510349852,14770.834544993442,11173888.0,2,stable,1364,89391104,2.3453149696963944,
e11m-072,e11m,full,65536,0.00017391424346478599,0.7225366645107746,0.9750188776272702,0.0015905623153612814,0.020561039510349852,14770.834544993442,11173888.0,3,stable,2046,134086656,2.231747061595457,
e11m-072,e11m,full,65536,0.00017391424346478599,0.7225366645107746,0.9750188776272702,0.0015905623153612814,0.020561039510349852,14770.834544993442,11173888.0,4,stable,2728,178782208,2.1420305814877065,
e11m-072,e11m,full,65536,0.00017391424346478599,0.7225366645107746,0.9750188776272702,0.0015905623153612814,0.020561039510349852,14770.834544993442,11173888.0,5,stable,3410,223477760,2.045375722651467,
e11m-072,e11m,full,65536,0.00017391424346478599,0.7225366645107746,0.9750188776272702,0.0015905623153612814,0.020561039510349852,14770.834544993442,11173888.0,6,stable,4092,268173312,1.9429916295931124,
e11m-072,e11m,full,65536,0.00017391424346478599,0.7225366645107746,0.9750188776272702,0.0015905623153612814,0.020561039510349852,14770.834544993442,11173888.0,7,stable,4774,312868864,1.867194039452494,
e11m-072,e11m,full,65536,0.00017391424346478599,0.7225366645107746,0.9750188776272702,0.0015905623153612814,0.020561039510349852,14770.834544993442,11173888.0,8,stable,5456,357564416,1.8075081506578832,
e11m-072,e11m,full,65536,0.00017391424346478599,0.7225366645107746,0.9750188776272702,0.0015905623153612814,0.020561039510349852,14770.834544993442,11173888.0,8,decay,6820,446955520,1.7529561489239143,
e11m-073,e11m,full,262144,0.07472272235320339,0.71264932442023,0.9997880413510177,0.02073542754824466,0.14513268631174536,6064.2843595369595,11173888.0,1,stable,170,44564480,2.518624471548633,
e11m-073,e11m,full,262144,0.07472272235320339,0.71264932442023,0.9997880413510177,0.02073542754824466,0.14513268631174536,6064.2843595369595,11173888.0,2,stable,340,89128960,2.326035663937236,
e11m-073,e11m,full,262144,0.07472272235320339,0.71264932442023,0.9997880413510177,0.02073542754824466,0.14513268631174536,6064.2843595369595,11173888.0,3,stable,510,133693440,2.262672980440246,
e11m-073,e11m,full,262144,0.07472272235320339,0.71264932442023,0.9997880413510177,0.02073542754824466,0.14513268631174536,6064.2843595369595,11173888.0,4,stable,680,178257920,2.1155577665299043,
e11m-073,e11m,full,262144,0.07472272235320339,0.71264932442023,0.9997880413510177,0.02073542754824466,0.14513268631174536,6064.2843595369595,11173888.0,5,stable,850,222822400,2.535028395721099,
e11m-073,e11m,full,262144,0.07472272235320339,0.71264932442023,0.9997880413510177,0.02073542754824466,0.14513268631174536,6064.2843595369595,11173888.0,6,stable,1020,267386880,2.1479945415320327,
e11m-073,e11m,full,262144,0.07472272235320339,0.71264932442023,0.9997880413510177,0.02073542754824466,0.14513268631174536,6064.2843595369595,11173888.0,7,stable,1190,311951360,2.12547846402763,
e11m-073,e11m,full,262144,0.07472272235320339,0.71264932442023,0.9997880413510177,0.02073542754824466,0.14513268631174536,6064.2843595369595,11173888.0,8,stable,1360,356515840,2.0965211962709653,
e11m-073,e11m,full,262144,0.07472272235320339,0.71264932442023,0.9997880413510177,0.02073542754824466,0.14513268631174536,6064.2843595369595,11173888.0,8,decay,1700,445644800,1.945580396050714,
e11m-074,e11m,full,32768,0.006847986996300015,0.9721229893424627,0.9726340310419149,0.02308405596682228,0.006586911736955874,23030.952756879557,11173888.0,1,stable,1364,44695552,2.224496194792958,
e11m-074,e11m,full,32768,0.006847986996300015,0.9721229893424627,0.9726340310419149,0.02308405596682228,0.006586911736955874,23030.952756879557,11173888.0,2,stable,2728,89391104,1.9635920219947076,
e11m-074,e11m,full,32768,0.006847986996300015,0.9721229893424627,0.9726340310419149,0.02308405596682228,0.006586911736955874,23030.952756879557,11173888.0,3,stable,4092,134086656,1.780923196181412,
e11m-074,e11m,full,32768,0.006847986996300015,0.9721229893424627,0.9726340310419149,0.02308405596682228,0.006586911736955874,23030.952756879557,11173888.0,3,decay,5115,167608320,1.6833375795884025,
e11m-074,e11m,full,32768,0.006847986996300015,0.9721229893424627,0.9726340310419149,0.02308405596682228,0.006586911736955874,23030.952756879557,11173888.0,4,stable,5456,178782208,1.7160865123166527,
e11m-074,e11m,full,32768,0.006847986996300015,0.9721229893424627,0.9726340310419149,0.02308405596682228,0.006586911736955874,23030.952756879557,11173888.0,4,decay,6820,223477760,1.629676414825966,
e11m-074,e11m,full,32768,0.006847986996300015,0.9721229893424627,0.9726340310419149,0.02308405596682228,0.006586911736955874,23030.952756879557,11173888.0,5,stable,6820,223477760,1.6799691409630741,
e11m-074,e11m,full,32768,0.006847986996300015,0.9721229893424627,0.9726340310419149,0.02308405596682228,0.006586911736955874,23030.952756879557,11173888.0,5,decay,8525,279347200,1.597907666577761,
e11m-074,e11m,full,32768,0.006847986996300015,0.9721229893424627,0.9726340310419149,0.02308405596682228,0.006586911736955874,23030.952756879557,11173888.0,6,stable,8184,268173312,1.6503768956630067,
e11m-074,e11m,full,32768,0.006847986996300015,0.9721229893424627,0.9726340310419149,0.02308405596682228,0.006586911736955874,23030.952756879557,11173888.0,6,decay,10230,335216640,1.5760036288762183,
e11m-074,e11m,full,32768,0.006847986996300015,0.9721229893424627,0.9726340310419149,0.02308405596682228,0.006586911736955874,23030.952756879557,11173888.0,7,stable,9548,312868864,1.6340047007744831,
e11m-074,e11m,full,32768,0.006847986996300015,0.9721229893424627,0.9726340310419149,0.02308405596682228,0.006586911736955874,23030.952756879557,11173888.0,7,decay,11935,391086080,1.5617204451284408,
e11m-074,e11m,full,32768,0.006847986996300015,0.9721229893424627,0.9726340310419149,0.02308405596682228,0.006586911736955874,23030.952756879557,11173888.0,8,stable,10912,357564416,1.6202668511707128,
e11m-074,e11m,full,32768,0.006847986996300015,0.9721229893424627,0.9726340310419149,0.02308405596682228,0.006586911736955874,23030.952756879557,11173888.0,8,decay,13640,446955520,1.5501440920507419,
e11m-075,e11m,full,524288,0.0002325177065992157,0.9616208779689125,0.9993816453061739,0.01485957711132062,0.00012118032174938521,11060.807704710965,11173888.0,1,stable,85,44564480,3.1665283192614355,
e11m-075,e11m,full,524288,0.0002325177065992157,0.9616208779689125,0.9993816453061739,0.01485957711132062,0.00012118032174938521,11060.807704710965,11173888.0,2,stable,170,89128960,2.8339538996641425,
e11m-076,e11m,full,524288,0.01820165651936329,0.9466046758009323,0.9900072788244868,0.005280580211622578,0.0007376398288878888,348133.6081810594,11173888.0,1,stable,85,44564480,2.7144239647358286,
e11m-076,e11m,full,524288,0.01820165651936329,0.9466046758009323,0.9900072788244868,0.005280580211622578,0.0007376398288878888,348133.6081810594,11173888.0,2,stable,170,89128960,2.535215452223174,
e11m-076,e11m,full,524288,0.01820165651936329,0.9466046758009323,0.9900072788244868,0.005280580211622578,0.0007376398288878888,348133.6081810594,11173888.0,3,stable,255,133693440,2.4403537890804268,
e11m-076,e11m,full,524288,0.01820165651936329,0.9466046758009323,0.9900072788244868,0.005280580211622578,0.0007376398288878888,348133.6081810594,11173888.0,4,stable,340,178257920,2.3670109358964337,
e11m-077,e11m,full,32768,8.409737407441565e-05,0.986722032232993,0.9565773386474686,0.0025600050278001096,0.006117439585283204,247599.05256454117,11173888.0,1,stable,1364,44695552,2.5937361718429974,
e11m-077,e11m,full,32768,8.409737407441565e-05,0.986722032232993,0.9565773386474686,0.0025600050278001096,0.006117439585283204,247599.05256454117,11173888.0,2,stable,2728,89391104,2.4250779847197146,
e11m-077,e11m,full,32768,8.409737407441565e-05,0.986722032232993,0.9565773386474686,0.0025600050278001096,0.006117439585283204,247599.05256454117,11173888.0,3,stable,4092,134086656,2.307946364206326,
e11m-077,e11m,full,32768,8.409737407441565e-05,0.986722032232993,0.9565773386474686,0.0025600050278001096,0.006117439585283204,247599.05256454117,11173888.0,4,stable,5456,178782208,2.221620206521821,
e11m-077,e11m,full,32768,8.409737407441565e-05,0.986722032232993,0.9565773386474686,0.0025600050278001096,0.006117439585283204,247599.05256454117,11173888.0,5,stable,6820,223477760,2.1575132787150486,
e11m-077,e11m,full,32768,8.409737407441565e-05,0.986722032232993,0.9565773386474686,0.0025600050278001096,0.006117439585283204,247599.05256454117,11173888.0,6,stable,8184,268173312,2.1004745104722167,
e11m-077,e11m,full,32768,8.409737407441565e-05,0.986722032232993,0.9565773386474686,0.0025600050278001096,0.006117439585283204,247599.05256454117,11173888.0,7,stable,9548,312868864,2.054127272863954,
e11m-077,e11m,full,32768,8.409737407441565e-05,0.986722032232993,0.9565773386474686,0.0025600050278001096,0.006117439585283204,247599.05256454117,11173888.0,8,stable,10912,357564416,2.0026192054399847,
e11m-077,e11m,full,32768,8.409737407441565e-05,0.986722032232993,0.9565773386474686,0.0025600050278001096,0.006117439585283204,247599.05256454117,11173888.0,8,decay,13640,446955520,1.924978155354744,
e11m-078,e11m,full,2097152,0.0070168837998052045,0.9461517736597611,0.9986337851391194,0.07554976804894768,0.5429993979170559,535782.6995360716,11173888.0,1,stable,21,44040192,2.836346197754694,
e11m-078,e11m,full,2097152,0.0070168837998052045,0.9461517736597611,0.9986337851391194,0.07554976804894768,0.5429993979170559,535782.6995360716,11173888.0,2,stable,42,88080384,2.7670964741495374,
e11m-079,e11m,full,131072,0.0005463944252450335,0.9926765042178501,0.9928199937245179,0.08216562375410029,0.004570149497134429,10944.22228307768,11173888.0,1,stable,341,44695552,2.7159062598206294,
e11m-079,e11m,full,131072,0.0005463944252450335,0.9926765042178501,0.9928199937245179,0.08216562375410029,0.004570149497134429,10944.22228307768,11173888.0,2,stable,682,89391104,2.5511247953556446,
e11m-079,e11m,full,131072,0.0005463944252450335,0.9926765042178501,0.9928199937245179,0.08216562375410029,0.004570149497134429,10944.22228307768,11173888.0,3,stable,1023,134086656,2.433562015071339,
e11m-079,e11m,full,131072,0.0005463944252450335,0.9926765042178501,0.9928199937245179,0.08216562375410029,0.004570149497134429,10944.22228307768,11173888.0,4,stable,1364,178782208,2.3349160255764816,
e11m-080,e11m,full,32768,0.04305581086309731,0.99245485136108,0.9998819324876124,0.1044553664451187,0.2624637988732634,1883.3955896486573,11173888.0,1,stable,1364,44695552,2.3348522339974465,
e11m-080,e11m,full,32768,0.04305581086309731,0.99245485136108,0.9998819324876124,0.1044553664451187,0.2624637988732634,1883.3955896486573,11173888.0,2,stable,2728,89391104,1.905442795540932,
e11m-080,e11m,full,32768,0.04305581086309731,0.99245485136108,0.9998819324876124,0.1044553664451187,0.2624637988732634,1883.3955896486573,11173888.0,3,stable,4092,134086656,1.8047427293542688,
e11m-080,e11m,full,32768,0.04305581086309731,0.99245485136108,0.9998819324876124,0.1044553664451187,0.2624637988732634,1883.3955896486573,11173888.0,4,stable,5456,178782208,1.7908720635351951,
e11m-080,e11m,full,32768,0.04305581086309731,0.99245485136108,0.9998819324876124,0.1044553664451187,0.2624637988732634,1883.3955896486573,11173888.0,5,stable,6820,223477760,1.7509136245534647,
e11m-080,e11m,full,32768,0.04305581086309731,0.99245485136108,0.9998819324876124,0.1044553664451187,0.2624637988732634,1883.3955896486573,11173888.0,6,stable,8184,268173312,1.7376153390364837,
e11m-080,e11m,full,32768,0.04305581086309731,0.99245485136108,0.9998819324876124,0.1044553664451187,0.2624637988732634,1883.3955896486573,11173888.0,7,stable,9548,312868864,1.7291738718557297,
e11m-080,e11m,full,32768,0.04305581086309731,0.99245485136108,0.9998819324876124,0.1044553664451187,0.2624637988732634,1883.3955896486573,11173888.0,8,stable,10912,357564416,1.7186035359983962,
e11m-080,e11m,full,32768,0.04305581086309731,0.99245485136108,0.9998819324876124,0.1044553664451187,0.2624637988732634,1883.3955896486573,11173888.0,8,decay,13640,446955520,1.6139612918654287,
e11m-081,e11m,full,262144,0.00034140985991877154,0.9228271277526952,0.9996658832953218,0.0011277815939602397,0.09916887420231081,5722.724768470532,11173888.0,1,stable,170,44564480,2.7046450040181726,
e11m-081,e11m,full,262144,0.00034140985991877154,0.9228271277526952,0.9996658832953218,0.0011277815939602397,0.09916887420231081,5722.724768470532,11173888.0,2,stable,340,89128960,2.475175171013445,
e11m-081,e11m,full,262144,0.00034140985991877154,0.9228271277526952,0.9996658832953218,0.0011277815939602397,0.09916887420231081,5722.724768470532,11173888.0,3,stable,510,133693440,2.3435309415327827,
e11m-081,e11m,full,262144,0.00034140985991877154,0.9228271277526952,0.9996658832953218,0.0011277815939602397,0.09916887420231081,5722.724768470532,11173888.0,4,stable,680,178257920,2.245429048201215,
e11m-082,e11m,full,1048576,0.006580567782523594,0.980380766393029,0.9963230978393716,0.003757657004091063,0.00843433257141401,5606.3381529442795,11173888.0,1,stable,43,45088768,2.840041430106019,
e11m-082,e11m,full,1048576,0.006580567782523594,0.980380766393029,0.9963230978393716,0.003757657004091063,0.00843433257141401,5606.3381529442795,11173888.0,2,stable,86,90177536,2.797393005515545,
e11m-083,e11m,full,2097152,0.00013717692359663613,0.9511589114192938,0.9996899213317684,0.0015201621823808444,0.14437379845294296,7938.161932230669,11173888.0,1,stable,21,44040192,3.699664318681919,
e11m-083,e11m,full,2097152,0.00013717692359663613,0.9511589114192938,0.9996899213317684,0.0015201621823808444,0.14437379845294296,7938.161932230669,11173888.0,2,stable,42,88080384,3.563584774079822,
e11m-084,e11m,full,1048576,0.010954584012798597,0.989861406294032,0.9855239876651635,0.11768463008806658,0.006187248781326923,37156.68788287408,11173888.0,1,stable,43,45088768,2.7735928112063624,
e11m-084,e11m,full,1048576,0.010954584012798597,0.989861406294032,0.9855239876651635,0.11768463008806658,0.006187248781326923,37156.68788287408,11173888.0,2,stable,86,90177536,2.6961647396627595,
e11m-085,e11m,full,131072,0.0003018668041876374,0.9668050220371739,0.9477613023954206,0.09011288851282305,0.0005940392837678017,61074.55811108172,11173888.0,1,stable,341,44695552,2.6741524225272455,
e11m-085,e11m,full,131072,0.0003018668041876374,0.9668050220371739,0.9477613023954206,0.09011288851282305,0.0005940392837678017,61074.55811108172,11173888.0,2,stable,682,89391104,2.4086907235146913,
e11m-085,e11m,full,131072,0.0003018668041876374,0.9668050220371739,0.9477613023954206,0.09011288851282305,0.0005940392837678017,61074.55811108172,11173888.0,3,stable,1023,134086656,2.262787919103444,
e11m-085,e11m,full,131072,0.0003018668041876374,0.9668050220371739,0.9477613023954206,0.09011288851282305,0.0005940392837678017,61074.55811108172,11173888.0,4,stable,1364,178782208,2.1611503223730892,
e11m-085,e11m,full,131072,0.0003018668041876374,0.9668050220371739,0.9477613023954206,0.09011288851282305,0.0005940392837678017,61074.55811108172,11173888.0,5,stable,1705,223477760,2.0778443788184187,
e11m-085,e11m,full,131072,0.0003018668041876374,0.9668050220371739,0.9477613023954206,0.09011288851282305,0.0005940392837678017,61074.55811108172,11173888.0,6,stable,2046,268173312,1.9775653688737007,
e11m-085,e11m,full,131072,0.0003018668041876374,0.9668050220371739,0.9477613023954206,0.09011288851282305,0.0005940392837678017,61074.55811108172,11173888.0,7,stable,2387,312868864,1.8716498687954746,
e11m-085,e11m,full,131072,0.0003018668041876374,0.9668050220371739,0.9477613023954206,0.09011288851282305,0.0005940392837678017,61074.55811108172,11173888.0,8,stable,2728,357564416,1.7910906829533948,
e11m-085,e11m,full,131072,0.0003018668041876374,0.9668050220371739,0.9477613023954206,0.09011288851282305,0.0005940392837678017,61074.55811108172,11173888.0,8,decay,3410,446955520,1.728008601722096,
e11m-086,e11m,full,32768,0.05750073840308428,0.9700071477314245,0.9972660361126182,0.041943865742020026,0.00031505021391727597,101950.70993647815,11173888.0,1,stable,1364,44695552,2.238680647208196,
e11m-086,e11m,full,32768,0.05750073840308428,0.9700071477314245,0.9972660361126182,0.041943865742020026,0.00031505021391727597,101950.70993647815,11173888.0,2,stable,2728,89391104,1.8705756579556931,
e11m-086,e11m,full,32768,0.05750073840308428,0.9700071477314245,0.9972660361126182,0.041943865742020026,0.00031505021391727597,101950.70993647815,11173888.0,3,stable,4092,134086656,1.7186087993260597,
e11m-086,e11m,full,32768,0.05750073840308428,0.9700071477314245,0.9972660361126182,0.041943865742020026,0.00031505021391727597,101950.70993647815,11173888.0,3,decay,5115,167608320,1.6354419523098644,
e11m-086,e11m,full,32768,0.05750073840308428,0.9700071477314245,0.9972660361126182,0.041943865742020026,0.00031505021391727597,101950.70993647815,11173888.0,4,stable,5456,178782208,1.6651110700513487,
e11m-086,e11m,full,32768,0.05750073840308428,0.9700071477314245,0.9972660361126182,0.041943865742020026,0.00031505021391727597,101950.70993647815,11173888.0,4,decay,6820,223477760,1.5921968780410383,
e11m-086,e11m,full,32768,0.05750073840308428,0.9700071477314245,0.9972660361126182,0.041943865742020026,0.00031505021391727597,101950.70993647815,11173888.0,5,stable,6820,223477760,1.633103340828264,
e11m-086,e11m,full,32768,0.05750073840308428,0.9700071477314245,0.9972660361126182,0.041943865742020026,0.00031505021391727597,101950.70993647815,11173888.0,5,decay,8525,279347200,1.5673556301787694,
e11m-086,e11m,full,32768,0.05750073840308428,0.9700071477314245,0.9972660361126182,0.041943865742020026,0.00031505021391727597,101950.70993647815,11173888.0,6,stable,8184,268173312,1.6072882602200036,
e11m-086,e11m,full,32768,0.05750073840308428,0.9700071477314245,0.9972660361126182,0.041943865742020026,0.00031505021391727597,101950.70993647815,11173888.0,6,decay,10230,335216640,1.5506932499903878,
e11m-086,e11m,full,32768,0.05750073840308428,0.9700071477314245,0.9972660361126182,0.041943865742020026,0.00031505021391727597,101950.70993647815,11173888.0,7,stable,9548,312868864,1.5957808964740556,
e11m-086,e11m,full,32768,0.05750073840308428,0.9700071477314245,0.9972660361126182,0.041943865742020026,0.00031505021391727597,101950.70993647815,11173888.0,7,decay,11935,391086080,1.5384547730622282,
e11m-086,e11m,full,32768,0.05750073840308428,0.9700071477314245,0.9972660361126182,0.041943865742020026,0.00031505021391727597,101950.70993647815,11173888.0,8,stable,10912,357564416,1.582993341440501,
e11m-086,e11m,full,32768,0.05750073840308428,0.9700071477314245,0.9972660361126182,0.041943865742020026,0.00031505021391727597,101950.70993647815,11173888.0,8,decay,13640,446955520,1.5290960994741938,
e11m-087,e11m,full,2097152,0.0040296885580507966,0.998919413692886,0.9996329039676211,0.001105579837788103,0.6977660159649796,29576.65523088273,11173888.0,1,stable,21,44040192,2.893238395561142,
e11m-087,e11m,full,2097152,0.0040296885580507966,0.998919413692886,0.9996329039676211,0.001105579837788103,0.6977660159649796,29576.65523088273,11173888.0,2,stable,42,88080384,2.8158838086989872,
e11m-088,e11m,full,1048576,0.0005945493707525574,0.9659753374910167,0.9366793474744894,0.027187463129827977,0.001319081800874939,230784.0818526743,11173888.0,1,stable,43,45088768,3.1078595617525373,
e11m-088,e11m,full,1048576,0.0005945493707525574,0.9659753374910167,0.9366793474744894,0.027187463129827977,0.001319081800874939,230784.0818526743,11173888.0,2,stable,86,90177536,2.7883152898228354,
e11m-089,e11m,full,65536,2.9422445862167374e-05,0.9932111022952861,0.9995050454329197,0.06489845895329262,0.00019520536746655995,10285.628676869184,11173888.0,1,stable,682,44695552,3.3354167368932828,
e11m-089,e11m,full,65536,2.9422445862167374e-05,0.9932111022952861,0.9995050454329197,0.06489845895329262,0.00019520536746655995,10285.628676869184,11173888.0,2,stable,1364,89391104,2.942451062670482,
e11m-090,e11m,full,262144,0.0007839069062096553,0.7059711179297902,0.9774968154729045,0.007200344840361551,0.005801522809159297,5185.492934937047,11173888.0,1,stable,170,44564480,2.4998860895599675,
e11m-090,e11m,full,262144,0.0007839069062096553,0.7059711179297902,0.9774968154729045,0.007200344840361551,0.005801522809159297,5185.492934937047,11173888.0,2,stable,340,89128960,2.250121602033322,
e11m-090,e11m,full,262144,0.0007839069062096553,0.7059711179297902,0.9774968154729045,0.007200344840361551,0.005801522809159297,5185.492934937047,11173888.0,3,stable,510,133693440,2.088837789094088,
e11m-090,e11m,full,262144,0.0007839069062096553,0.7059711179297902,0.9774968154729045,0.007200344840361551,0.005801522809159297,5185.492934937047,11173888.0,4,stable,680,178257920,1.9270632437425856,
e11m-090,e11m,full,262144,0.0007839069062096553,0.7059711179297902,0.9774968154729045,0.007200344840361551,0.005801522809159297,5185.492934937047,11173888.0,5,stable,850,222822400,1.811208892051692,
e11m-090,e11m,full,262144,0.0007839069062096553,0.7059711179297902,0.9774968154729045,0.007200344840361551,0.005801522809159297,5185.492934937047,11173888.0,6,stable,1020,267386880,1.7396024097679015,
e11m-090,e11m,full,262144,0.0007839069062096553,0.7059711179297902,0.9774968154729045,0.007200344840361551,0.005801522809159297,5185.492934937047,11173888.0,7,stable,1190,311951360,1.6954157932793061,
e11m-090,e11m,full,262144,0.0007839069062096553,0.7059711179297902,0.9774968154729045,0.007200344840361551,0.005801522809159297,5185.492934937047,11173888.0,8,stable,1360,356515840,1.665248861247911,
e11m-090,e11m,full,262144,0.0007839069062096553,0.7059711179297902,0.9774968154729045,0.007200344840361551,0.005801522809159297,5185.492934937047,11173888.0,8,decay,1700,445644800,1.6222206133600803,
e11m-091,e11m,full,32768,0.00010543770495025853,0.9742850944900316,0.9565072769645967,0.0031012451781743536,0.0005674021405528546,5117.090893605766,11173888.0,1,stable,1364,44695552,2.525141572989379,
e11m-091,e11m,full,32768,0.00010543770495025853,0.9742850944900316,0.9565072769645967,0.0031012451781743536,0.0005674021405528546,5117.090893605766,11173888.0,2,stable,2728,89391104,2.3547399181023363,
e11m-091,e11m,full,32768,0.00010543770495025853,0.9742850944900316,0.9565072769645967,0.0031012451781743536,0.0005674021405528546,5117.090893605766,11173888.0,3,stable,4092,134086656,2.2407380665304624,
e11m-091,e11m,full,32768,0.00010543770495025853,0.9742850944900316,0.9565072769645967,0.0031012451781743536,0.0005674021405528546,5117.090893605766,11173888.0,4,stable,5456,178782208,2.1592471077810305,
e11m-091,e11m,full,32768,0.00010543770495025853,0.9742850944900316,0.9565072769645967,0.0031012451781743536,0.0005674021405528546,5117.090893605766,11173888.0,5,stable,6820,223477760,2.099315385905103,
e11m-091,e11m,full,32768,0.00010543770495025853,0.9742850944900316,0.9565072769645967,0.0031012451781743536,0.0005674021405528546,5117.090893605766,11173888.0,6,stable,8184,268173312,2.045088911240822,
e11m-091,e11m,full,32768,0.00010543770495025853,0.9742850944900316,0.9565072769645967,0.0031012451781743536,0.0005674021405528546,5117.090893605766,11173888.0,7,stable,9548,312868864,1.983188994831752,
e11m-091,e11m,full,32768,0.00010543770495025853,0.9742850944900316,0.9565072769645967,0.0031012451781743536,0.0005674021405528546,5117.090893605766,11173888.0,8,stable,10912,357564416,1.890494071624143,
e11m-091,e11m,full,32768,0.00010543770495025853,0.9742850944900316,0.9565072769645967,0.0031012451781743536,0.0005674021405528546,5117.090893605766,11173888.0,8,decay,13640,446955520,1.8106767634163898,
e11m-092,e11m,full,2097152,1.1712288878633438e-05,0.997418065530462,0.999449559504341,0.0019253209817097837,0.0007905386309112958,20064.6773962246,11173888.0,1,stable,21,44040192,3.8348941272986554,
e11m-092,e11m,full,2097152,1.1712288878633438e-05,0.997418065530462,0.999449559504341,0.0019253209817097837,0.0007905386309112958,20064.6773962246,11173888.0,2,stable,42,88080384,3.8156838887729227,
e11m-093,e11m,full,131072,0.07437698451591898,0.8880286068125987,0.9949878513949829,0.0025778764143051984,0.08564075946840179,3912.682412840676,11173888.0,1,stable,341,44695552,2.5549939479392583,
e11m-093,e11m,full,131072,0.07437698451591898,0.8880286068125987,0.9949878513949829,0.0025778764143051984,0.08564075946840179,3912.682412840676,11173888.0,2,stable,682,89391104,2.3186171206716932,
e11m-093,e11m,full,131072,0.07437698451591898,0.8880286068125987,0.9949878513949829,0.0025778764143051984,0.08564075946840179,3912.682412840676,11173888.0,3,stable,1023,134086656,2.1817529768280544,
e11m-093,e11m,full,131072,0.07437698451591898,0.8880286068125987,0.9949878513949829,0.0025778764143051984,0.08564075946840179,3912.682412840676,11173888.0,4,stable,1364,178782208,1.9674056090833703,
e11m-093,e11m,full,131072,0.07437698451591898,0.8880286068125987,0.9949878513949829,0.0025778764143051984,0.08564075946840179,3912.682412840676,11173888.0,5,stable,1705,223477760,1.8212060828356358,
e11m-093,e11m,full,131072,0.07437698451591898,0.8880286068125987,0.9949878513949829,0.0025778764143051984,0.08564075946840179,3912.682412840676,11173888.0,6,stable,2046,268173312,1.7464386758337496,
e11m-093,e11m,full,131072,0.07437698451591898,0.8880286068125987,0.9949878513949829,0.0025778764143051984,0.08564075946840179,3912.682412840676,11173888.0,7,stable,2387,312868864,1.9056872851776487,
e11m-093,e11m,full,131072,0.07437698451591898,0.8880286068125987,0.9949878513949829,0.0025778764143051984,0.08564075946840179,3912.682412840676,11173888.0,8,stable,2728,357564416,1.7118537361820312,
e11m-093,e11m,full,131072,0.07437698451591898,0.8880286068125987,0.9949878513949829,0.0025778764143051984,0.08564075946840179,3912.682412840676,11173888.0,8,decay,3410,446955520,1.5940461637926546,
e11m-094,e11m,full,524288,0.06144788690693926,0.9887438312409104,0.9643678837928343,0.10325496159758259,0.33371718428203384,92297.83162796273,11173888.0,1,stable,85,44564480,2.6824575565652746,
e11m-094,e11m,full,524288,0.06144788690693926,0.9887438312409104,0.9643678837928343,0.10325496159758259,0.33371718428203384,92297.83162796273,11173888.0,2,stable,170,89128960,2.6027844598033902,
e11m-094,e11m,full,524288,0.06144788690693926,0.9887438312409104,0.9643678837928343,0.10325496159758259,0.33371718428203384,92297.83162796273,11173888.0,3,stable,255,133693440,2.531996771087413,
e11m-094,e11m,full,524288,0.06144788690693926,0.9887438312409104,0.9643678837928343,0.10325496159758259,0.33371718428203384,92297.83162796273,11173888.0,4,stable,340,178257920,2.4958686437437576,
e11m-095,e11m,full,65536,4.156360190517305e-05,0.9984604454021593,0.9974623518270336,0.005436746316609717,0.11818376680966491,2124.3281472846293,11173888.0,1,stable,682,44695552,3.0995630630226194,
e11m-095,e11m,full,65536,4.156360190517305e-05,0.9984604454021593,0.9974623518270336,0.005436746316609717,0.11818376680966491,2124.3281472846293,11173888.0,2,stable,1364,89391104,2.822351939100315,
e11m-096,e11m,ext,32768,0.004118541857412004,0.9802821614475115,0.9828810595539966,0.08235242357477268,0.007924884799463428,11167.861102762772,11173888.0,1,stable,1364,44695552,2.1519601711371013,e11m
e11m-096,e11m,ext,32768,0.004118541857412004,0.9802821614475115,0.9828810595539966,0.08235242357477268,0.007924884799463428,11167.861102762772,11173888.0,2,stable,2728,89391104,1.7948374693075357,e11m
e11m-096,e11m,ext,32768,0.004118541857412004,0.9802821614475115,0.9828810595539966,0.08235242357477268,0.007924884799463428,11167.861102762772,11173888.0,3,stable,4092,134086656,1.6979992524274254,e11m
e11m-096,e11m,ext,32768,0.004118541857412004,0.9802821614475115,0.9828810595539966,0.08235242357477268,0.007924884799463428,11167.861102762772,11173888.0,4,stable,5456,178782208,1.6597787517690559,e11m
e11m-096,e11m,ext,32768,0.004118541857412004,0.9802821614475115,0.9828810595539966,0.08235242357477268,0.007924884799463428,11167.861102762772,11173888.0,5,stable,6820,223477760,1.6344833599822959,e11m
e11m-096,e11m,ext,32768,0.004118541857412004,0.9802821614475115,0.9828810595539966,0.08235242357477268,0.007924884799463428,11167.861102762772,11173888.0,6,stable,8184,268173312,1.612044425487156,e11m
e11m-096,e11m,ext,32768,0.004118541857412004,0.9802821614475115,0.9828810595539966,0.08235242357477268,0.007924884799463428,11167.861102762772,11173888.0,7,stable,9548,312868864,1.5988438741108235,e11m
e11m-096,e11m,ext,32768,0.004118541857412004,0.9802821614475115,0.9828810595539966,0.08235242357477268,0.007924884799463428,11167.861102762772,11173888.0,8,stable,10912,357564416,1.5896090824373668,e11m
e11m-096,e11m,ext,32768,0.004118541857412004,0.9802821614475115,0.9828810595539966,0.08235242357477268,0.007924884799463428,11167.861102762772,11173888.0,8,decay,13640,446955520,1.531973950433328,e11m
e11m-097,e11m,ext,8192,0.01867488548563768,0.9706394172978269,0.9937874859170681,0.002679617607539515,0.046134300547638514,89612.13415593642,11173888.0,1,stable,5456,44695552,1.9354078749502326,e11m
e11m-097,e11m,ext,8192,0.01867488548563768,0.9706394172978269,0.9937874859170681,0.002679617607539515,0.046134300547638514,89612.13415593642,11173888.0,2,stable,10912,89391104,1.7919443247041198,e11m
e11m-097,e11m,ext,8192,0.01867488548563768,0.9706394172978269,0.9937874859170681,0.002679617607539515,0.046134300547638514,89612.13415593642,11173888.0,3,stable,16368,134086656,1.745069602416187,e11m
e11m-097,e11m,ext,8192,0.01867488548563768,0.9706394172978269,0.9937874859170681,0.002679617607539515,0.046134300547638514,89612.13415593642,11173888.0,4,stable,21824,178782208,1.7289791168633921,e11m
e11m-097,e11m,ext,8192,0.01867488548563768,0.9706394172978269,0.9937874859170681,0.002679617607539515,0.046134300547638514,89612.13415593642,11173888.0,5,stable,27280,223477760,1.7204572192413845,e11m
e11m-097,e11m,ext,8192,0.01867488548563768,0.9706394172978269,0.9937874859170681,0.002679617607539515,0.046134300547638514,89612.13415593642,11173888.0,6,stable,32736,268173312,1.7020652154845575,e11m
e11m-097,e11m,ext,8192,0.01867488548563768,0.9706394172978269,0.9937874859170681,0.002679617607539515,0.046134300547638514,89612.13415593642,11173888.0,7,stable,38192,312868864,1.6959216698737805,e11m
e11m-097,e11m,ext,8192,0.01867488548563768,0.9706394172978269,0.9937874859170681,0.002679617607539515,0.046134300547638514,89612.13415593642,11173888.0,8,stable,43648,357564416,1.7047764780707182,e11m
e11m-097,e11m,ext,8192,0.01867488548563768,0.9706394172978269,0.9937874859170681,0.002679617607539515,0.046134300547638514,89612.13415593642,11173888.0,8,decay,54560,446955520,1.549680020242591,e11m
e11m-098,e11m,ext,16384,0.012736689222993862,0.9536117445996605,0.9882808209786724,0.012099932254676909,0.003192824006348703,10178.915155518138,11173888.0,1,stable,2728,44695552,1.960715479705382,e11m
e11m-098,e11m,ext,16384,0.012736689222993862,0.9536117445996605,0.9882808209786724,0.012099932254676909,0.003192824006348703,10178.915155518138,11173888.0,2,stable,5456,89391104,1.7576486169860135,e11m
e11m-098,e11m,ext,16384,0.012736689222993862,0.9536117445996605,0.9882808209786724,0.012099932254676909,0.003192824006348703,10178.915155518138,11173888.0,3,stable,8184,134086656,1.6942105422296367,e11m
e11m-098,e11m,ext,16384,0.012736689222993862,0.9536117445996605,0.9882808209786724,0.012099932254676909,0.003192824006348703,10178.915155518138,11173888.0,4,stable,10912,178782208,1.6633219220154163,e11m
e11m-098,e11m,ext,16384,0.012736689222993862,0.9536117445996605,0.9882808209786724,0.012099932254676909,0.003192824006348703,10178.915155518138,11173888.0,5,stable,13640,223477760,1.643254308999381,e11m
e11m-098,e11m,ext,16384,0.012736689222993862,0.9536117445996605,0.9882808209786724,0.012099932254676909,0.003192824006348703,10178.915155518138,11173888.0,6,stable,16368,268173312,1.623389634456406,e11m
e11m-098,e11m,ext,16384,0.012736689222993862,0.9536117445996605,0.9882808209786724,0.012099932254676909,0.003192824006348703,10178.915155518138,11173888.0,7,stable,19096,312868864,1.6157090737533393,e11m
e11m-098,e11m,ext,16384,0.012736689222993862,0.9536117445996605,0.9882808209786724,0.012099932254676909,0.003192824006348703,10178.915155518138,11173888.0,8,stable,21824,357564416,1.6060682536562267,e11m
e11m-098,e11m,ext,16384,0.012736689222993862,0.9536117445996605,0.9882808209786724,0.012099932254676909,0.003192824006348703,10178.915155518138,11173888.0,8,decay,27280,446955520,1.5336483491437407,e11m
e11m-099,e11m,ext,32768,0.09455714680677088,0.7901403023953371,0.9960948457129475,0.0657401882926569,0.009518092964022102,278313.0744876908,11173888.0,1,stable,1364,44695552,2.0289834942946667,e11m
e11m-099,e11m,ext,32768,0.09455714680677088,0.7901403023953371,0.9960948457129475,0.0657401882926569,0.009518092964022102,278313.0744876908,11173888.0,2,stable,2728,89391104,1.7476640799185619,e11m
e11m-099,e11m,ext,32768,0.09455714680677088,0.7901403023953371,0.9960948457129475,0.0657401882926569,0.009518092964022102,278313.0744876908,11173888.0,3,stable,4092,134086656,1.7140868717620585,e11m
e11m-099,e11m,ext,32768,0.09455714680677088,0.7901403023953371,0.9960948457129475,0.0657401882926569,0.009518092964022102,278313.0744876908,11173888.0,4,stable,5456,178782208,1.6695762535723497,e11m
e11m-099,e11m,ext,32768,0.09455714680677088,0.7901403023953371,0.9960948457129475,0.0657401882926569,0.009518092964022102,278313.0744876908,11173888.0,5,stable,6820,223477760,1.6558050395923647,e11m
e11m-099,e11m,ext,32768,0.09455714680677088,0.7901403023953371,0.9960948457129475,0.0657401882926569,0.009518092964022102,278313.0744876908,11173888.0,6,stable,8184,268173312,1.6463620978736482,e11m
e11m-099,e11m,ext,32768,0.09455714680677088,0.7901403023953371,0.9960948457129475,0.0657401882926569,0.009518092964022102,278313.0744876908,11173888.0,7,stable,9548,312868864,1.633218522444869,e11m
e11m-099,e11m,ext,32768,0.09455714680677088,0.7901403023953371,0.9960948457129475,0.0657401882926569,0.009518092964022102,278313.0744876908,11173888.0,8,stable,10912,357564416,1.659409217452486,e11m
e11m-099,e11m,ext,32768,0.09455714680677088,0.7901403023953371,0.9960948457129475,0.0657401882926569,0.009518092964022102,278313.0744876908,11173888.0,8,decay,13640,446955520,1.5303662363707116,e11m
e11m-100,e11m,ext,32768,0.00045452571925956283,0.9689497335310453,0.9749903282104484,0.0030169051970336674,0.062190511421973654,97977.90548108215,11173888.0,1,stable,1364,44695552,2.226206117659343,e11m
e11m-100,e11m,ext,32768,0.00045452571925956283,0.9689497335310453,0.9749903282104484,0.0030169051970336674,0.062190511421973654,97977.90548108215,11173888.0,2,stable,2728,89391104,1.853407631706517,e11m
e11m-100,e11m,ext,32768,0.00045452571925956283,0.9689497335310453,0.9749903282104484,0.0030169051970336674,0.062190511421973654,97977.90548108215,11173888.0,3,stable,4092,134086656,1.7137237386440376,e11m
e11m-100,e11m,ext,32768,0.00045452571925956283,0.9689497335310453,0.9749903282104484,0.0030169051970336674,0.062190511421973654,97977.90548108215,11173888.0,4,stable,5456,178782208,1.6608870941219354,e11m
e11m-100,e11m,ext,32768,0.00045452571925956283,0.9689497335310453,0.9749903282104484,0.0030169051970336674,0.062190511421973654,97977.90548108215,11173888.0,5,stable,6820,223477760,1.6309836031723404,e11m
e11m-100,e11m,ext,32768,0.00045452571925956283,0.9689497335310453,0.9749903282104484,0.0030169051970336674,0.062190511421973654,97977.90548108215,11173888.0,6,stable,8184,268173312,1.6102495154139795,e11m
e11m-100,e11m,ext,32768,0.00045452571925956283,0.9689497335310453,0.9749903282104484,0.0030169051970336674,0.062190511421973654,97977.90548108215,11173888.0,7,stable,9548,312868864,1.5967005374155523,e11m
e11m-100,e11m,ext,32768,0.00045452571925956283,0.9689497335310453,0.9749903282104484,0.0030169051970336674,0.062190511421973654,97977.90548108215,11173888.0,8,stable,10912,357564416,1.584974986275947,e11m
e11m-100,e11m,ext,32768,0.00045452571925956283,0.9689497335310453,0.9749903282104484,0.0030169051970336674,0.062190511421973654,97977.90548108215,11173888.0,8,decay,13640,446955520,1.5440246139639788,e11m
e11m-101,e11m,ext,16384,0.0009037147290684468,0.8377231947647406,0.9823910598846848,0.020722154820870746,0.0016704935581929848,11308.705714010086,11173888.0,1,stable,2728,44695552,1.9921769369305287,e11m
e11m-101,e11m,ext,16384,0.0009037147290684468,0.8377231947647406,0.9823910598846848,0.020722154820870746,0.0016704935581929848,11308.705714010086,11173888.0,2,stable,5456,89391104,1.755932678587388,e11m
e11m-101,e11m,ext,16384,0.0009037147290684468,0.8377231947647406,0.9823910598846848,0.020722154820870746,0.0016704935581929848,11308.705714010086,11173888.0,3,stable,8184,134086656,1.7022103391757744,e11m
e11m-101,e11m,ext,16384,0.0009037147290684468,0.8377231947647406,0.9823910598846848,0.020722154820870746,0.0016704935581929848,11308.705714010086,11173888.0,4,stable,10912,178782208,1.683530018864882,e11m
e11m-101,e11m,ext,16384,0.0009037147290684468,0.8377231947647406,0.9823910598846848,0.020722154820870746,0.0016704935581929848,11308.705714010086,11173888.0,5,stable,13640,223477760,1.6741752167052846,e11m
e11m-101,e11m,ext,16384,0.0009037147290684468,0.8377231947647406,0.9823910598846848,0.020722154820870746,0.0016704935581929848,11308.705714010086,11173888.0,6,stable,16368,268173312,1.659177686773292,e11m
e11m-101,e11m,ext,16384,0.0009037147290684468,0.8377231947647406,0.9823910598846848,0.020722154820870746,0.0016704935581929848,11308.705714010086,11173888.0,7,stable,19096,312868864,1.6517380817855445,e11m
e11m-101,e11m,ext,16384,0.0009037147290684468,0.8377231947647406,0.9823910598846848,0.020722154820870746,0.0016704935581929848,11308.705714010086,11173888.0,8,stable,21824,357564416,1.6416593343519927,e11m
e11m-101,e11m,ext,16384,0.0009037147290684468,0.8377231947647406,0.9823910598846848,0.020722154820870746,0.0016704935581929848,11308.705714010086,11173888.0,8,decay,27280,446955520,1.5796993872300602,e11m
e11m-102,e11m,ext,8192,0.0010604693790991413,0.960629400058893,0.9954106020141542,0.007150959642767335,0.00030587448130616835,6071.856754452259,11173888.0,1,stable,5456,44695552,1.7936001831688997,e11m
e11m-102,e11m,ext,8192,0.0010604693790991413,0.960629400058893,0.9954106020141542,0.007150959642767335,0.00030587448130616835,6071.856754452259,11173888.0,2,stable,10912,89391104,1.6800827316164324,e11m
e11m-102,e11m,ext,8192,0.0010604693790991413,0.960629400058893,0.9954106020141542,0.007150959642767335,0.00030587448130616835,6071.856754452259,11173888.0,3,stable,16368,134086656,1.6389484676585437,e11m
e11m-102,e11m,ext,8192,0.0010604693790991413,0.960629400058893,0.9954106020141542,0.007150959642767335,0.00030587448130616835,6071.856754452259,11173888.0,4,stable,21824,178782208,1.6164691961385627,e11m
e11m-102,e11m,ext,8192,0.0010604693790991413,0.960629400058893,0.9954106020141542,0.007150959642767335,0.00030587448130616835,6071.856754452259,11173888.0,5,stable,27280,223477760,1.6030931620251194,e11m
e11m-102,e11m,ext,8192,0.0010604693790991413,0.960629400058893,0.9954106020141542,0.007150959642767335,0.00030587448130616835,6071.856754452259,11173888.0,6,stable,32736,268173312,1.589777457215367,e11m
e11m-102,e11m,ext,8192,0.0010604693790991413,0.960629400058893,0.9954106020141542,0.007150959642767335,0.00030587448130616835,6071.856754452259,11173888.0,7,stable,38192,312868864,1.58432071990199,e11m
e11m-102,e11m,ext,8192,0.0010604693790991413,0.960629400058893,0.9954106020141542,0.007150959642767335,0.00030587448130616835,6071.856754452259,11173888.0,8,stable,43648,357564416,1.5759340350267088,e11m
e11m-102,e11m,ext,8192,0.0010604693790991413,0.960629400058893,0.9954106020141542,0.007150959642767335,0.00030587448130616835,6071.856754452259,11173888.0,8,decay,54560,446955520,1.5217055435486795,e11m
e11m-103,e11m,ext,16384,0.00376581142885262,0.9344499144336005,0.9975333894637324,0.04931578675588369,0.0028925081473063726,206986.44673996072,11173888.0,1,stable,2728,44695552,1.7831977088576425,e11m
e11m-103,e11m,ext,16384,0.00376581142885262,0.9344499144336005,0.9975333894637324,0.04931578675588369,0.0028925081473063726,206986.44673996072,11173888.0,2,stable,5456,89391104,1.6565290116208444,e11m
e11m-103,e11m,ext,16384,0.00376581142885262,0.9344499144336005,0.9975333894637324,0.04931578675588369,0.0028925081473063726,206986.44673996072,11173888.0,3,stable,8184,134086656,1.614615811889246,e11m
e11m-103,e11m,ext,16384,0.00376581142885262,0.9344499144336005,0.9975333894637324,0.04931578675588369,0.0028925081473063726,206986.44673996072,11173888.0,3,decay,10230,167608320,1.5545811056004963,e11m
e11m-103,e11m,ext,16384,0.00376581142885262,0.9344499144336005,0.9975333894637324,0.04931578675588369,0.0028925081473063726,206986.44673996072,11173888.0,4,stable,10912,178782208,1.5902254583557076,e11m
e11m-103,e11m,ext,16384,0.00376581142885262,0.9344499144336005,0.9975333894637324,0.04931578675588369,0.0028925081473063726,206986.44673996072,11173888.0,4,decay,13640,223477760,1.5354386336717027,e11m
e11m-103,e11m,ext,16384,0.00376581142885262,0.9344499144336005,0.9975333894637324,0.04931578675588369,0.0028925081473063726,206986.44673996072,11173888.0,5,stable,13640,223477760,1.5748948743350006,e11m
e11m-103,e11m,ext,16384,0.00376581142885262,0.9344499144336005,0.9975333894637324,0.04931578675588369,0.0028925081473063726,206986.44673996072,11173888.0,5,decay,17050,279347200,1.5219779277094319,e11m
e11m-103,e11m,ext,16384,0.00376581142885262,0.9344499144336005,0.9975333894637324,0.04931578675588369,0.0028925081473063726,206986.44673996072,11173888.0,6,stable,16368,268173312,1.560758699505513,e11m
e11m-103,e11m,ext,16384,0.00376581142885262,0.9344499144336005,0.9975333894637324,0.04931578675588369,0.0028925081473063726,206986.44673996072,11173888.0,6,decay,20460,335216640,1.5127764947934983,e11m
e11m-103,e11m,ext,16384,0.00376581142885262,0.9344499144336005,0.9975333894637324,0.04931578675588369,0.0028925081473063726,206986.44673996072,11173888.0,7,stable,19096,312868864,1.55349351767132,e11m
e11m-103,e11m,ext,16384,0.00376581142885262,0.9344499144336005,0.9975333894637324,0.04931578675588369,0.0028925081473063726,206986.44673996072,11173888.0,7,decay,23870,391086080,1.505041280968093,e11m
e11m-103,e11m,ext,16384,0.00376581142885262,0.9344499144336005,0.9975333894637324,0.04931578675588369,0.0028925081473063726,206986.44673996072,11173888.0,8,stable,21824,357564416,1.5449800312044082,e11m
e11m-103,e11m,ext,16384,0.00376581142885262,0.9344499144336005,0.9975333894637324,0.04931578675588369,0.0028925081473063726,206986.44673996072,11173888.0,8,decay,27280,446955520,1.499422100127901,e11m
e11m-104,e11m,ext,16384,0.06190641235912626,0.9653406684304944,0.9969849105537472,0.02689337070750952,0.004925308890266884,106197.0444615729,11173888.0,1,stable,2728,44695552,2.244060529742923,e11m
e11m-104,e11m,ext,16384,0.06190641235912626,0.9653406684304944,0.9969849105537472,0.02689337070750952,0.004925308890266884,106197.0444615729,11173888.0,2,stable,5456,89391104,1.8557162129328177,e11m
e11m-104,e11m,ext,16384,0.06190641235912626,0.9653406684304944,0.9969849105537472,0.02689337070750952,0.004925308890266884,106197.0444615729,11173888.0,3,stable,8184,134086656,1.7342783510166593,e11m
e11m-104,e11m,ext,16384,0.06190641235912626,0.9653406684304944,0.9969849105537472,0.02689337070750952,0.004925308890266884,106197.0444615729,11173888.0,4,stable,10912,178782208,1.6816449098730175,e11m
e11m-104,e11m,ext,16384,0.06190641235912626,0.9653406684304944,0.9969849105537472,0.02689337070750952,0.004925308890266884,106197.0444615729,11173888.0,5,stable,13640,223477760,1.6757370643475902,e11m
e11m-104,e11m,ext,16384,0.06190641235912626,0.9653406684304944,0.9969849105537472,0.02689337070750952,0.004925308890266884,106197.0444615729,11173888.0,6,stable,16368,268173312,1.633589441856257,e11m
e11m-104,e11m,ext,16384,0.06190641235912626,0.9653406684304944,0.9969849105537472,0.02689337070750952,0.004925308890266884,106197.0444615729,11173888.0,7,stable,19096,312868864,1.6240461180617118,e11m
e11m-104,e11m,ext,16384,0.06190641235912626,0.9653406684304944,0.9969849105537472,0.02689337070750952,0.004925308890266884,106197.0444615729,11173888.0,8,stable,21824,357564416,1.61603202459658,e11m
e11m-104,e11m,ext,16384,0.06190641235912626,0.9653406684304944,0.9969849105537472,0.02689337070750952,0.004925308890266884,106197.0444615729,11173888.0,8,decay,27280,446955520,1.5242135202441636,e11m
e11m-105,e11m,ext,32768,0.03523049347642294,0.8760810824301055,0.9788457556928114,0.09419645557647009,0.00021946349349875364,434524.83174285217,11173888.0,1,stable,1364,44695552,1.880691798266303,e11m
e11m-105,e11m,ext,32768,0.03523049347642294,0.8760810824301055,0.9788457556928114,0.09419645557647009,0.00021946349349875364,434524.83174285217,11173888.0,2,stable,2728,89391104,1.7158964467505855,e11m
e11m-105,e11m,ext,32768,0.03523049347642294,0.8760810824301055,0.9788457556928114,0.09419645557647009,0.00021946349349875364,434524.83174285217,11173888.0,3,stable,4092,134086656,1.6620181225408504,e11m
e11m-105,e11m,ext,32768,0.03523049347642294,0.8760810824301055,0.9788457556928114,0.09419645557647009,0.00021946349349875364,434524.83174285217,11173888.0,4,stable,5456,178782208,1.6357268359463815,e11m
e11m-105,e11m,ext,32768,0.03523049347642294,0.8760810824301055,0.9788457556928114,0.09419645557647009,0.00021946349349875364,434524.83174285217,11173888.0,5,stable,6820,223477760,1.623616370447154,e11m
e11m-105,e11m,ext,32768,0.03523049347642294,0.8760810824301055,0.9788457556928114,0.09419645557647009,0.00021946349349875364,434524.83174285217,11173888.0,6,stable,8184,268173312,1.6043514431170198,e11m
e11m-105,e11m,ext,32768,0.03523049347642294,0.8760810824301055,0.9788457556928114,0.09419645557647009,0.00021946349349875364,434524.83174285217,11173888.0,7,stable,9548,312868864,1.595697555236968,e11m
e11m-105,e11m,ext,32768,0.03523049347642294,0.8760810824301055,0.9788457556928114,0.09419645557647009,0.00021946349349875364,434524.83174285217,11173888.0,8,stable,10912,357564416,1.5873648169554393,e11m
e11m-105,e11m,ext,32768,0.03523049347642294,0.8760810824301055,0.9788457556928114,0.09419645557647009,0.00021946349349875364,434524.83174285217,11173888.0,8,decay,13640,446955520,1.5230444160560843,e11m
e11m-106,e11m,ext,16384,0.007544420594297773,0.9135621523069205,0.9987967197881197,0.035845496366314414,0.015004427837847082,77861.06107927472,11173888.0,1,stable,2728,44695552,1.8084420781175123,e11m
e11m-106,e11m,ext,16384,0.007544420594297773,0.9135621523069205,0.9987967197881197,0.035845496366314414,0.015004427837847082,77861.06107927472,11173888.0,2,stable,5456,89391104,1.6705163216422905,e11m
e11m-106,e11m,ext,16384,0.007544420594297773,0.9135621523069205,0.9987967197881197,0.035845496366314414,0.015004427837847082,77861.06107927472,11173888.0,3,stable,8184,134086656,1.6294165212218819,e11m
e11m-106,e11m,ext,16384,0.007544420594297773,0.9135621523069205,0.9987967197881197,0.035845496366314414,0.015004427837847082,77861.06107927472,11173888.0,3,decay,10230,167608320,1.556772646739197,e11m
e11m-106,e11m,ext,16384,0.007544420594297773,0.9135621523069205,0.9987967197881197,0.035845496366314414,0.015004427837847082,77861.06107927472,11173888.0,4,stable,10912,178782208,1.6015182888174844,e11m
e11m-106,e11m,ext,16384,0.007544420594297773,0.9135621523069205,0.9987967197881197,0.035845496366314414,0.015004427837847082,77861.06107927472,11173888.0,4,decay,13640,223477760,1.535434377965556,e11m
e11m-106,e11m,ext,16384,0.007544420594297773,0.9135621523069205,0.9987967197881197,0.035845496366314414,0.015004427837847082,77861.06107927472,11173888.0,5,stable,13640,223477760,1.5884182286492292,e11m
e11m-106,e11m,ext,16384,0.007544420594297773,0.9135621523069205,0.9987967197881197,0.035845496366314414,0.015004427837847082,77861.06107927472,11173888.0,5,decay,17050,279347200,1.5204900546579154,e11m
e11m-106,e11m,ext,16384,0.007544420594297773,0.9135621523069205,0.9987967197881197,0.035845496366314414,0.015004427837847082,77861.06107927472,11173888.0,6,stable,16368,268173312,1.5706546309176572,e11m
e11m-106,e11m,ext,16384,0.007544420594297773,0.9135621523069205,0.9987967197881197,0.035845496366314414,0.015004427837847082,77861.06107927472,11173888.0,6,decay,20460,335216640,1.5110394291632863,e11m
e11m-106,e11m,ext,16384,0.007544420594297773,0.9135621523069205,0.9987967197881197,0.035845496366314414,0.015004427837847082,77861.06107927472,11173888.0,7,stable,19096,312868864,1.5665395990661253,e11m
e11m-106,e11m,ext,16384,0.007544420594297773,0.9135621523069205,0.9987967197881197,0.035845496366314414,0.015004427837847082,77861.06107927472,11173888.0,7,decay,23870,391086080,1.5031496682043615,e11m
e11m-106,e11m,ext,16384,0.007544420594297773,0.9135621523069205,0.9987967197881197,0.035845496366314414,0.015004427837847082,77861.06107927472,11173888.0,8,stable,21824,357564416,1.5619488375278976,e11m
e11m-106,e11m,ext,16384,0.007544420594297773,0.9135621523069205,0.9987967197881197,0.035845496366314414,0.015004427837847082,77861.06107927472,11173888.0,8,decay,27280,446955520,1.4975003827692956,e11m
e11m-107,e11m,ext,16384,0.03687909798155753,0.9677345172562565,0.9887235783041874,0.0231979304184681,0.0007236332566953474,7558.877183790723,11173888.0,1,stable,2728,44695552,2.069566807518483,e11m
e11m-107,e11m,ext,16384,0.03687909798155753,0.9677345172562565,0.9887235783041874,0.0231979304184681,0.0007236332566953474,7558.877183790723,11173888.0,2,stable,5456,89391104,1.797281230262016,e11m
e11m-107,e11m,ext,16384,0.03687909798155753,0.9677345172562565,0.9887235783041874,0.0231979304184681,0.0007236332566953474,7558.877183790723,11173888.0,3,stable,8184,134086656,1.725070948378202,e11m
e11m-107,e11m,ext,16384,0.03687909798155753,0.9677345172562565,0.9887235783041874,0.0231979304184681,0.0007236332566953474,7558.877183790723,11173888.0,4,stable,10912,178782208,1.6853641529047232,e11m
e11m-107,e11m,ext,16384,0.03687909798155753,0.9677345172562565,0.9887235783041874,0.0231979304184681,0.0007236332566953474,7558.877183790723,11173888.0,5,stable,13640,223477760,1.6575515738881221,e11m
e11m-107,e11m,ext,16384,0.03687909798155753,0.9677345172562565,0.9887235783041874,0.0231979304184681,0.0007236332566953474,7558.877183790723,11173888.0,6,stable,16368,268173312,1.6382089277012017,e11m
e11m-107,e11m,ext,16384,0.03687909798155753,0.9677345172562565,0.9887235783041874,0.0231979304184681,0.0007236332566953474,7558.877183790723,11173888.0,7,stable,19096,312868864,1.6248552101704878,e11m
e11m-107,e11m,ext,16384,0.03687909798155753,0.9677345172562565,0.9887235783041874,0.0231979304184681,0.0007236332566953474,7558.877183790723,11173888.0,8,stable,21824,357564416,1.6168808439215967,e11m
e11m-107,e11m,ext,16384,0.03687909798155753,0.9677345172562565,0.9887235783041874,0.0231979304184681,0.0007236332566953474,7558.877183790723,11173888.0,8,decay,27280,446955520,1.5405377296120413,e11m
e11m-108,e11m,ext,8192,0.045760813749057196,0.8423494833965504,0.9867866279812514,0.012150589671224486,0.000575806178042008,616803.4319281005,11173888.0,1,stable,5456,44695552,2.1078053805225325,e11m
e11m-108,e11m,ext,8192,0.045760813749057196,0.8423494833965504,0.9867866279812514,0.012150589671224486,0.000575806178042008,616803.4319281005,11173888.0,2,stable,10912,89391104,1.8758982311909143,e11m
e11m-108,e11m,ext,8192,0.045760813749057196,0.8423494833965504,0.9867866279812514,0.012150589671224486,0.000575806178042008,616803.4319281005,11173888.0,3,stable,16368,134086656,1.7629227392127642,e11m
e11m-108,e11m,ext,8192,0.045760813749057196,0.8423494833965504,0.9867866279812514,0.012150589671224486,0.000575806178042008,616803.4319281005,11173888.0,4,stable,21824,178782208,1.731133597429664,e11m
e11m-108,e11m,ext,8192,0.045760813749057196,0.8423494833965504,0.9867866279812514,0.012150589671224486,0.000575806178042008,616803.4319281005,11173888.0,5,stable,27280,223477760,1.714647338889179,e11m
e11m-108,e11m,ext,8192,0.045760813749057196,0.8423494833965504,0.9867866279812514,0.012150589671224486,0.000575806178042008,616803.4319281005,11173888.0,6,stable,32736,268173312,1.6973064323970521,e11m
e11m-108,e11m,ext,8192,0.045760813749057196,0.8423494833965504,0.9867866279812514,0.012150589671224486,0.000575806178042008,616803.4319281005,11173888.0,7,stable,38192,312868864,1.6850937140408828,e11m
e11m-108,e11m,ext,8192,0.045760813749057196,0.8423494833965504,0.9867866279812514,0.012150589671224486,0.000575806178042008,616803.4319281005,11173888.0,8,stable,43648,357564416,1.676588405003893,e11m
e11m-108,e11m,ext,8192,0.045760813749057196,0.8423494833965504,0.9867866279812514,0.012150589671224486,0.000575806178042008,616803.4319281005,11173888.0,8,decay,54560,446955520,1.5810328465670926,e11m
e11m-109,e11m,ext,32768,0.00043263151753964737,0.9780235432738617,0.9988833718177648,0.0016453249077490193,0.0009296480940500658,25342.546611427573,11173888.0,1,stable,1364,44695552,2.2605351985083035,e11m
e11m-109,e11m,ext,32768,0.00043263151753964737,0.9780235432738617,0.9988833718177648,0.0016453249077490193,0.0009296480940500658,25342.546611427573,11173888.0,2,stable,2728,89391104,1.9019851152651728,e11m
e11m-109,e11m,ext,32768,0.00043263151753964737,0.9780235432738617,0.9988833718177648,0.0016453249077490193,0.0009296480940500658,25342.546611427573,11173888.0,3,stable,4092,134086656,1.7395574834154457,e11m
e11m-109,e11m,ext,32768,0.00043263151753964737,0.9780235432738617,0.9988833718177648,0.0016453249077490193,0.0009296480940500658,25342.546611427573,11173888.0,4,stable,5456,178782208,1.670775145963822,e11m
e11m-109,e11m,ext,32768,0.00043263151753964737,0.9780235432738617,0.9988833718177648,0.0016453249077490193,0.0009296480940500658,25342.546611427573,11173888.0,5,stable,6820,223477760,1.6305474111947529,e11m
e11m-109,e11m,ext,32768,0.00043263151753964737,0.9780235432738617,0.9988833718177648,0.0016453249077490193,0.0009296480940500658,25342.546611427573,11173888.0,6,stable,8184,268173312,1.6051551123559473,e11m
e11m-109,e11m,ext,32768,0.00043263151753964737,0.9780235432738617,0.9988833718177648,0.0016453249077490193,0.0009296480940500658,25342.546611427573,11173888.0,7,stable,9548,312868864,1.5874322577782825,e11m
e11m-109,e11m,ext,32768,0.00043263151753964737,0.9780235432738617,0.9988833718177648,0.0016453249077490193,0.0009296480940500658,25342.546611427573,11173888.0,8,stable,10912,357564416,1.5744480797700295,e11m
e11m-109,e11m,ext,32768,0.00043263151753964737,0.9780235432738617,0.9988833718177648,0.0016453249077490193,0.0009296480940500658,25342.546611427573,11173888.0,8,decay,13640,446955520,1.5407707105748525,e11m
e11m-110,e11m,ext,8192,0.0005460697272766598,0.9169537198378088,0.9983068206752537,0.07193422301445389,0.01388137048068182,14284.194124998681,11173888.0,1,stable,5456,44695552,1.9322621782875578,e11m
e11m-110,e11m,ext,8192,0.0005460697272766598,0.9169537198378088,0.9983068206752537,0.07193422301445389,0.01388137048068182,14284.194124998681,11173888.0,2,stable,10912,89391104,1.6851828731647305,e11m
e11m-110,e11m,ext,8192,0.0005460697272766598,0.9169537198378088,0.9983068206752537,0.07193422301445389,0.01388137048068182,14284.194124998681,11173888.0,3,stable,16368,134086656,1.6296818173816645,e11m
e11m-110,e11m,ext,8192,0.0005460697272766598,0.9169537198378088,0.9983068206752537,0.07193422301445389,0.01388137048068182,14284.194124998681,11173888.0,3,decay,20460,167608320,1.5726667571036619,e11m
e11m-110,e11m,ext,8192,0.0005460697272766598,0.9169537198378088,0.9983068206752537,0.07193422301445389,0.01388137048068182,14284.194124998681,11173888.0,4,stable,21824,178782208,1.6031231141081173,e11m
e11m-110,e11m,ext,8192,0.0005460697272766598,0.9169537198378088,0.9983068206752537,0.07193422301445389,0.01388137048068182,14284.194124998681,11173888.0,4,decay,27280,223477760,1.5489733180187664,e11m
e11m-110,e11m,ext,8192,0.0005460697272766598,0.9169537198378088,0.9983068206752537,0.07193422301445389,0.01388137048068182,14284.194124998681,11173888.0,5,stable,27280,223477760,1.5855290133332014,e11m
e11m-110,e11m,ext,8192,0.0005460697272766598,0.9169537198378088,0.9983068206752537,0.07193422301445389,0.01388137048068182,14284.194124998681,11173888.0,5,decay,34100,279347200,1.533322880415058,e11m
e11m-110,e11m,ext,8192,0.0005460697272766598,0.9169537198378088,0.9983068206752537,0.07193422301445389,0.01388137048068182,14284.194124998681,11173888.0,6,stable,32736,268173312,1.5707781150014304,e11m
e11m-110,e11m,ext,8192,0.0005460697272766598,0.9169537198378088,0.9983068206752537,0.07193422301445389,0.01388137048068182,14284.194124998681,11173888.0,6,decay,40920,335216640,1.523134225078262,e11m
e11m-110,e11m,ext,8192,0.0005460697272766598,0.9169537198378088,0.9983068206752537,0.07193422301445389,0.01388137048068182,14284.194124998681,11173888.0,7,stable,38192,312868864,1.5619330665158984,e11m
e11m-110,e11m,ext,8192,0.0005460697272766598,0.9169537198378088,0.9983068206752537,0.07193422301445389,0.01388137048068182,14284.194124998681,11173888.0,7,decay,47740,391086080,1.5149449202452419,e11m
e11m-110,e11m,ext,8192,0.0005460697272766598,0.9169537198378088,0.9983068206752537,0.07193422301445389,0.01388137048068182,14284.194124998681,11173888.0,8,stable,43648,357564416,1.554235122681696,e11m
e11m-110,e11m,ext,8192,0.0005460697272766598,0.9169537198378088,0.9983068206752537,0.07193422301445389,0.01388137048068182,14284.194124998681,11173888.0,8,decay,54560,446955520,1.5085601147135972,e11m
e11m-111,e11m,ext,32768,0.0025872180261917736,0.8086708425313036,0.9988612180089717,0.028029030996219267,0.009561824902241646,52983.83622484574,11173888.0,1,stable,1364,44695552,1.8602027869384217,e11m
e11m-111,e11m,ext,32768,0.0025872180261917736,0.8086708425313036,0.9988612180089717,0.028029030996219267,0.009561824902241646,52983.83622484574,11173888.0,2,stable,2728,89391104,1.676085144491811,e11m
e11m-111,e11m,ext,32768,0.0025872180261917736,0.8086708425313036,0.9988612180089717,0.028029030996219267,0.009561824902241646,52983.83622484574,11173888.0,3,stable,4092,134086656,1.626671309815931,e11m
e11m-111,e11m,ext,32768,0.0025872180261917736,0.8086708425313036,0.9988612180089717,0.028029030996219267,0.009561824902241646,52983.83622484574,11173888.0,3,decay,5115,167608320,1.569027948179909,e11m
e11m-111,e11m,ext,32768,0.0025872180261917736,0.8086708425313036,0.9988612180089717,0.028029030996219267,0.009561824902241646,52983.83622484574,11173888.0,4,stable,5456,178782208,1.5984045081303238,e11m
e11m-111,e11m,ext,32768,0.0025872180261917736,0.8086708425313036,0.9988612180089717,0.028029030996219267,0.009561824902241646,52983.83622484574,11173888.0,4,decay,6820,223477760,1.5454614019154151,e11m
e11m-111,e11m,ext,32768,0.0025872180261917736,0.8086708425313036,0.9988612180089717,0.028029030996219267,0.009561824902241646,52983.83622484574,11173888.0,5,stable,6820,223477760,1.5826789735545361,e11m
e11m-111,e11m,ext,32768,0.0025872180261917736,0.8086708425313036,0.9988612180089717,0.028029030996219267,0.009561824902241646,52983.83622484574,11173888.0,5,decay,8525,279347200,1.5293135373442084,e11m
e11m-111,e11m,ext,32768,0.0025872180261917736,0.8086708425313036,0.9988612180089717,0.028029030996219267,0.009561824902241646,52983.83622484574,11173888.0,6,stable,8184,268173312,1.5655169607066242,e11m
e11m-111,e11m,ext,32768,0.0025872180261917736,0.8086708425313036,0.9988612180089717,0.028029030996219267,0.009561824902241646,52983.83622484574,11173888.0,6,decay,10230,335216640,1.5183858977671028,e11m
e11m-111,e11m,ext,32768,0.0025872180261917736,0.8086708425313036,0.9988612180089717,0.028029030996219267,0.009561824902241646,52983.83622484574,11173888.0,7,stable,9548,312868864,1.5572825309779716,e11m
e11m-111,e11m,ext,32768,0.0025872180261917736,0.8086708425313036,0.9988612180089717,0.028029030996219267,0.009561824902241646,52983.83622484574,11173888.0,7,decay,11935,391086080,1.5098170126869743,e11m
e11m-111,e11m,ext,32768,0.0025872180261917736,0.8086708425313036,0.9988612180089717,0.028029030996219267,0.009561824902241646,52983.83622484574,11173888.0,8,stable,10912,357564416,1.5488330814757667,e11m
e11m-111,e11m,ext,32768,0.0025872180261917736,0.8086708425313036,0.9988612180089717,0.028029030996219267,0.009561824902241646,52983.83622484574,11173888.0,8,decay,13640,446955520,1.503170947578309,e11m
e11m-112,e11m,ext,8192,0.007113417189477174,0.9780957988113582,0.9905150758735441,0.027565506788715506,0.07923361403137616,728130.7778809402,11173888.0,1,stable,5456,44695552,1.8980676309943452,e11m
e11m-112,e11m,ext,8192,0.007113417189477174,0.9780957988113582,0.9905150758735441,0.027565506788715506,0.07923361403137616,728130.7778809402,11173888.0,2,stable,10912,89391104,1.7692788288005268,e11m
e11m-112,e11m,ext,8192,0.007113417189477174,0.9780957988113582,0.9905150758735441,0.027565506788715506,0.07923361403137616,728130.7778809402,11173888.0,3,stable,16368,134086656,1.7339277245366667,e11m
e11m-112,e11m,ext,8192,0.007113417189477174,0.9780957988113582,0.9905150758735441,0.027565506788715506,0.07923361403137616,728130.7778809402,11173888.0,4,stable,21824,178782208,1.717163318153605,e11m
e11m-112,e11m,ext,8192,0.007113417189477174,0.9780957988113582,0.9905150758735441,0.027565506788715506,0.07923361403137616,728130.7778809402,11173888.0,5,stable,27280,223477760,1.7156107761988,e11m
e11m-112,e11m,ext,8192,0.007113417189477174,0.9780957988113582,0.9905150758735441,0.027565506788715506,0.07923361403137616,728130.7778809402,11173888.0,6,stable,32736,268173312,1.6944616379531108,e11m
e11m-112,e11m,ext,8192,0.007113417189477174,0.9780957988113582,0.9905150758735441,0.027565506788715506,0.07923361403137616,728130.7778809402,11173888.0,7,stable,38192,312868864,1.6943380944565496,e11m
e11m-112,e11m,ext,8192,0.007113417189477174,0.9780957988113582,0.9905150758735441,0.027565506788715506,0.07923361403137616,728130.7778809402,11173888.0,8,stable,43648,357564416,1.6955016801938414,e11m
e11m-112,e11m,ext,8192,0.007113417189477174,0.9780957988113582,0.9905150758735441,0.027565506788715506,0.07923361403137616,728130.7778809402,11173888.0,8,decay,54560,446955520,1.5486076129002233,e11m
e11m-113,e11m,ext,8192,0.01316282044121566,0.967015054979355,0.9986593275314539,0.0858365333731901,0.00018112676261945645,60628.95605767237,11173888.0,1,stable,5456,44695552,1.809816372250459,e11m
e11m-113,e11m,ext,8192,0.01316282044121566,0.967015054979355,0.9986593275314539,0.0858365333731901,0.00018112676261945645,60628.95605767237,11173888.0,2,stable,10912,89391104,1.6694741399633586,e11m
e11m-113,e11m,ext,8192,0.01316282044121566,0.967015054979355,0.9986593275314539,0.0858365333731901,0.00018112676261945645,60628.95605767237,11173888.0,3,stable,16368,134086656,1.622159421526746,e11m
e11m-113,e11m,ext,8192,0.01316282044121566,0.967015054979355,0.9986593275314539,0.0858365333731901,0.00018112676261945645,60628.95605767237,11173888.0,3,decay,20460,167608320,1.556132875294083,e11m
e11m-113,e11m,ext,8192,0.01316282044121566,0.967015054979355,0.9986593275314539,0.0858365333731901,0.00018112676261945645,60628.95605767237,11173888.0,4,stable,21824,178782208,1.5975642985119598,e11m
e11m-113,e11m,ext,8192,0.01316282044121566,0.967015054979355,0.9986593275314539,0.0858365333731901,0.00018112676261945645,60628.95605767237,11173888.0,4,decay,27280,223477760,1.5372828827343088,e11m
e11m-113,e11m,ext,8192,0.01316282044121566,0.967015054979355,0.9986593275314539,0.0858365333731901,0.00018112676261945645,60628.95605767237,11173888.0,5,stable,27280,223477760,1.5844372288681143,e11m
e11m-113,e11m,ext,8192,0.01316282044121566,0.967015054979355,0.9986593275314539,0.0858365333731901,0.00018112676261945645,60628.95605767237,11173888.0,5,decay,34100,279347200,1.5242386608428087,e11m
e11m-113,e11m,ext,8192,0.01316282044121566,0.967015054979355,0.9986593275314539,0.0858365333731901,0.00018112676261945645,60628.95605767237,11173888.0,6,stable,32736,268173312,1.5674019640395875,e11m
e11m-113,e11m,ext,8192,0.01316282044121566,0.967015054979355,0.9986593275314539,0.0858365333731901,0.00018112676261945645,60628.95605767237,11173888.0,6,decay,40920,335216640,1.5157205356542283,e11m
e11m-113,e11m,ext,8192,0.01316282044121566,0.967015054979355,0.9986593275314539,0.0858365333731901,0.00018112676261945645,60628.95605767237,11173888.0,7,stable,38192,312868864,1.5628771273636892,e11m
e11m-113,e11m,ext,8192,0.01316282044121566,0.967015054979355,0.9986593275314539,0.0858365333731901,0.00018112676261945645,60628.95605767237,11173888.0,7,decay,47740,391086080,1.5086861541988938,e11m
e11m-113,e11m,ext,8192,0.01316282044121566,0.967015054979355,0.9986593275314539,0.0858365333731901,0.00018112676261945645,60628.95605767237,11173888.0,8,stable,43648,357564416,1.554898479844153,e11m
e11m-113,e11m,ext,8192,0.01316282044121566,0.967015054979355,0.9986593275314539,0.0858365333731901,0.00018112676261945645,60628.95605767237,11173888.0,8,decay,54560,446955520,1.5034598159002528,e11m
e11m-114,e11m,ext,32768,0.0050950442511549,0.9807577998604536,0.9812501261613673,0.08124581816372492,0.008953643469400153,518798.19558140653,11173888.0,1,stable,1364,44695552,2.1669626590079787,e11m
e11m-114,e11m,ext,32768,0.0050950442511549,0.9807577998604536,0.9812501261613673,0.08124581816372492,0.008953643469400153,518798.19558140653,11173888.0,2,stable,2728,89391104,1.8291574411467624,e11m
e11m-114,e11m,ext,32768,0.0050950442511549,0.9807577998604536,0.9812501261613673,0.08124581816372492,0.008953643469400153,518798.19558140653,11173888.0,3,stable,4092,134086656,1.7099490325999183,e11m
e11m-114,e11m,ext,32768,0.0050950442511549,0.9807577998604536,0.9812501261613673,0.08124581816372492,0.008953643469400153,518798.19558140653,11173888.0,4,stable,5456,178782208,1.6633438833161747,e11m
e11m-114,e11m,ext,32768,0.0050950442511549,0.9807577998604536,0.9812501261613673,0.08124581816372492,0.008953643469400153,518798.19558140653,11173888.0,5,stable,6820,223477760,1.6360144240434777,e11m
e11m-114,e11m,ext,32768,0.0050950442511549,0.9807577998604536,0.9812501261613673,0.08124581816372492,0.008953643469400153,518798.19558140653,11173888.0,6,stable,8184,268173312,1.6140075638391116,e11m
e11m-114,e11m,ext,32768,0.0050950442511549,0.9807577998604536,0.9812501261613673,0.08124581816372492,0.008953643469400153,518798.19558140653,11173888.0,7,stable,9548,312868864,1.6025400123890219,e11m
e11m-114,e11m,ext,32768,0.0050950442511549,0.9807577998604536,0.9812501261613673,0.08124581816372492,0.008953643469400153,518798.19558140653,11173888.0,8,stable,10912,357564416,1.5910761898853187,e11m
e11m-114,e11m,ext,32768,0.0050950442511549,0.9807577998604536,0.9812501261613673,0.08124581816372492,0.008953643469400153,518798.19558140653,11173888.0,8,decay,13640,446955520,1.5325065152250705,e11m
e11m-115,e11m,ext,16384,0.0010851416381717372,0.9835455216238744,0.9985688009372364,0.10172165922258687,0.00011302739198878269,215850.84874625562,11173888.0,1,stable,2728,44695552,2.03510011930186,e11m
e11m-115,e11m,ext,16384,0.0010851416381717372,0.9835455216238744,0.9985688009372364,0.10172165922258687,0.00011302739198878269,215850.84874625562,11173888.0,2,stable,5456,89391104,1.695552778834757,e11m
e11m-115,e11m,ext,16384,0.0010851416381717372,0.9835455216238744,0.9985688009372364,0.10172165922258687,0.00011302739198878269,215850.84874625562,11173888.0,3,stable,8184,134086656,1.6318458361363002,e11m
e11m-115,e11m,ext,16384,0.0010851416381717372,0.9835455216238744,0.9985688009372364,0.10172165922258687,0.00011302739198878269,215850.84874625562,11173888.0,3,decay,10230,167608320,1.575019738400961,e11m
e11m-115,e11m,ext,16384,0.0010851416381717372,0.9835455216238744,0.9985688009372364,0.10172165922258687,0.00011302739198878269,215850.84874625562,11173888.0,4,stable,10912,178782208,1.6042509181964726,e11m
e11m-115,e11m,ext,16384,0.0010851416381717372,0.9835455216238744,0.9985688009372364,0.10172165922258687,0.00011302739198878269,215850.84874625562,11173888.0,4,decay,13640,223477760,1.5494733724060605,e11m
e11m-115,e11m,ext,16384,0.0010851416381717372,0.9835455216238744,0.9985688009372364,0.10172165922258687,0.00011302739198878269,215850.84874625562,11173888.0,5,stable,13640,223477760,1.5828997240612337,e11m
e11m-115,e11m,ext,16384,0.0010851416381717372,0.9835455216238744,0.9985688009372364,0.10172165922258687,0.00011302739198878269,215850.84874625562,11173888.0,5,decay,17050,279347200,1.532233838861877,e11m
e11m-115,e11m,ext,16384,0.0010851416381717372,0.9835455216238744,0.9985688009372364,0.10172165922258687,0.00011302739198878269,215850.84874625562,11173888.0,6,stable,16368,268173312,1.5653777476559667,e11m
e11m-115,e11m,ext,16384,0.0010851416381717372,0.9835455216238744,0.9985688009372364,0.10172165922258687,0.00011302739198878269,215850.84874625562,11173888.0,6,decay,20460,335216640,1.5205259267882196,e11m
e11m-115,e11m,ext,16384,0.0010851416381717372,0.9835455216238744,0.9985688009372364,0.10172165922258687,0.00011302739198878269,215850.84874625562,11173888.0,7,stable,19096,312868864,1.5549655753677238,e11m
e11m-115,e11m,ext,16384,0.0010851416381717372,0.9835455216238744,0.9985688009372364,0.10172165922258687,0.00011302739198878269,215850.84874625562,11173888.0,7,decay,23870,391086080,1.5115209369093519,e11m
e11m-115,e11m,ext,16384,0.0010851416381717372,0.9835455216238744,0.9985688009372364,0.10172165922258687,0.00011302739198878269,215850.84874625562,11173888.0,8,stable,21824,357564416,1.545624760592759,e11m
e11m-115,e11m,ext,16384,0.0010851416381717372,0.9835455216238744,0.9985688009372364,0.10172165922258687,0.00011302739198878269,215850.84874625562,11173888.0,8,decay,27280,446955520,1.504823275350243,e11m
e11m-116,e11m,ext,8192,0.0003384672040794585,0.9490705524832798,0.9948046248402159,0.00978982239750725,0.00373108114331266,7085.850535283789,11173888.0,1,stable,5456,44695552,2.057112778653308,e11m
e11m-116,e11m,ext,8192,0.0003384672040794585,0.9490705524832798,0.9948046248402159,0.00978982239750725,0.00373108114331266,7085.850535283789,11173888.0,2,stable,10912,89391104,1.7892000616575747,e11m
e11m-116,e11m,ext,8192,0.0003384672040794585,0.9490705524832798,0.9948046248402159,0.00978982239750725,0.00373108114331266,7085.850535283789,11173888.0,3,stable,16368,134086656,1.700105636179147,e11m
e11m-116,e11m,ext,8192,0.0003384672040794585,0.9490705524832798,0.9948046248402159,0.00978982239750725,0.00373108114331266,7085.850535283789,11173888.0,4,stable,21824,178782208,1.6699930680248847,e11m
e11m-116,e11m,ext,8192,0.0003384672040794585,0.9490705524832798,0.9948046248402159,0.00978982239750725,0.00373108114331266,7085.850535283789,11173888.0,5,stable,27280,223477760,1.651313091583396,e11m
e11m-116,e11m,ext,8192,0.0003384672040794585,0.9490705524832798,0.9948046248402159,0.00978982239750725,0.00373108114331266,7085.850535283789,11173888.0,6,stable,32736,268173312,1.6350517210317561,e11m
e11m-116,e11m,ext,8192,0.0003384672040794585,0.9490705524832798,0.9948046248402159,0.00978982239750725,0.00373108114331266,7085.850535283789,11173888.0,7,stable,38192,312868864,1.6260587889778217,e11m
e11m-116,e11m,ext,8192,0.0003384672040794585,0.9490705524832798,0.9948046248402159,0.00978982239750725,0.00373108114331266,7085.850535283789,11173888.0,8,stable,43648,357564416,1.6171976389060658,e11m
e11m-116,e11m,ext,8192,0.0003384672040794585,0.9490705524832798,0.9948046248402159,0.00978982239750725,0.00373108114331266,7085.850535283789,11173888.0,8,decay,54560,446955520,1.5653814300985556,e11m
e11m-117,e11m,ext,16384,0.01177244469986034,0.9812122261892515,0.9977112944324887,0.0027025587179969578,0.000349700357312189,845682.3458663273,11173888.0,1,stable,2728,44695552,2.2679472055570002,e11m
e11m-117,e11m,ext,16384,0.01177244469986034,0.9812122261892515,0.9977112944324887,0.0027025587179969578,0.000349700357312189,845682.3458663273,11173888.0,2,stable,5456,89391104,2.046953316404897,e11m
e11m-117,e11m,ext,16384,0.01177244469986034,0.9812122261892515,0.9977112944324887,0.0027025587179969578,0.000349700357312189,845682.3458663273,11173888.0,3,stable,8184,134086656,1.7813524817711404,e11m
e11m-117,e11m,ext,16384,0.01177244469986034,0.9812122261892515,0.9977112944324887,0.0027025587179969578,0.000349700357312189,845682.3458663273,11173888.0,4,stable,10912,178782208,1.7037773396702032,e11m
e11m-117,e11m,ext,16384,0.01177244469986034,0.9812122261892515,0.9977112944324887,0.0027025587179969578,0.000349700357312189,845682.3458663273,11173888.0,5,stable,13640,223477760,1.6561009107844693,e11m
e11m-117,e11m,ext,16384,0.01177244469986034,0.9812122261892515,0.9977112944324887,0.0027025587179969578,0.000349700357312189,845682.3458663273,11173888.0,6,stable,16368,268173312,1.6274133226489524,e11m
e11m-117,e11m,ext,16384,0.01177244469986034,0.9812122261892515,0.9977112944324887,0.0027025587179969578,0.000349700357312189,845682.3458663273,11173888.0,7,stable,19096,312868864,1.6098457321309831,e11m
e11m-117,e11m,ext,16384,0.01177244469986034,0.9812122261892515,0.9977112944324887,0.0027025587179969578,0.000349700357312189,845682.3458663273,11173888.0,8,stable,21824,357564416,1.5939245338414034,e11m
e11m-117,e11m,ext,16384,0.01177244469986034,0.9812122261892515,0.9977112944324887,0.0027025587179969578,0.000349700357312189,845682.3458663273,11173888.0,8,decay,27280,446955520,1.5452482379647792,e11m
e11m-118,e11m,ext,32768,0.011656460644903015,0.9804817729213244,0.9988501296602048,0.039458846552266745,0.000292542478887177,75339.21555387351,11173888.0,1,stable,1364,44695552,2.3018138871550535,e11m
e11m-118,e11m,ext,32768,0.011656460644903015,0.9804817729213244,0.9988501296602048,0.039458846552266745,0.000292542478887177,75339.21555387351,11173888.0,2,stable,2728,89391104,1.9405461193653575,e11m
e11m-118,e11m,ext,32768,0.011656460644903015,0.9804817729213244,0.9988501296602048,0.039458846552266745,0.000292542478887177,75339.21555387351,11173888.0,3,stable,4092,134086656,1.7604521482019064,e11m
e11m-118,e11m,ext,32768,0.011656460644903015,0.9804817729213244,0.9988501296602048,0.039458846552266745,0.000292542478887177,75339.21555387351,11173888.0,4,stable,5456,178782208,1.690174767325552,e11m
e11m-118,e11m,ext,32768,0.011656460644903015,0.9804817729213244,0.9988501296602048,0.039458846552266745,0.000292542478887177,75339.21555387351,11173888.0,5,stable,6820,223477760,1.6464743861469437,e11m
e11m-118,e11m,ext,32768,0.011656460644903015,0.9804817729213244,0.9988501296602048,0.039458846552266745,0.000292542478887177,75339.21555387351,11173888.0,6,stable,8184,268173312,1.6186505040547445,e11m
e11m-118,e11m,ext,32768,0.011656460644903015,0.9804817729213244,0.9988501296602048,0.039458846552266745,0.000292542478887177,75339.21555387351,11173888.0,7,stable,9548,312868864,1.6030970428745388,e11m
e11m-118,e11m,ext,32768,0.011656460644903015,0.9804817729213244,0.9988501296602048,0.039458846552266745,0.000292542478887177,75339.21555387351,11173888.0,8,stable,10912,357564416,1.5898666219082482,e11m
e11m-118,e11m,ext,32768,0.011656460644903015,0.9804817729213244,0.9988501296602048,0.039458846552266745,0.000292542478887177,75339.21555387351,11173888.0,8,decay,13640,446955520,1.540341227866378,e11m
e11m-119,e11m,ext,8192,0.0004140272259304323,0.7968170592822542,0.9807573251017453,0.0018169307156001028,0.009480147288396896,112746.18739823758,11173888.0,1,stable,5456,44695552,1.918626185309264,e11m
e11m-119,e11m,ext,8192,0.0004140272259304323,0.7968170592822542,0.9807573251017453,0.0018169307156001028,0.009480147288396896,112746.18739823758,11173888.0,2,stable,10912,89391104,1.7689867120414717,e11m
e11m-119,e11m,ext,8192,0.0004140272259304323,0.7968170592822542,0.9807573251017453,0.0018169307156001028,0.009480147288396896,112746.18739823758,11173888.0,3,stable,16368,134086656,1.7270054624983617,e11m
e11m-119,e11m,ext,8192,0.0004140272259304323,0.7968170592822542,0.9807573251017453,0.0018169307156001028,0.009480147288396896,112746.18739823758,11173888.0,4,stable,21824,178782208,1.7105367064109627,e11m
e11m-119,e11m,ext,8192,0.0004140272259304323,0.7968170592822542,0.9807573251017453,0.0018169307156001028,0.009480147288396896,112746.18739823758,11173888.0,5,stable,27280,223477760,1.6986715632859624,e11m
e11m-119,e11m,ext,8192,0.0004140272259304323,0.7968170592822542,0.9807573251017453,0.0018169307156001028,0.009480147288396896,112746.18739823758,11173888.0,6,stable,32736,268173312,1.6921530461327179,e11m
e11m-119,e11m,ext,8192,0.0004140272259304323,0.7968170592822542,0.9807573251017453,0.0018169307156001028,0.009480147288396896,112746.18739823758,11173888.0,7,stable,38192,312868864,1.6833606238044807,e11m
e11m-119,e11m,ext,8192,0.0004140272259304323,0.7968170592822542,0.9807573251017453,0.0018169307156001028,0.009480147288396896,112746.18739823758,11173888.0,8,stable,43648,357564416,1.6799182720657655,e11m
e11m-119,e11m,ext,8192,0.0004140272259304323,0.7968170592822542,0.9807573251017453,0.0018169307156001028,0.009480147288396896,112746.18739823758,11173888.0,8,decay,54560,446955520,1.6296474949780004,e11m
