id,scale,space,tokens_per_step,lr,beta1,beta2,warmup_frac,weight_decay,rope_theta,n_eff,k,phase,steps,tokens,val_bpb,narrow_from
e5m-000,e5m,full,65536,0.003988175413254025,0.9882210130618153,0.9903982766928437,0.01672742406214534,0.0005440125640340245,31398.49720263065,4825088.0,1,stable,294,19267584,2.6632950298699685,
e5m-000,e5m,full,65536,0.003988175413254025,0.9882210130618153,0.9903982766928437,0.01672742406214534,0.0005440125640340245,31398.49720263065,4825088.0,2,stable,588,38535168,2.559860138337929,
e5m-000,e5m,full,65536,0.003988175413254025,0.9882210130618153,0.9903982766928437,0.01672742406214534,0.0005440125640340245,31398.49720263065,4825088.0,3,stable,882,57802752,2.4780618052081325,
e5m-000,e5m,full,65536,0.003988175413254025,0.9882210130618153,0.9903982766928437,0.01672742406214534,0.0005440125640340245,31398.49720263065,4825088.0,4,stable,1176,77070336,2.412990942421735,
e5m-000,e5m,full,65536,0.003988175413254025,0.9882210130618153,0.9903982766928437,0.01672742406214534,0.0005440125640340245,31398.49720263065,4825088.0,5,stable,1470,96337920,2.3648365472565027,
e5m-000,e5m,full,65536,0.003988175413254025,0.9882210130618153,0.9903982766928437,0.01672742406214534,0.0005440125640340245,31398.49720263065,4825088.0,6,stable,1764,115605504,2.315903591945577,
e5m-000,e5m,full,65536,0.003988175413254025,0.9882210130618153,0.9903982766928437,0.01672742406214534,0.0005440125640340245,31398.49720263065,4825088.0,7,stable,2058,134873088,2.278698302860257,
e5m-000,e5m,full,65536,0.003988175413254025,0.9882210130618153,0.9903982766928437,0.01672742406214534,0.0005440125640340245,31398.49720263065,4825088.0,8,stable,2352,154140672,2.242838311603384,
e5m-000,e5m,full,65536,0.003988175413254025,0.9882210130618153,0.9903982766928437,0.01672742406214534,0.0005440125640340245,31398.49720263065,4825088.0,8,decay,2940,192675840,2.1885705143723206,
e5m-001,e5m,full,1048576,0.00015482517382010751,0.9981179222400594,0.9996718100103045,0.05389710550482407,0.0006984750612831414,31040.70736966845,4825088.0,1,stable,18,18874368,3.819573266930215,
e5m-001,e5m,full,1048576,0.00015482517382010751,0.9981179222400594,0.9996718100103045,0.05389710550482407,0.0006984750612831414,31040.70736966845,4825088.0,2,stable,36,37748736,3.7608447303721535,
e5m-001,e5m,full,1048576,0.00015482517382010751,0.9981179222400594,0.9996718100103045,0.05389710550482407,0.0006984750612831414,31040.70736966845,4825088.0,3,stable,54,56623104,3.706378337577639,
e5m-001,e5m,full,1048576,0.00015482517382010751,0.9981179222400594,0.9996718100103045,0.05389710550482407,0.0006984750612831414,31040.70736966845,4825088.0,4,stable,72,75497472,3.6499479936887367,
e5m-001,e5m,full,1048576,0.00015482517382010751,0.9981179222400594,0.9996718100103045,0.05389710550482407,0.0006984750612831414,31040.70736966845,4825088.0,5,stable,90,94371840,3.593461397475644,
e5m-001,e5m,full,1048576,0.00015482517382010751,0.9981179222400594,0.9996718100103045,0.05389710550482407,0.0006984750612831414,31040.70736966845,4825088.0,6,stable,108,113246208,3.5389105759571655,
e5m-001,e5m,full,1048576,0.00015482517382010751,0.9981179222400594,0.9996718100103045,0.05389710550482407,0.0006984750612831414,31040.70736966845,4825088.0,7,stable,126,132120576,3.486843523138033,
e5m-001,e5m,full,1048576,0.00015482517382010751,0.9981179222400594,0.9996718100103045,0.05389710550482407,0.0006984750612831414,31040.70736966845,4825088.0,8,stable,144,150994944,3.438384435096518,
e5m-001,e5m,full,1048576,0.00015482517382010751,0.9981179222400594,0.9996718100103045,0.05389710550482407,0.0006984750612831414,31040.70736966845,4825088.0,8,decay,180,188743680,3.393792948072921,
e5m-002,e5m,full,524288,0.004902681893945266,0.9976274447677487,0.9974364108542908,0.022645577971759482,0.0081494361531455,6914.877926742994,4825088.0,1,stable,37,19398656,2.831605197789811,
e5m-002,e5m,full,524288,0.004902681893945266,0.9976274447677487,0.9974364108542908,0.022645577971759482,0.0081494361531455,6914.877926742994,4825088.0,2,stable,74,38797312,2.7516102235669084,
e5m-002,e5m,full,524288,0.004902681893945266,0.9976274447677487,0.9974364108542908,0.022645577971759482,0.0081494361531455,6914.877926742994,4825088.0,3,stable,111,58195968,2.7240272320364025,
e5m-002,e5m,full,524288,0.004902681893945266,0.9976274447677487,0.9974364108542908,0.022645577971759482,0.0081494361531455,6914.877926742994,4825088.0,4,stable,148,77594624,2.6964975046878066,
e5m-002,e5m,full,524288,0.004902681893945266,0.9976274447677487,0.9974364108542908,0.022645577971759482,0.0081494361531455,6914.877926742994,4825088.0,5,stable,185,96993280,2.6777062301145547,
e5m-002,e5m,full,524288,0.004902681893945266,0.9976274447677487,0.9974364108542908,0.022645577971759482,0.0081494361531455,6914.877926742994,4825088.0,6,stable,222,116391936,2.657167827876293,
e5m-002,e5m,full,524288,0.004902681893945266,0.9976274447677487,0.9974364108542908,0.022645577971759482,0.0081494361531455,6914.877926742994,4825088.0,7,stable,259,135790592,2.6383758057454276,
e5m-002,e5m,full,524288,0.004902681893945266,0.9976274447677487,0.9974364108542908,0.022645577971759482,0.0081494361531455,6914.877926742994,4825088.0,8,stable,296,155189248,2.6225467483437312,
e5m-002,e5m,full,524288,0.004902681893945266,0.9976274447677487,0.9974364108542908,0.022645577971759482,0.0081494361531455,6914.877926742994,4825088.0,8,decay,370,193986560,2.60333388711455,
e5m-003,e5m,full,32768,0.00022581619224198193,0.9871752362705156,0.9905865678013857,0.06356172214881838,0.09355350606224491,5263.876638877749,4825088.0,1,stable,589,19300352,2.920931631227366,
e5m-003,e5m,full,32768,0.00022581619224198193,0.9871752362705156,0.9905865678013857,0.06356172214881838,0.09355350606224491,5263.876638877749,4825088.0,2,stable,1178,38600704,2.6856173853986425,
e5m-003,e5m,full,32768,0.00022581619224198193,0.9871752362705156,0.9905865678013857,0.06356172214881838,0.09355350606224491,5263.876638877749,4825088.0,3,stable,1767,57901056,2.5680509260157556,
e5m-003,e5m,full,32768,0.00022581619224198193,0.9871752362705156,0.9905865678013857,0.06356172214881838,0.09355350606224491,5263.876638877749,4825088.0,4,stable,2356,77201408,2.4880273574406,
e5m-003,e5m,full,32768,0.00022581619224198193,0.9871752362705156,0.9905865678013857,0.06356172214881838,0.09355350606224491,5263.876638877749,4825088.0,5,stable,2945,96501760,2.425874107637205,
e5m-003,e5m,full,32768,0.00022581619224198193,0.9871752362705156,0.9905865678013857,0.06356172214881838,0.09355350606224491,5263.876638877749,4825088.0,6,stable,3534,115802112,2.36764878835524,
e5m-003,e5m,full,32768,0.00022581619224198193,0.9871752362705156,0.9905865678013857,0.06356172214881838,0.09355350606224491,5263.876638877749,4825088.0,7,stable,4123,135102464,2.3179642325686185,
e5m-003,e5m,full,32768,0.00022581619224198193,0.9871752362705156,0.9905865678013857,0.06356172214881838,0.09355350606224491,5263.876638877749,4825088.0,8,stable,4712,154402816,2.275484657348521,
e5m-003,e5m,full,32768,0.00022581619224198193,0.9871752362705156,0.9905865678013857,0.06356172214881838,0.09355350606224491,5263.876638877749,4825088.0,8,decay,5890,193003520,2.2306148431599726,
e5m-004,e5m,full,1048576,0.025079417442033073,0.9949754128325052,0.9940135675757911,0.12336611955435071,0.5419027611102704,2394.9845609920285,4825088.0,1,stable,18,18874368,2.8901436063400943,
e5m-004,e5m,full,1048576,0.025079417442033073,0.9949754128325052,0.9940135675757911,0.12336611955435071,0.5419027611102704,2394.9845609920285,4825088.0,2,stable,36,37748736,2.83303027700423,
e5m-004,e5m,full,1048576,0.025079417442033073,0.9949754128325052,0.9940135675757911,0.12336611955435071,0.5419027611102704,2394.9845609920285,4825088.0,3,stable,54,56623104,2.7866144284698477,
e5m-004,e5m,full,1048576,0.025079417442033073,0.9949754128325052,0.9940135675757911,0.12336611955435071,0.5419027611102704,2394.9845609920285,4825088.0,4,stable,72,75497472,2.7456161045728087,
e5m-004,e5m,full,1048576,0.025079417442033073,0.9949754128325052,0.9940135675757911,0.12336611955435071,0.5419027611102704,2394.9845609920285,4825088.0,5,stable,90,94371840,2.7181751362243713,
e5m-004,e5m,full,1048576,0.025079417442033073,0.9949754128325052,0.9940135675757911,0.12336611955435071,0.5419027611102704,2394.9845609920285,4825088.0,6,stable,108,113246208,2.7006630038626,
e5m-004,e5m,full,1048576,0.025079417442033073,0.9949754128325052,0.9940135675757911,0.12336611955435071,0.5419027611102704,2394.9845609920285,4825088.0,7,stable,126,132120576,2.683137755695937,
e5m-004,e5m,full,1048576,0.025079417442033073,0.9949754128325052,0.9940135675757911,0.12336611955435071,0.5419027611102704,2394.9845609920285,4825088.0,8,stable,144,150994944,2.6639202035327965,
e5m-004,e5m,full,1048576,0.025079417442033073,0.9949754128325052,0.9940135675757911,0.12336611955435071,0.5419027611102704,2394.9845609920285,4825088.0,8,decay,180,188743680,2.6419115061044005,
e5m-005,e5m,full,131072,4.673771937648751e-05,0.7662708127670913,0.9992770341647905,0.07038584822662565,0.5386470362937346,12417.41601934079,4825088.0,1,stable,147,19267584,3.7098501306057723,
e5m-005,e5m,full,131072,4.673771937648751e-05,0.7662708127670913,0.9992770341647905,0.07038584822662565,0.5386470362937346,12417.41601934079,4825088.0,2,stable,294,38535168,3.547331258073725,
e5m-005,e5m,full,131072,4.673771937648751e-05,0.7662708127670913,0.9992770341647905,0.07038584822662565,0.5386470362937346,12417.41601934079,4825088.0,3,stable,441,57802752,3.4155717768660963,
e5m-005,e5m,full,131072,4.673771937648751e-05,0.7662708127670913,0.9992770341647905,0.07038584822662565,0.5386470362937346,12417.41601934079,4825088.0,4,stable,588,77070336,3.3106825204744985,
e5m-005,e5m,full,131072,4.673771937648751e-05,0.7662708127670913,0.9992770341647905,0.07038584822662565,0.5386470362937346,12417.41601934079,4825088.0,5,stable,735,96337920,3.226665900461291,
e5m-005,e5m,full,131072,4.673771937648751e-05,0.7662708127670913,0.9992770341647905,0.07038584822662565,0.5386470362937346,12417.41601934079,4825088.0,6,stable,882,115605504,3.1576957691874736,
e5m-005,e5m,full,131072,4.673771937648751e-05,0.7662708127670913,0.9992770341647905,0.07038584822662565,0.5386470362937346,12417.41601934079,4825088.0,7,stable,1029,134873088,3.0978400008955114,
e5m-005,e5m,full,131072,4.673771937648751e-05,0.7662708127670913,0.9992770341647905,0.07038584822662565,0.5386470362937346,12417.41601934079,4825088.0,8,stable,1176,154140672,3.043411312500546,
e5m-005,e5m,full,131072,4.673771937648751e-05,0.7662708127670913,0.9992770341647905,0.07038584822662565,0.5386470362937346,12417.41601934079,4825088.0,8,decay,1470,192675840,2.9956492395391208,
e5m-006,e5m,full,65536,2.8524578081739904e-05,0.9896988961990636,0.9125005344401496,0.015995279268271316,0.5546733803797066,89209.83332080639,4825088.0,1,stable,294,19267584,3.742948913557113,
e5m-006,e5m,full,65536,2.8524578081739904e-05,0.9896988961990636,0.9125005344401496,0.015995279268271316,0.5546733803797066,89209.83332080639,4825088.0,2,stable,588,38535168,3.578403424899082,
e5m-006,e5m,full,65536,2.8524578081739904e-05,0.9896988961990636,0.9125005344401496,0.015995279268271316,0.5546733803797066,89209.83332080639,4825088.0,3,stable,882,57802752,3.4285016340048236,
e5m-006,e5m,full,65536,2.8524578081739904e-05,0.9896988961990636,0.9125005344401496,0.015995279268271316,0.5546733803797066,89209.83332080639,4825088.0,4,stable,1176,77070336,3.3042148920812715,
e5m-006,e5m,full,65536,2.8524578081739904e-05,0.9896988961990636,0.9125005344401496,0.015995279268271316,0.5546733803797066,89209.83332080639,4825088.0,5,stable,1470,96337920,3.2029796987232215,
e5m-006,e5m,full,65536,2.8524578081739904e-05,0.9896988961990636,0.9125005344401496,0.015995279268271316,0.5546733803797066,89209.83332080639,4825088.0,6,stable,1764,115605504,3.117735308754535,
e5m-006,e5m,full,65536,2.8524578081739904e-05,0.9896988961990636,0.9125005344401496,0.015995279268271316,0.5546733803797066,89209.83332080639,4825088.0,7,stable,2058,134873088,3.0440209012507595,
e5m-006,e5m,full,65536,2.8524578081739904e-05,0.9896988961990636,0.9125005344401496,0.015995279268271316,0.5546733803797066,89209.83332080639,4825088.0,8,stable,2352,154140672,2.979868434905621,
e5m-006,e5m,full,65536,2.8524578081739904e-05,0.9896988961990636,0.9125005344401496,0.015995279268271316,0.5546733803797066,89209.83332080639,4825088.0,8,decay,2940,192675840,2.924751443366206,
e5m-007,e5m,full,32768,0.005004726852706368,0.8355984719763806,0.9800251906717615,0.004411770289248845,0.6196694001295328,12479.783735816982,4825088.0,1,stable,589,19300352,2.3152047870877426,
e5m-007,e5m,full,32768,0.005004726852706368,0.8355984719763806,0.9800251906717615,0.004411770289248845,0.6196694001295328,12479.783735816982,4825088.0,2,stable,1178,38600704,2.1496535707726756,
e5m-007,e5m,full,32768,0.005004726852706368,0.8355984719763806,0.9800251906717615,0.004411770289248845,0.6196694001295328,12479.783735816982,4825088.0,3,stable,1767,57901056,2.1038214356332734,
e5m-007,e5m,full,32768,0.005004726852706368,0.8355984719763806,0.9800251906717615,0.004411770289248845,0.6196694001295328,12479.783735816982,4825088.0,3,decay,2209,72384512,2.023012749835989,
e5m-007,e5m,full,32768,0.005004726852706368,0.8355984719763806,0.9800251906717615,0.004411770289248845,0.6196694001295328,12479.783735816982,4825088.0,4,stable,2356,77201408,2.075953369457875,
e5m-007,e5m,full,32768,0.005004726852706368,0.8355984719763806,0.9800251906717615,0.004411770289248845,0.6196694001295328,12479.783735816982,4825088.0,4,decay,2945,96501760,1.9985011661927663,
e5m-007,e5m,full,32768,0.005004726852706368,0.8355984719763806,0.9800251906717615,0.004411770289248845,0.6196694001295328,12479.783735816982,4825088.0,5,stable,2945,96501760,2.077335593000082,
e5m-007,e5m,full,32768,0.005004726852706368,0.8355984719763806,0.9800251906717615,0.004411770289248845,0.6196694001295328,12479.783735816982,4825088.0,5,decay,3681,120619008,1.978494512015834,
e5m-007,e5m,full,32768,0.005004726852706368,0.8355984719763806,0.9800251906717615,0.004411770289248845,0.6196694001295328,12479.783735816982,4825088.0,6,stable,3534,115802112,2.052182214490298,
e5m-007,e5m,full,32768,0.005004726852706368,0.8355984719763806,0.9800251906717615,0.004411770289248845,0.6196694001295328,12479.783735816982,4825088.0,6,decay,4418,144769024,1.9660177551413383,
e5m-007,e5m,full,32768,0.005004726852706368,0.8355984719763806,0.9800251906717615,0.004411770289248845,0.6196694001295328,12479.783735816982,4825088.0,7,stable,4123,135102464,2.0487375749090577,
e5m-007,e5m,full,32768,0.005004726852706368,0.8355984719763806,0.9800251906717615,0.004411770289248845,0.6196694001295328,12479.783735816982,4825088.0,7,decay,5154,168886272,1.9560884475813138,
e5m-007,e5m,full,32768,0.005004726852706368,0.8355984719763806,0.9800251906717615,0.004411770289248845,0.6196694001295328,12479.783735816982,4825088.0,8,stable,4712,154402816,2.040544392283432,
e5m-007,e5m,full,32768,0.005004726852706368,0.8355984719763806,0.9800251906717615,0.004411770289248845,0.6196694001295328,12479.783735816982,4825088.0,8,decay,5890,193003520,1.9509285721023242,
e5m-008,e5m,full,262144,0.0011274607487753673,0.9131182395646957,0.9614520617896909,0.07760473490786186,0.0004894612034967092,1126.397384538289,4825088.0,1,stable,74,19398656,3.0180392983447017,
e5m-008,e5m,full,262144,0.0011274607487753673,0.9131182395646957,0.9614520617896909,0.07760473490786186,0.0004894612034967092,1126.397384538289,4825088.0,2,stable,148,38797312,2.701072181387811,
e5m-008,e5m,full,262144,0.0011274607487753673,0.9131182395646957,0.9614520617896909,0.07760473490786186,0.0004894612034967092,1126.397384538289,4825088.0,3,stable,222,58195968,2.564811922408266,
e5m-008,e5m,full,262144,0.0011274607487753673,0.9131182395646957,0.9614520617896909,0.07760473490786186,0.0004894612034967092,1126.397384538289,4825088.0,4,stable,296,77594624,2.4611125180279947,
e5m-008,e5m,full,262144,0.0011274607487753673,0.9131182395646957,0.9614520617896909,0.07760473490786186,0.0004894612034967092,1126.397384538289,4825088.0,5,stable,370,96993280,2.3789781809032315,
e5m-008,e5m,full,262144,0.0011274607487753673,0.9131182395646957,0.9614520617896909,0.07760473490786186,0.0004894612034967092,1126.397384538289,4825088.0,6,stable,444,116391936,2.3142049840327332,
e5m-008,e5m,full,262144,0.0011274607487753673,0.9131182395646957,0.9614520617896909,0.07760473490786186,0.0004894612034967092,1126.397384538289,4825088.0,7,stable,518,135790592,2.264488155811488,
e5m-008,e5m,full,262144,0.0011274607487753673,0.9131182395646957,0.9614520617896909,0.07760473490786186,0.0004894612034967092,1126.397384538289,4825088.0,8,stable,592,155189248,2.2209509079099843,
e5m-008,e5m,full,262144,0.0011274607487753673,0.9131182395646957,0.9614520617896909,0.07760473490786186,0.0004894612034967092,1126.397384538289,4825088.0,8,decay,740,193986560,2.177328214310801,
e5m-009,e5m,full,65536,0.0009742456153358806,0.9882762379589556,0.9984169495523305,0.07592108693517985,0.006045436325144834,25341.63320461334,4825088.0,1,stable,294,19267584,2.7892132217425734,
e5m-009,e5m,full,65536,0.0009742456153358806,0.9882762379589556,0.9984169495523305,0.07592108693517985,0.006045436325144834,25341.63320461334,4825088.0,2,stable,588,38535168,2.647935554546195,
e5m-009,e5m,full,65536,0.0009742456153358806,0.9882762379589556,0.9984169495523305,0.07592108693517985,0.006045436325144834,25341.63320461334,4825088.0,3,stable,882,57802752,2.5634456685179754,
e5m-009,e5m,full,65536,0.0009742456153358806,0.9882762379589556,0.9984169495523305,0.07592108693517985,0.006045436325144834,25341.63320461334,4825088.0,4,stable,1176,77070336,2.5021710095959757,
e5m-009,e5m,full,65536,0.0009742456153358806,0.9882762379589556,0.9984169495523305,0.07592108693517985,0.006045436325144834,25341.63320461334,4825088.0,5,stable,1470,96337920,2.4452917932103864,
e5m-009,e5m,full,65536,0.0009742456153358806,0.9882762379589556,0.9984169495523305,0.07592108693517985,0.006045436325144834,25341.63320461334,4825088.0,6,stable,1764,115605504,2.3918200666438367,
e5m-009,e5m,full,65536,0.0009742456153358806,0.9882762379589556,0.9984169495523305,0.07592108693517985,0.006045436325144834,25341.63320461334,4825088.0,7,stable,2058,134873088,2.343936002082913,
e5m-009,e5m,full,65536,0.0009742456153358806,0.9882762379589556,0.9984169495523305,0.07592108693517985,0.006045436325144834,25341.63320461334,4825088.0,8,stable,2352,154140672,2.2994153530997195,
e5m-009,e5m,full,65536,0.0009742456153358806,0.9882762379589556,0.9984169495523305,0.07592108693517985,0.006045436325144834,25341.63320461334,4825088.0,8,decay,2940,192675840,2.2449066973063787,
e5m-010,e5m,full,524288,0.00013560415358653195,0.9938711179578693,0.9970089287036344,0.014511698461807922,0.17017181305235568,34161.37237026772,4825088.0,1,stable,37,19398656,3.765426738162832,
e5m-010,e5m,full,524288,0.00013560415358653195,0.9938711179578693,0.9970089287036344,0.014511698461807922,0.17017181305235568,34161.37237026772,4825088.0,2,stable,74,38797312,3.6651811749873575,
e5m-010,e5m,full,524288,0.00013560415358653195,0.9938711179578693,0.9970089287036344,0.014511698461807922,0.17017181305235568,34161.37237026772,4825088.0,3,stable,111,58195968,3.563716426519912,
e5m-010,e5m,full,524288,0.00013560415358653195,0.9938711179578693,0.9970089287036344,0.014511698461807922,0.17017181305235568,34161.37237026772,4825088.0,4,stable,148,77594624,3.4695799524889037,
e5m-010,e5m,full,524288,0.00013560415358653195,0.9938711179578693,0.9970089287036344,0.014511698461807922,0.17017181305235568,34161.37237026772,4825088.0,5,stable,185,96993280,3.3858521985077763,
e5m-010,e5m,full,524288,0.00013560415358653195,0.9938711179578693,0.9970089287036344,0.014511698461807922,0.17017181305235568,34161.37237026772,4825088.0,6,stable,222,116391936,3.312290021281883,
e5m-010,e5m,full,524288,0.00013560415358653195,0.9938711179578693,0.9970089287036344,0.014511698461807922,0.17017181305235568,34161.37237026772,4825088.0,7,stable,259,135790592,3.2475188497750516,
e5m-010,e5m,full,524288,0.00013560415358653195,0.9938711179578693,0.9970089287036344,0.014511698461807922,0.17017181305235568,34161.37237026772,4825088.0,8,stable,296,155189248,3.1894839773319434,
e5m-010,e5m,full,524288,0.00013560415358653195,0.9938711179578693,0.9970089287036344,0.014511698461807922,0.17017181305235568,34161.37237026772,4825088.0,8,decay,370,193986560,3.137272402386207,
e5m-011,e5m,full,524288,0.0018170939053518715,0.9717417868037113,0.9836761312730478,0.00926044875562285,0.00014854269243683168,54642.06683756523,4825088.0,1,stable,37,19398656,3.0131436828720384,
e5m-011,e5m,full,524288,0.0018170939053518715,0.9717417868037113,0.9836761312730478,0.00926044875562285,0.00014854269243683168,54642.06683756523,4825088.0,2,stable,74,38797312,2.7545048306773876,
e5m-011,e5m,full,524288,0.0018170939053518715,0.9717417868037113,0.9836761312730478,0.00926044875562285,0.00014854269243683168,54642.06683756523,4825088.0,3,stable,111,58195968,2.6694883257607893,
e5m-011,e5m,full,524288,0.0018170939053518715,0.9717417868037113,0.9836761312730478,0.00926044875562285,0.00014854269243683168,54642.06683756523,4825088.0,4,stable,148,77594624,2.605937859631541,
e5m-011,e5m,full,524288,0.0018170939053518715,0.9717417868037113,0.9836761312730478,0.00926044875562285,0.00014854269243683168,54642.06683756523,4825088.0,5,stable,185,96993280,2.557730546591028,
e5m-011,e5m,full,524288,0.0018170939053518715,0.9717417868037113,0.9836761312730478,0.00926044875562285,0.00014854269243683168,54642.06683756523,4825088.0,6,stable,222,116391936,2.5152367219708034,
e5m-011,e5m,full,524288,0.0018170939053518715,0.9717417868037113,0.9836761312730478,0.00926044875562285,0.00014854269243683168,54642.06683756523,4825088.0,7,stable,259,135790592,2.4736082152506267,
e5m-011,e5m,full,524288,0.0018170939053518715,0.9717417868037113,0.9836761312730478,0.00926044875562285,0.00014854269243683168,54642.06683756523,4825088.0,8,stable,296,155189248,2.43631068014858,
e5m-011,e5m,full,524288,0.0018170939053518715,0.9717417868037113,0.9836761312730478,0.00926044875562285,0.00014854269243683168,54642.06683756523,4825088.0,8,decay,370,193986560,2.398482877193364,
e5m-012,e5m,full,131072,0.00047986036001267037,0.7746598893033161,0.9979981574419177,0.034126889898621525,0.000136909389999738,275137.2043259834,4825088.0,1,stable,147,19267584,2.972520601144314,
e5m-012,e5m,full,131072,0.00047986036001267037,0.7746598893033161,0.9979981574419177,0.034126889898621525,0.000136909389999738,275137.2043259834,4825088.0,2,stable,294,38535168,2.7389069869179083,
e5m-012,e5m,full,131072,0.00047986036001267037,0.7746598893033161,0.9979981574419177,0.034126889898621525,0.000136909389999738,275137.2043259834,4825088.0,3,stable,441,57802752,2.604032902822219,
e5m-012,e5m,full,131072,0.00047986036001267037,0.7746598893033161,0.9979981574419177,0.034126889898621525,0.000136909389999738,275137.2043259834,4825088.0,4,stable,588,77070336,2.511337718850193,
e5m-012,e5m,full,131072,0.00047986036001267037,0.7746598893033161,0.9979981574419177,0.034126889898621525,0.000136909389999738,275137.2043259834,4825088.0,5,stable,735,96337920,2.4441195485758596,
e5m-012,e5m,full,131072,0.00047986036001267037,0.7746598893033161,0.9979981574419177,0.034126889898621525,0.000136909389999738,275137.2043259834,4825088.0,6,stable,882,115605504,2.385497273904544,
e5m-012,e5m,full,131072,0.00047986036001267037,0.7746598893033161,0.9979981574419177,0.034126889898621525,0.000136909389999738,275137.2043259834,4825088.0,7,stable,1029,134873088,2.334942488905667,
e5m-012,e5m,full,131072,0.00047986036001267037,0.7746598893033161,0.9979981574419177,0.034126889898621525,0.000136909389999738,275137.2043259834,4825088.0,8,stable,1176,154140672,2.294542124794954,
e5m-012,e5m,full,131072,0.00047986036001267037,0.7746598893033161,0.9979981574419177,0.034126889898621525,0.000136909389999738,275137.2043259834,4825088.0,8,decay,1470,192675840,2.2529977988009526,
e5m-013,e5m,full,131072,0.0018387970622122409,0.9979799237961223,0.9998213641750723,0.021802772333491406,0.005076557074043048,413676.2865043995,4825088.0,1,stable,147,19267584,2.788762860437167,
e5m-013,e5m,full,131072,0.0018387970622122409,0.9979799237961223,0.9998213641750723,0.021802772333491406,0.005076557074043048,413676.2865043995,4825088.0,2,stable,294,38535168,2.7036293981061146,
e5m-013,e5m,full,131072,0.0018387970622122409,0.9979799237961223,0.9998213641750723,0.021802772333491406,0.005076557074043048,413676.2865043995,4825088.0,3,stable,441,57802752,2.654566934539247,
e5m-013,e5m,full,131072,0.0018387970622122409,0.9979799237961223,0.9998213641750723,0.021802772333491406,0.005076557074043048,413676.2865043995,4825088.0,4,stable,588,77070336,2.620416060807081,
e5m-013,e5m,full,131072,0.0018387970622122409,0.9979799237961223,0.9998213641750723,0.021802772333491406,0.005076557074043048,413676.2865043995,4825088.0,5,stable,735,96337920,2.601199594002138,
e5m-013,e5m,full,131072,0.0018387970622122409,0.9979799237961223,0.9998213641750723,0.021802772333491406,0.005076557074043048,413676.2865043995,4825088.0,6,stable,882,115605504,2.5817770375065305,
e5m-013,e5m,full,131072,0.0018387970622122409,0.9979799237961223,0.9998213641750723,0.021802772333491406,0.005076557074043048,413676.2865043995,4825088.0,7,stable,1029,134873088,2.563462007633594,
e5m-013,e5m,full,131072,0.0018387970622122409,0.9979799237961223,0.9998213641750723,0.021802772333491406,0.005076557074043048,413676.2865043995,4825088.0,8,stable,1176,154140672,2.546336765528107,
e5m-013,e5m,full,131072,0.0018387970622122409,0.9979799237961223,0.9998213641750723,0.021802772333491406,0.005076557074043048,413676.2865043995,4825088.0,8,decay,1470,192675840,2.5274477153760895,
e5m-014,e5m,full,131072,0.00039397381619511105,0.9113586983236109,0.9992040017913706,0.002971004869485029,0.00028386688884588873,24079.449459245752,4825088.0,1,stable,147,19267584,3.022463251300383,
e5m-014,e5m,full,131072,0.00039397381619511105,0.9113586983236109,0.9992040017913706,0.002971004869485029,0.00028386688884588873,24079.449459245752,4825088.0,2,stable,294,38535168,2.7672900868355734,
e5m-014,e5m,full,131072,0.00039397381619511105,0.9113586983236109,0.9992040017913706,0.002971004869485029,0.00028386688884588873,24079.449459245752,4825088.0,3,stable,441,57802752,2.6467820577300833,
e5m-014,e5m,full,131072,0.00039397381619511105,0.9113586983236109,0.9992040017913706,0.002971004869485029,0.00028386688884588873,24079.449459245752,4825088.0,4,stable,588,77070336,2.5599024282210183,
e5m-014,e5m,full,131072,0.00039397381619511105,0.9113586983236109,0.9992040017913706,0.002971004869485029,0.00028386688884588873,24079.449459245752,4825088.0,5,stable,735,96337920,2.493854308280749,
e5m-014,e5m,full,131072,0.00039397381619511105,0.9113586983236109,0.9992040017913706,0.002971004869485029,0.00028386688884588873,24079.449459245752,4825088.0,6,stable,882,115605504,2.4372112561666506,
e5m-014,e5m,full,131072,0.00039397381619511105,0.9113586983236109,0.9992040017913706,0.002971004869485029,0.00028386688884588873,24079.449459245752,4825088.0,7,stable,1029,134873088,2.389818964353493,
e5m-014,e5m,full,131072,0.00039397381619511105,0.9113586983236109,0.9992040017913706,0.002971004869485029,0.00028386688884588873,24079.449459245752,4825088.0,8,stable,1176,154140672,2.3470955548928103,
e5m-014,e5m,full,131072,0.00039397381619511105,0.9113586983236109,0.9992040017913706,0.002971004869485029,0.00028386688884588873,24079.449459245752,4825088.0,8,decay,1470,192675840,2.3062408045049074,
e5m-015,e5m,full,32768,8.019286206094958e-05,0.7146918180137816,0.935570689786234,0.05820417402463056,0.14523553105105252,393876.3264103465,4825088.0,1,stable,589,19300352,3.2489314351254124,
e5m-015,e5m,full,32768,8.019286206094958e-05,0.7146918180137816,0.935570689786234,0.05820417402463056,0.14523553105105252,393876.3264103465,4825088.0,2,stable,1178,38600704,2.9082142964557494,
e5m-015,e5m,full,32768,8.019286206094958e-05,0.7146918180137816,0.935570689786234,0.05820417402463056,0.14523553105105252,393876.3264103465,4825088.0,3,stable,1767,57901056,2.7509564962283717,
e5m-015,e5m,full,32768,8.019286206094958e-05,0.7146918180137816,0.935570689786234,0.05820417402463056,0.14523553105105252,393876.3264103465,4825088.0,4,stable,2356,77201408,2.6707005243979784,
e5m-015,e5m,full,32768,8.019286206094958e-05,0.7146918180137816,0.935570689786234,0.05820417402463056,0.14523553105105252,393876.3264103465,4825088.0,5,stable,2945,96501760,2.6199605047773935,
e5m-015,e5m,full,32768,8.019286206094958e-05,0.7146918180137816,0.935570689786234,0.05820417402463056,0.14523553105105252,393876.3264103465,4825088.0,6,stable,3534,115802112,2.581096916136848,
e5m-015,e5m,full,32768,8.019286206094958e-05,0.7146918180137816,0.935570689786234,0.05820417402463056,0.14523553105105252,393876.3264103465,4825088.0,7,stable,4123,135102464,2.54859159638068,
e5m-015,e5m,full,32768,8.019286206094958e-05,0.7146918180137816,0.935570689786234,0.05820417402463056,0.14523553105105252,393876.3264103465,4825088.0,8,stable,4712,154402816,2.5205010007947393,
e5m-015,e5m,full,32768,8.019286206094958e-05,0.7146918180137816,0.935570689786234,0.05820417402463056,0.14523553105105252,393876.3264103465,4825088.0,8,decay,5890,193003520,2.4934445796351605,
e5m-016,e5m,full,65536,1.2145532683412247e-05,0.7947863344352761,0.9641636868695244,0.0028157986364846124,0.0020023911727784743,479878.4264573289,4825088.0,1,stable,294,19267584,3.781382627800473,
e5m-016,e5m,full,65536,1.2145532683412247e-05,0.7947863344352761,0.9641636868695244,0.0028157986364846124,0.0020023911727784743,479878.4264573289,4825088.0,2,stable,588,38535168,3.7043118202398095,
e5m-016,e5m,full,65536,1.2145532683412247e-05,0.7947863344352761,0.9641636868695244,0.0028157986364846124,0.0020023911727784743,479878.4264573289,4825088.0,3,stable,882,57802752,3.630276782341594,
e5m-016,e5m,full,65536,1.2145532683412247e-05,0.7947863344352761,0.9641636868695244,0.0028157986364846124,0.0020023911727784743,479878.4264573289,4825088.0,4,stable,1176,77070336,3.5608162763831688,
e5m-016,e5m,full,65536,1.2145532683412247e-05,0.7947863344352761,0.9641636868695244,0.0028157986364846124,0.0020023911727784743,479878.4264573289,4825088.0,5,stable,1470,96337920,3.495935319473018,
e5m-016,e5m,full,65536,1.2145532683412247e-05,0.7947863344352761,0.9641636868695244,0.0028157986364846124,0.0020023911727784743,479878.4264573289,4825088.0,6,stable,1764,115605504,3.43580080768841,
e5m-016,e5m,full,65536,1.2145532683412247e-05,0.7947863344352761,0.9641636868695244,0.0028157986364846124,0.0020023911727784743,479878.4264573289,4825088.0,7,stable,2058,134873088,3.3801479575978415,
e5m-016,e5m,full,65536,1.2145532683412247e-05,0.7947863344352761,0.9641636868695244,0.0028157986364846124,0.0020023911727784743,479878.4264573289,4825088.0,8,stable,2352,154140672,3.3290622814878525,
e5m-016,e5m,full,65536,1.2145532683412247e-05,0.7947863344352761,0.9641636868695244,0.0028157986364846124,0.0020023911727784743,479878.4264573289,4825088.0,8,decay,2940,192675840,3.2824675584036216,
e5m-017,e5m,full,524288,0.00021973406804505572,0.997161969384891,0.9834288639369426,0.09042095076117063,0.003556296022985806,1441.2089779249895,4825088.0,1,stable,37,19398656,3.768845603664778,
e5m-017,e5m,full,524288,0.00021973406804505572,0.997161969384891,0.9834288639369426,0.09042095076117063,0.003556296022985806,1441.2089779249895,4825088.0,2,stable,74,38797312,3.6305994915124162,
e5m-017,e5m,full,524288,0.00021973406804505572,0.997161969384891,0.9834288639369426,0.09042095076117063,0.003556296022985806,1441.2089779249895,4825088.0,3,stable,111,58195968,3.490760100288462,
e5m-017,e5m,full,524288,0.00021973406804505572,0.997161969384891,0.9834288639369426,0.09042095076117063,0.003556296022985806,1441.2089779249895,4825088.0,4,stable,148,77594624,3.3681521905245,
e5m-017,e5m,full,524288,0.00021973406804505572,0.997161969384891,0.9834288639369426,0.09042095076117063,0.003556296022985806,1441.2089779249895,4825088.0,5,stable,185,96993280,3.266946667762171,
e5m-017,e5m,full,524288,0.00021973406804505572,0.997161969384891,0.9834288639369426,0.09042095076117063,0.003556296022985806,1441.2089779249895,4825088.0,6,stable,222,116391936,3.184485765357193,
e5m-017,e5m,full,524288,0.00021973406804505572,0.997161969384891,0.9834288639369426,0.09042095076117063,0.003556296022985806,1441.2089779249895,4825088.0,7,stable,259,135790592,3.116949556920153,
e5m-017,e5m,full,524288,0.00021973406804505572,0.997161969384891,0.9834288639369426,0.09042095076117063,0.003556296022985806,1441.2089779249895,4825088.0,8,stable,296,155189248,3.059992263093577,
e5m-017,e5m,full,524288,0.00021973406804505572,0.997161969384891,0.9834288639369426,0.09042095076117063,0.003556296022985806,1441.2089779249895,4825088.0,8,decay,370,193986560,3.0072462133254274,
e5m-018,e5m,full,262144,0.009731556674420397,0.9946999018628462,0.9842503595881565,0.05171466417979263,0.0003861456985101061,13112.541635402475,4825088.0,1,stable,74,19398656,2.803691299104942,
e5m-018,e5m,full,262144,0.009731556674420397,0.9946999018628462,0.9842503595881565,0.05171466417979263,0.0003861456985101061,13112.541635402475,4825088.0,2,stable,148,38797312,2.7409603088124053,
e5m-018,e5m,full,262144,0.009731556674420397,0.9946999018628462,0.9842503595881565,0.05171466417979263,0.0003861456985101061,13112.541635402475,4825088.0,3,stable,222,58195968,2.701478253359287,
e5m-018,e5m,full,262144,0.009731556674420397,0.9946999018628462,0.9842503595881565,0.05171466417979263,0.0003861456985101061,13112.541635402475,4825088.0,4,stable,296,77594624,2.663584011061041,
e5m-018,e5m,full,262144,0.009731556674420397,0.9946999018628462,0.9842503595881565,0.05171466417979263,0.0003861456985101061,13112.541635402475,4825088.0,5,stable,370,96993280,2.630493957405516,
e5m-018,e5m,full,262144,0.009731556674420397,0.9946999018628462,0.9842503595881565,0.05171466417979263,0.0003861456985101061,13112.541635402475,4825088.0,6,stable,444,116391936,2.6034825287101357,
e5m-018,e5m,full,262144,0.009731556674420397,0.9946999018628462,0.9842503595881565,0.05171466417979263,0.0003861456985101061,13112.541635402475,4825088.0,7,stable,518,135790592,2.577691332166783,
e5m-018,e5m,full,262144,0.009731556674420397,0.9946999018628462,0.9842503595881565,0.05171466417979263,0.0003861456985101061,13112.541635402475,4825088.0,8,stable,592,155189248,2.5550917276225595,
e5m-018,e5m,full,262144,0.009731556674420397,0.9946999018628462,0.9842503595881565,0.05171466417979263,0.0003861456985101061,13112.541635402475,4825088.0,8,decay,740,193986560,2.5295506927623967,
e5m-019,e5m,full,2097152,0.036702424722234395,0.9987365948996952,0.9096124666759128,0.02959194848239463,0.004303076483533053,30599.983205675508,4825088.0,1,stable,9,18874368,3.093533278039868,
e5m-019,e5m,full,2097152,0.036702424722234395,0.9987365948996952,0.9096124666759128,0.02959194848239463,0.004303076483533053,30599.983205675508,4825088.0,2,stable,18,37748736,3.05494431015752,
e5m-019,e5m,full,2097152,0.036702424722234395,0.9987365948996952,0.9096124666759128,0.02959194848239463,0.004303076483533053,30599.983205675508,4825088.0,3,stable,27,56623104,2.9764894384739593,
e5m-019,e5m,full,2097152,0.036702424722234395,0.9987365948996952,0.9096124666759128,0.02959194848239463,0.004303076483533053,30599.983205675508,4825088.0,4,stable,36,75497472,2.9581676897218827,
e5m-019,e5m,full,2097152,0.036702424722234395,0.9987365948996952,0.9096124666759128,0.02959194848239463,0.004303076483533053,30599.983205675508,4825088.0,5,stable,45,94371840,2.9373094049024595,
e5m-019,e5m,full,2097152,0.036702424722234395,0.9987365948996952,0.9096124666759128,0.02959194848239463,0.004303076483533053,30599.983205675508,4825088.0,6,stable,54,113246208,2.930237412151051,
e5m-019,e5m,full,2097152,0.036702424722234395,0.9987365948996952,0.9096124666759128,0.02959194848239463,0.004303076483533053,30599.983205675508,4825088.0,7,stable,63,132120576,2.9098808992027516,
e5m-019,e5m,full,2097152,0.036702424722234395,0.9987365948996952,0.9096124666759128,0.02959194848239463,0.004303076483533053,30599.983205675508,4825088.0,8,stable,72,150994944,2.8842209958624636,
e5m-019,e5m,full,2097152,0.036702424722234395,0.9987365948996952,0.9096124666759128,0.02959194848239463,0.004303076483533053,30599.983205675508,4825088.0,8,decay,90,188743680,2.8546147786242844,
e5m-020,e5m,full,65536,0.018647326572596816,0.9311232924592877,0.990860784872257,0.0013505752705365226,0.02072842370941636,34682.65109763699,4825088.0,1,stable,294,19267584,2.5484535884947705,
e5m-020,e5m,full,65536,0.018647326572596816,0.9311232924592877,0.990860784872257,0.0013505752705365226,0.02072842370941636,34682.65109763699,4825088.0,2,stable,588,38535168,2.4258073906411677,
e5m-020,e5m,full,65536,0.018647326572596816,0.9311232924592877,0.990860784872257,0.0013505752705365226,0.02072842370941636,34682.65109763699,4825088.0,3,stable,882,57802752,2.3402533052986696,
e5m-020,e5m,full,65536,0.018647326572596816,0.9311232924592877,0.990860784872257,0.0013505752705365226,0.02072842370941636,34682.65109763699,4825088.0,4,stable,1176,77070336,2.2853284063474284,
e5m-020,e5m,full,65536,0.018647326572596816,0.9311232924592877,0.990860784872257,0.0013505752705365226,0.02072842370941636,34682.65109763699,4825088.0,5,stable,1470,96337920,2.2359070565111083,
e5m-020,e5m,full,65536,0.018647326572596816,0.9311232924592877,0.990860784872257,0.0013505752705365226,0.02072842370941636,34682.65109763699,4825088.0,6,stable,1764,115605504,2.1935528349735924,
e5m-020,e5m,full,65536,0.018647326572596816,0.9311232924592877,0.990860784872257,0.0013505752705365226,0.02072842370941636,34682.65109763699,4825088.0,7,stable,2058,134873088,2.1672175058010894,
e5m-020,e5m,full,65536,0.018647326572596816,0.9311232924592877,0.990860784872257,0.0013505752705365226,0.02072842370941636,34682.65109763699,4825088.0,8,stable,2352,154140672,2.138829784362565,
e5m-020,e5m,full,65536,0.018647326572596816,0.9311232924592877,0.990860784872257,0.0013505752705365226,0.02072842370941636,34682.65109763699,4825088.0,8,decay,2940,192675840,2.057354197458771,
e5m-021,e5m,full,2097152,0.00013000155616641889,0.8952025780984915,0.9550844276944015,0.002591555734474007,0.000937786088843555,4396.7968274411805,4825088.0,1,stable,9,18874368,3.837285721983338,
e5m-021,e5m,full,2097152,0.00013000155616641889,0.8952025780984915,0.9550844276944015,0.002591555734474007,0.000937786088843555,4396.7968274411805,4825088.0,2,stable,18,37748736,3.807153455269148,
e5m-021,e5m,full,2097152,0.00013000155616641889,0.8952025780984915,0.9550844276944015,0.002591555734474007,0.000937786088843555,4396.7968274411805,4825088.0,3,stable,27,56623104,3.772534418690787,
e5m-021,e5m,full,2097152,0.00013000155616641889,0.8952025780984915,0.9550844276944015,0.002591555734474007,0.000937786088843555,4396.7968274411805,4825088.0,4,stable,36,75497472,3.7409238996401792,
e5m-021,e5m,full,2097152,0.00013000155616641889,0.8952025780984915,0.9550844276944015,0.002591555734474007,0.000937786088843555,4396.7968274411805,4825088.0,5,stable,45,94371840,3.710200739566833,
e5m-021,e5m,full,2097152,0.00013000155616641889,0.8952025780984915,0.9550844276944015,0.002591555734474007,0.000937786088843555,4396.7968274411805,4825088.0,6,stable,54,113246208,3.679930912510765,
e5m-021,e5m,full,2097152,0.00013000155616641889,0.8952025780984915,0.9550844276944015,0.002591555734474007,0.000937786088843555,4396.7968274411805,4825088.0,7,stable,63,132120576,3.6504266537878816,
e5m-021,e5m,full,2097152,0.00013000155616641889,0.8952025780984915,0.9550844276944015,0.002591555734474007,0.000937786088843555,4396.7968274411805,4825088.0,8,stable,72,150994944,3.621695072957548,
e5m-021,e5m,full,2097152,0.00013000155616641889,0.8952025780984915,0.9550844276944015,0.002591555734474007,0.000937786088843555,4396.7968274411805,4825088.0,8,decay,90,188743680,3.595478211106914,
e5m-022,e5m,full,2097152,0.05578289259452905,0.9946321727907779,0.9936769011695467,0.05362252336819505,0.0014670712026078878,30946.779909333338,4825088.0,1,stable,9,18874368,3.3605275498488774,
e5m-022,e5m,full,2097152,0.05578289259452905,0.9946321727907779,0.9936769011695467,0.05362252336819505,0.0014670712026078878,30946.779909333338,4825088.0,2,stable,18,37748736,3.090392065546694,
e5m-022,e5m,full,2097152,0.05578289259452905,0.9946321727907779,0.9936769011695467,0.05362252336819505,0.0014670712026078878,30946.779909333338,4825088.0,3,stable,27,56623104,3.040187273974384,
e5m-022,e5m,full,2097152,0.05578289259452905,0.9946321727907779,0.9936769011695467,0.05362252336819505,0.0014670712026078878,30946.779909333338,4825088.0,4,stable,36,75497472,3.0387314848321374,
e5m-022,e5m,full,2097152,0.05578289259452905,0.9946321727907779,0.9936769011695467,0.05362252336819505,0.0014670712026078878,30946.779909333338,4825088.0,5,stable,45,94371840,3.01829095706453,
e5m-022,e5m,full,2097152,0.05578289259452905,0.9946321727907779,0.9936769011695467,0.05362252336819505,0.0014670712026078878,30946.779909333338,4825088.0,6,stable,54,113246208,3.0140679406164246,
e5m-022,e5m,full,2097152,0.05578289259452905,0.9946321727907779,0.9936769011695467,0.05362252336819505,0.0014670712026078878,30946.779909333338,4825088.0,7,stable,63,132120576,3.0087204536043495,
e5m-022,e5m,full,2097152,0.05578289259452905,0.9946321727907779,0.9936769011695467,0.05362252336819505,0.0014670712026078878,30946.779909333338,4825088.0,8,stable,72,150994944,3.0001066930486946,
e5m-022,e5m,full,2097152,0.05578289259452905,0.9946321727907779,0.9936769011695467,0.05362252336819505,0.0014670712026078878,30946.779909333338,4825088.0,8,decay,90,188743680,2.9933699815659636,
e5m-023,e5m,full,524288,3.625694571007112e-05,0.9797275944602627,0.9994139018880946,0.02240837911418703,0.8595891498199864,1967.4170260818535,4825088.0,1,stable,37,19398656,3.8381112380336835,
e5m-023,e5m,full,524288,3.625694571007112e-05,0.9797275944602627,0.9994139018880946,0.02240837911418703,0.8595891498199864,1967.4170260818535,4825088.0,2,stable,74,38797312,3.806823190736056,
e5m-023,e5m,full,524288,3.625694571007112e-05,0.9797275944602627,0.9994139018880946,0.02240837911418703,0.8595891498199864,1967.4170260818535,4825088.0,3,stable,111,58195968,3.7712124840394727,
e5m-023,e5m,full,524288,3.625694571007112e-05,0.9797275944602627,0.9994139018880946,0.02240837911418703,0.8595891498199864,1967.4170260818535,4825088.0,4,stable,148,77594624,3.737063258888853,
e5m-023,e5m,full,524288,3.625694571007112e-05,0.9797275944602627,0.9994139018880946,0.02240837911418703,0.8595891498199864,1967.4170260818535,4825088.0,5,stable,185,96993280,3.7025594939412994,
e5m-023,e5m,full,524288,3.625694571007112e-05,0.9797275944602627,0.9994139018880946,0.02240837911418703,0.8595891498199864,1967.4170260818535,4825088.0,6,stable,222,116391936,3.6680832220590256,
e5m-023,e5m,full,524288,3.625694571007112e-05,0.9797275944602627,0.9994139018880946,0.02240837911418703,0.8595891498199864,1967.4170260818535,4825088.0,7,stable,259,135790592,3.6342579859236617,
e5m-023,e5m,full,524288,3.625694571007112e-05,0.9797275944602627,0.9994139018880946,0.02240837911418703,0.8595891498199864,1967.4170260818535,4825088.0,8,stable,296,155189248,3.601281156930287,
e5m-023,e5m,full,524288,3.625694571007112e-05,0.9797275944602627,0.9994139018880946,0.02240837911418703,0.8595891498199864,1967.4170260818535,4825088.0,8,decay,370,193986560,3.569967818253598,
e5m-024,e5m,full,65536,0.004757374536718606,0.998504424984721,0.933372614537948,0.017379636117211664,0.2746524525593157,36078.76092236902,4825088.0,1,stable,294,19267584,2.814365924264912,
e5m-024,e5m,full,65536,0.004757374536718606,0.998504424984721,0.933372614537948,0.017379636117211664,0.2746524525593157,36078.76092236902,4825088.0,2,stable,588,38535168,2.728267514201138,
e5m-024,e5m,full,65536,0.004757374536718606,0.998504424984721,0.933372614537948,0.017379636117211664,0.2746524525593157,36078.76092236902,4825088.0,3,stable,882,57802752,2.680448748002002,
e5m-024,e5m,full,65536,0.004757374536718606,0.998504424984721,0.933372614537948,0.017379636117211664,0.2746524525593157,36078.76092236902,4825088.0,4,stable,1176,77070336,2.6566410070679747,
e5m-024,e5m,full,65536,0.004757374536718606,0.998504424984721,0.933372614537948,0.017379636117211664,0.2746524525593157,36078.76092236902,4825088.0,5,stable,1470,96337920,3.761470344146563,
e5m-024,e5m,full,65536,0.004757374536718606,0.998504424984721,0.933372614537948,0.017379636117211664,0.2746524525593157,36078.76092236902,4825088.0,6,stable,1764,115605504,5.897934296813071,
e5m-024,e5m,full,65536,0.004757374536718606,0.998504424984721,0.933372614537948,0.017379636117211664,0.2746524525593157,36078.76092236902,4825088.0,7,stable,2058,134873088,5.816939109473922,
e5m-024,e5m,full,65536,0.004757374536718606,0.998504424984721,0.933372614537948,0.017379636117211664,0.2746524525593157,36078.76092236902,4825088.0,8,stable,2352,154140672,6.468819276055655,
e5m-024,e5m,full,65536,0.004757374536718606,0.998504424984721,0.933372614537948,0.017379636117211664,0.2746524525593157,36078.76092236902,4825088.0,8,decay,2940,192675840,6.98488608849261,
e5m-025,e5m,full,32768,1.0037335191517458e-05,0.9934004849416496,0.9993538885086203,0.00128324239014233,0.00029781957067445355,513926.5130616314,4825088.0,1,stable,589,19300352,3.761814199456334,
e5m-025,e5m,full,32768,1.0037335191517458e-05,0.9934004849416496,0.9993538885086203,0.00128324239014233,0.00029781957067445355,513926.5130616314,4825088.0,2,stable,1178,38600704,3.654333059353887,
e5m-025,e5m,full,32768,1.0037335191517458e-05,0.9934004849416496,0.9993538885086203,0.00128324239014233,0.00029781957067445355,513926.5130616314,4825088.0,3,stable,1767,57901056,3.550200669118419,
e5m-025,e5m,full,32768,1.0037335191517458e-05,0.9934004849416496,0.9993538885086203,0.00128324239014233,0.00029781957067445355,513926.5130616314,4825088.0,4,stable,2356,77201408,3.455926339614116,
e5m-025,e5m,full,32768,1.0037335191517458e-05,0.9934004849416496,0.9993538885086203,0.00128324239014233,0.00029781957067445355,513926.5130616314,4825088.0,5,stable,2945,96501760,3.37278357543709,
e5m-025,e5m,full,32768,1.0037335191517458e-05,0.9934004849416496,0.9993538885086203,0.00128324239014233,0.00029781957067445355,513926.5130616314,4825088.0,6,stable,3534,115802112,3.2999144496365806,
e5m-025,e5m,full,32768,1.0037335191517458e-05,0.9934004849416496,0.9993538885086203,0.00128324239014233,0.00029781957067445355,513926.5130616314,4825088.0,7,stable,4123,135102464,3.2364099859549964,
e5m-025,e5m,full,32768,1.0037335191517458e-05,0.9934004849416496,0.9993538885086203,0.00128324239014233,0.00029781957067445355,513926.5130616314,4825088.0,8,stable,4712,154402816,3.1808242159090923,
e5m-025,e5m,full,32768,1.0037335191517458e-05,0.9934004849416496,0.9993538885086203,0.00128324239014233,0.00029781957067445355,513926.5130616314,4825088.0,8,decay,5890,193003520,3.13297527268671,
e5m-026,e5m,full,65536,0.0799515367379835,0.9989179001620326,0.9688448667288554,0.05794616822138253,0.003950035389253471,20956.373824522158,4825088.0,1,stable,294,19267584,2.9427951458455928,
e5m-026,e5m,full,65536,0.0799515367379835,0.9989179001620326,0.9688448667288554,0.05794616822138253,0.003950035389253471,20956.373824522158,4825088.0,2,stable,588,38535168,7.155051497183892,
e5m-026,e5m,full,65536,0.0799515367379835,0.9989179001620326,0.9688448667288554,0.05794616822138253,0.003950035389253471,20956.373824522158,4825088.0,3,stable,882,57802752,55.52693673336762,
e5m-026,e5m,full,65536,0.0799515367379835,0.9989179001620326,0.9688448667288554,0.05794616822138253,0.003950035389253471,20956.373824522158,4825088.0,4,stable,1176,77070336,3.849298335138169,
e5m-026,e5m,full,65536,0.0799515367379835,0.9989179001620326,0.9688448667288554,0.05794616822138253,0.003950035389253471,20956.373824522158,4825088.0,5,stable,1470,96337920,3.849298335138169,
e5m-026,e5m,full,65536,0.0799515367379835,0.9989179001620326,0.9688448667288554,0.05794616822138253,0.003950035389253471,20956.373824522158,4825088.0,6,stable,1764,115605504,3.849298335138169,
e5m-026,e5m,full,65536,0.0799515367379835,0.9989179001620326,0.9688448667288554,0.05794616822138253,0.003950035389253471,20956.373824522158,4825088.0,7,stable,2058,134873088,3.849298335138169,
e5m-026,e5m,full,65536,0.0799515367379835,0.9989179001620326,0.9688448667288554,0.05794616822138253,0.003950035389253471,20956.373824522158,4825088.0,8,stable,2352,154140672,3.849298335138169,
e5m-026,e5m,full,65536,0.0799515367379835,0.9989179001620326,0.9688448667288554,0.05794616822138253,0.003950035389253471,20956.373824522158,4825088.0,8,decay,2940,192675840,3.849298335138169,
e5m-027,e5m,full,262144,1.5247894713073459e-05,0.9759081855761456,0.9948720605403961,0.010588850364660143,0.003712692824770175,17216.80111692206,4825088.0,1,stable,74,19398656,3.840736461217582,
e5m-027,e5m,full,262144,1.5247894713073459e-05,0.9759081855761456,0.9948720605403961,0.010588850364660143,0.003712692824770175,17216.80111692206,4825088.0,2,stable,148,38797312,3.8146823846604674,
e5m-027,e5m,full,262144,1.5247894713073459e-05,0.9759081855761456,0.9948720605403961,0.010588850364660143,0.003712692824770175,17216.80111692206,4825088.0,3,stable,222,58195968,3.7823035092141537,
e5m-027,e5m,full,262144,1.5247894713073459e-05,0.9759081855761456,0.9948720605403961,0.010588850364660143,0.003712692824770175,17216.80111692206,4825088.0,4,stable,296,77594624,3.7528696589634296,
e5m-027,e5m,full,262144,1.5247894713073459e-05,0.9759081855761456,0.9948720605403961,0.010588850364660143,0.003712692824770175,17216.80111692206,4825088.0,5,stable,370,96993280,3.724689078368642,
e5m-027,e5m,full,262144,1.5247894713073459e-05,0.9759081855761456,0.9948720605403961,0.010588850364660143,0.003712692824770175,17216.80111692206,4825088.0,6,stable,444,116391936,3.697163977467558,
e5m-027,e5m,full,262144,1.5247894713073459e-05,0.9759081855761456,0.9948720605403961,0.010588850364660143,0.003712692824770175,17216.80111692206,4825088.0,7,stable,518,135790592,3.6703078977352637,
e5m-027,e5m,full,262144,1.5247894713073459e-05,0.9759081855761456,0.9948720605403961,0.010588850364660143,0.003712692824770175,17216.80111692206,4825088.0,8,stable,592,155189248,3.644121230918861,
e5m-027,e5m,full,262144,1.5247894713073459e-05,0.9759081855761456,0.9948720605403961,0.010588850364660143,0.003712692824770175,17216.80111692206,4825088.0,8,decay,740,193986560,3.618954865063586,
e5m-028,e5m,full,32768,0.07458974904411143,0.8884011278746178,0.9996220425876925,0.0028381924518847755,0.06078366885478053,22191.936205880716,4825088.0,1,stable,589,19300352,2.574875939159599,
e5m-028,e5m,full,32768,0.07458974904411143,0.8884011278746178,0.9996220425876925,0.0028381924518847755,0.06078366885478053,22191.936205880716,4825088.0,2,stable,1178,38600704,2.4022804656974777,
e5m-028,e5m,full,32768,0.07458974904411143,0.8884011278746178,0.9996220425876925,0.0028381924518847755,0.06078366885478053,22191.936205880716,4825088.0,3,stable,1767,57901056,2.2986353674574422,
e5m-028,e5m,full,32768,0.07458974904411143,0.8884011278746178,0.9996220425876925,0.0028381924518847755,0.06078366885478053,22191.936205880716,4825088.0,4,stable,2356,77201408,2.227118407671681,
e5m-028,e5m,full,32768,0.07458974904411143,0.8884011278746178,0.9996220425876925,0.0028381924518847755,0.06078366885478053,22191.936205880716,4825088.0,5,stable,2945,96501760,2.2150479584093454,
e5m-028,e5m,full,32768,0.07458974904411143,0.8884011278746178,0.9996220425876925,0.0028381924518847755,0.06078366885478053,22191.936205880716,4825088.0,6,stable,3534,115802112,2.1592895108940033,
e5m-028,e5m,full,32768,0.07458974904411143,0.8884011278746178,0.9996220425876925,0.0028381924518847755,0.06078366885478053,22191.936205880716,4825088.0,7,stable,4123,135102464,2.1685039509292614,
e5m-028,e5m,full,32768,0.07458974904411143,0.8884011278746178,0.9996220425876925,0.0028381924518847755,0.06078366885478053,22191.936205880716,4825088.0,8,stable,4712,154402816,2.1397766607107065,
e5m-028,e5m,full,32768,0.07458974904411143,0.8884011278746178,0.9996220425876925,0.0028381924518847755,0.06078366885478053,22191.936205880716,4825088.0,8,decay,5890,193003520,2.030756516728098,
e5m-029,e5m,full,65536,3.2113055797175646e-05,0.9398770614154642,0.9854608912951722,0.021958776776500665,0.0018278178364708637,117129.53838546162,4825088.0,1,stable,294,19267584,3.6776427209880733,
e5m-029,e5m,full,65536,3.2113055797175646e-05,0.9398770614154642,0.9854608912951722,0.021958776776500665,0.0018278178364708637,117129.53838546162,4825088.0,2,stable,588,38535168,3.4991701905685355,
e5m-029,e5m,full,65536,3.2113055797175646e-05,0.9398770614154642,0.9854608912951722,0.021958776776500665,0.0018278178364708637,117129.53838546162,4825088.0,3,stable,882,57802752,3.3523658257834987,
e5m-029,e5m,full,65536,3.2113055797175646e-05,0.9398770614154642,0.9854608912951722,0.021958776776500665,0.0018278178364708637,117129.53838546162,4825088.0,4,stable,1176,77070336,3.235613732462024,
e5m-029,e5m,full,65536,3.2113055797175646e-05,0.9398770614154642,0.9854608912951722,0.021958776776500665,0.0018278178364708637,117129.53838546162,4825088.0,5,stable,1470,96337920,3.141113785546963,
e5m-029,e5m,full,65536,3.2113055797175646e-05,0.9398770614154642,0.9854608912951722,0.021958776776500665,0.0018278178364708637,117129.53838546162,4825088.0,6,stable,1764,115605504,3.0594294462667535,
e5m-029,e5m,full,65536,3.2113055797175646e-05,0.9398770614154642,0.9854608912951722,0.021958776776500665,0.0018278178364708637,117129.53838546162,4825088.0,7,stable,2058,134873088,2.988411890154642,
e5m-029,e5m,full,65536,3.2113055797175646e-05,0.9398770614154642,0.9854608912951722,0.021958776776500665,0.0018278178364708637,117129.53838546162,4825088.0,8,stable,2352,154140672,2.9293239958263446,
e5m-029,e5m,full,65536,3.2113055797175646e-05,0.9398770614154642,0.9854608912951722,0.021958776776500665,0.0018278178364708637,117129.53838546162,4825088.0,8,decay,2940,192675840,2.87965389405997,
e5m-030,e5m,full,65536,1.5798274073609914e-05,0.877225195637483,0.9998411364095219,0.053572751729907706,0.00021579844153118326,684941.6429577596,4825088.0,1,stable,294,19267584,3.7609122249764497,
e5m-030,e5m,full,65536,1.5798274073609914e-05,0.877225195637483,0.9998411364095219,0.053572751729907706,0.00021579844153118326,684941.6429577596,4825088.0,2,stable,588,38535168,3.654660281740715,
e5m-030,e5m,full,65536,1.5798274073609914e-05,0.877225195637483,0.9998411364095219,0.053572751729907706,0.00021579844153118326,684941.6429577596,4825088.0,3,stable,882,57802752,3.558908724225412,
e5m-030,e5m,full,65536,1.5798274073609914e-05,0.877225195637483,0.9998411364095219,0.053572751729907706,0.00021579844153118326,684941.6429577596,4825088.0,4,stable,1176,77070336,3.473173680522619,
e5m-030,e5m,full,65536,1.5798274073609914e-05,0.877225195637483,0.9998411364095219,0.053572751729907706,0.00021579844153118326,684941.6429577596,4825088.0,5,stable,1470,96337920,3.3973291312158316,
e5m-030,e5m,full,65536,1.5798274073609914e-05,0.877225195637483,0.9998411364095219,0.053572751729907706,0.00021579844153118326,684941.6429577596,4825088.0,6,stable,1764,115605504,3.330624512926022,
e5m-030,e5m,full,65536,1.5798274073609914e-05,0.877225195637483,0.9998411364095219,0.053572751729907706,0.00021579844153118326,684941.6429577596,4825088.0,7,stable,2058,134873088,3.2720914079355206,
e5m-030,e5m,full,65536,1.5798274073609914e-05,0.877225195637483,0.9998411364095219,0.053572751729907706,0.00021579844153118326,684941.6429577596,4825088.0,8,stable,2352,154140672,3.220271530637143,
e5m-030,e5m,full,65536,1.5798274073609914e-05,0.877225195637483,0.9998411364095219,0.053572751729907706,0.00021579844153118326,684941.6429577596,4825088.0,8,decay,2940,192675840,3.1752447509584947,
e5m-031,e5m,full,262144,0.003401986173422551,0.7443410380907984,0.9627289030396552,0.03636999854129987,0.0016535004370038283,147642.1367524374,4825088.0,1,stable,74,19398656,2.6765070662623587,
e5m-031,e5m,full,262144,0.003401986173422551,0.7443410380907984,0.9627289030396552,0.03636999854129987,0.0016535004370038283,147642.1367524374,4825088.0,2,stable,148,38797312,2.484684055834479,
e5m-031,e5m,full,262144,0.003401986173422551,0.7443410380907984,0.9627289030396552,0.03636999854129987,0.0016535004370038283,147642.1367524374,4825088.0,3,stable,222,58195968,2.3370569105823527,
e5m-031,e5m,full,262144,0.003401986173422551,0.7443410380907984,0.9627289030396552,0.03636999854129987,0.0016535004370038283,147642.1367524374,4825088.0,4,stable,296,77594624,2.2333039325836843,
e5m-031,e5m,full,262144,0.003401986173422551,0.7443410380907984,0.9627289030396552,0.03636999854129987,0.0016535004370038283,147642.1367524374,4825088.0,5,stable,370,96993280,2.1594260986994955,
e5m-031,e5m,full,262144,0.003401986173422551,0.7443410380907984,0.9627289030396552,0.03636999854129987,0.0016535004370038283,147642.1367524374,4825088.0,6,stable,444,116391936,2.1066119878905996,
e5m-031,e5m,full,262144,0.003401986173422551,0.7443410380907984,0.9627289030396552,0.03636999854129987,0.0016535004370038283,147642.1367524374,4825088.0,7,stable,518,135790592,2.0783325188003365,
e5m-031,e5m,full,262144,0.003401986173422551,0.7443410380907984,0.9627289030396552,0.03636999854129987,0.0016535004370038283,147642.1367524374,4825088.0,8,stable,592,155189248,2.047654327205292,
e5m-031,e5m,full,262144,0.003401986173422551,0.7443410380907984,0.9627289030396552,0.03636999854129987,0.0016535004370038283,147642.1367524374,4825088.0,8,decay,740,193986560,1.9998821255543862,
e5m-032,e5m,full,1048576,0.0012936975600539007,0.9160512639235355,0.99973583738677,0.07623636047014024,0.00028171457314542914,1059.7144312007292,4825088.0,1,stable,18,18874368,3.511621172304365,
e5m-032,e5m,full,1048576,0.0012936975600539007,0.9160512639235355,0.99973583738677,0.07623636047014024,0.00028171457314542914,1059.7144312007292,4825088.0,2,stable,36,37748736,3.1514353003573072,
e5m-032,e5m,full,1048576,0.0012936975600539007,0.9160512639235355,0.99973583738677,0.07623636047014024,0.00028171457314542914,1059.7144312007292,4825088.0,3,stable,54,56623104,2.935671348731546,
e5m-032,e5m,full,1048576,0.0012936975600539007,0.9160512639235355,0.99973583738677,0.07623636047014024,0.00028171457314542914,1059.7144312007292,4825088.0,4,stable,72,75497472,2.814726894385556,
e5m-032,e5m,full,1048576,0.0012936975600539007,0.9160512639235355,0.99973583738677,0.07623636047014024,0.00028171457314542914,1059.7144312007292,4825088.0,5,stable,90,94371840,2.744205743508414,
e5m-032,e5m,full,1048576,0.0012936975600539007,0.9160512639235355,0.99973583738677,0.07623636047014024,0.00028171457314542914,1059.7144312007292,4825088.0,6,stable,108,113246208,2.6974280787856104,
e5m-032,e5m,full,1048576,0.0012936975600539007,0.9160512639235355,0.99973583738677,0.07623636047014024,0.00028171457314542914,1059.7144312007292,4825088.0,7,stable,126,132120576,2.6598870789225906,
e5m-032,e5m,full,1048576,0.0012936975600539007,0.9160512639235355,0.99973583738677,0.07623636047014024,0.00028171457314542914,1059.7144312007292,4825088.0,8,stable,144,150994944,2.6261531501289936,
e5m-032,e5m,full,1048576,0.0012936975600539007,0.9160512639235355,0.99973583738677,0.07623636047014024,0.00028171457314542914,1059.7144312007292,4825088.0,8,decay,180,188743680,2.5931171221354368,
e5m-033,e5m,full,262144,4.725143686815698e-05,0.9989107673344048,0.998164131189111,0.007872845855240873,0.00018305339672268644,2486.383965154465,4825088.0,1,stable,74,19398656,3.798093002211104,
e5m-033,e5m,full,262144,4.725143686815698e-05,0.9989107673344048,0.998164131189111,0.007872845855240873,0.00018305339672268644,2486.383965154465,4825088.0,2,stable,148,38797312,3.732908654779241,
e5m-033,e5m,full,262144,4.725143686815698e-05,0.9989107673344048,0.998164131189111,0.007872845855240873,0.00018305339672268644,2486.383965154465,4825088.0,3,stable,222,58195968,3.6666057798171328,
e5m-033,e5m,full,262144,4.725143686815698e-05,0.9989107673344048,0.998164131189111,0.007872845855240873,0.00018305339672268644,2486.383965154465,4825088.0,4,stable,296,77594624,3.5994925343869753,
e5m-033,e5m,full,262144,4.725143686815698e-05,0.9989107673344048,0.998164131189111,0.007872845855240873,0.00018305339672268644,2486.383965154465,4825088.0,5,stable,370,96993280,3.5350110782038926,
e5m-033,e5m,full,262144,4.725143686815698e-05,0.9989107673344048,0.998164131189111,0.007872845855240873,0.00018305339672268644,2486.383965154465,4825088.0,6,stable,444,116391936,3.47392729775845,
e5m-033,e5m,full,262144,4.725143686815698e-05,0.9989107673344048,0.998164131189111,0.007872845855240873,0.00018305339672268644,2486.383965154465,4825088.0,7,stable,518,135790592,3.417141404683187,
e5m-033,e5m,full,262144,4.725143686815698e-05,0.9989107673344048,0.998164131189111,0.007872845855240873,0.00018305339672268644,2486.383965154465,4825088.0,8,stable,592,155189248,3.365143157241197,
e5m-033,e5m,full,262144,4.725143686815698e-05,0.9989107673344048,0.998164131189111,0.007872845855240873,0.00018305339672268644,2486.383965154465,4825088.0,8,decay,740,193986560,3.3181123633672716,
e5m-034,e5m,full,32768,1.460817123253917e-05,0.9762133949714925,0.9983750045859117,0.0016506794325718524,0.00039406903089528577,64441.44057263428,4825088.0,1,stable,589,19300352,3.69550870880242,
e5m-034,e5m,full,32768,1.460817123253917e-05,0.9762133949714925,0.9983750045859117,0.0016506794325718524,0.00039406903089528577,64441.44057263428,4825088.0,2,stable,1178,38600704,3.5422095329074934,
e5m-034,e5m,full,32768,1.460817123253917e-05,0.9762133949714925,0.9983750045859117,0.0016506794325718524,0.00039406903089528577,64441.44057263428,4825088.0,3,stable,1767,57901056,3.4112711003730163,
e5m-034,e5m,full,32768,1.460817123253917e-05,0.9762133949714925,0.9983750045859117,0.0016506794325718524,0.00039406903089528577,64441.44057263428,4825088.0,4,stable,2356,77201408,3.3026507663857454,
e5m-034,e5m,full,32768,1.460817123253917e-05,0.9762133949714925,0.9983750045859117,0.0016506794325718524,0.00039406903089528577,64441.44057263428,4825088.0,5,stable,2945,96501760,3.2129976515030125,
e5m-034,e5m,full,32768,1.460817123253917e-05,0.9762133949714925,0.9983750045859117,0.0016506794325718524,0.00039406903089528577,64441.44057263428,4825088.0,6,stable,3534,115802112,3.139831372508702,
e5m-034,e5m,full,32768,1.460817123253917e-05,0.9762133949714925,0.9983750045859117,0.0016506794325718524,0.00039406903089528577,64441.44057263428,4825088.0,7,stable,4123,135102464,3.0783548844817505,
e5m-034,e5m,full,32768,1.460817123253917e-05,0.9762133949714925,0.9983750045859117,0.0016506794325718524,0.00039406903089528577,64441.44057263428,4825088.0,8,stable,4712,154402816,3.0247961647174666,
e5m-034,e5m,full,32768,1.460817123253917e-05,0.9762133949714925,0.9983750045859117,0.0016506794325718524,0.00039406903089528577,64441.44057263428,4825088.0,8,decay,5890,193003520,2.97920976301472,
e5m-035,e5m,full,131072,1.0442142382652426e-05,0.9974809883490213,0.9998320217079806,0.001132391118770925,0.15439608281597578,410182.6355708875,4825088.0,1,stable,147,19267584,3.836354404862169,
e5m-035,e5m,full,131072,1.0442142382652426e-05,0.9974809883490213,0.9998320217079806,0.001132391118770925,0.15439608281597578,410182.6355708875,4825088.0,2,stable,294,38535168,3.8065289999289464,
e5m-035,e5m,full,131072,1.0442142382652426e-05,0.9974809883490213,0.9998320217079806,0.001132391118770925,0.15439608281597578,410182.6355708875,4825088.0,3,stable,441,57802752,3.77631366376114,
e5m-035,e5m,full,131072,1.0442142382652426e-05,0.9974809883490213,0.9998320217079806,0.001132391118770925,0.15439608281597578,410182.6355708875,4825088.0,4,stable,588,77070336,3.746665748756265,
e5m-035,e5m,full,131072,1.0442142382652426e-05,0.9974809883490213,0.9998320217079806,0.001132391118770925,0.15439608281597578,410182.6355708875,4825088.0,5,stable,735,96337920,3.7158625859011027,
e5m-035,e5m,full,131072,1.0442142382652426e-05,0.9974809883490213,0.9998320217079806,0.001132391118770925,0.15439608281597578,410182.6355708875,4825088.0,6,stable,882,115605504,3.684145841533494,
e5m-035,e5m,full,131072,1.0442142382652426e-05,0.9974809883490213,0.9998320217079806,0.001132391118770925,0.15439608281597578,410182.6355708875,4825088.0,7,stable,1029,134873088,3.6522200570204424,
e5m-035,e5m,full,131072,1.0442142382652426e-05,0.9974809883490213,0.9998320217079806,0.001132391118770925,0.15439608281597578,410182.6355708875,4825088.0,8,stable,1176,154140672,3.6203601618545207,
e5m-035,e5m,full,131072,1.0442142382652426e-05,0.9974809883490213,0.9998320217079806,0.001132391118770925,0.15439608281597578,410182.6355708875,4825088.0,8,decay,1470,192675840,3.5889781430226004,
e5m-036,e5m,full,32768,0.04492888790641163,0.9972844630026769,0.9936948332356097,0.02386588933853802,0.004427652091975178,33428.75146170946,4825088.0,1,stable,589,19300352,2.7890395230133396,
e5m-036,e5m,full,32768,0.04492888790641163,0.9972844630026769,0.9936948332356097,0.02386588933853802,0.004427652091975178,33428.75146170946,4825088.0,2,stable,1178,38600704,2.7513625927966983,
e5m-036,e5m,full,32768,0.04492888790641163,0.9972844630026769,0.9936948332356097,0.02386588933853802,0.004427652091975178,33428.75146170946,4825088.0,3,stable,1767,57901056,2.7416460571489396,
e5m-036,e5m,full,32768,0.04492888790641163,0.9972844630026769,0.9936948332356097,0.02386588933853802,0.004427652091975178,33428.75146170946,4825088.0,4,stable,2356,77201408,2.6376680385301317,
e5m-036,e5m,full,32768,0.04492888790641163,0.9972844630026769,0.9936948332356097,0.02386588933853802,0.004427652091975178,33428.75146170946,4825088.0,5,stable,2945,96501760,2.6104182966301206,
e5m-036,e5m,full,32768,0.04492888790641163,0.9972844630026769,0.9936948332356097,0.02386588933853802,0.004427652091975178,33428.75146170946,4825088.0,6,stable,3534,115802112,2.5662429316779303,
e5m-036,e5m,full,32768,0.04492888790641163,0.9972844630026769,0.9936948332356097,0.02386588933853802,0.004427652091975178,33428.75146170946,4825088.0,7,stable,4123,135102464,2.5231307751301304,
e5m-036,e5m,full,32768,0.04492888790641163,0.9972844630026769,0.9936948332356097,0.02386588933853802,0.004427652091975178,33428.75146170946,4825088.0,8,stable,4712,154402816,2.4854591390959673,
e5m-036,e5m,full,32768,0.04492888790641163,0.9972844630026769,0.9936948332356097,0.02386588933853802,0.004427652091975178,33428.75146170946,4825088.0,8,decay,5890,193003520,2.437392011009403,
e5m-037,e5m,full,2097152,0.006019821622037929,0.991863142295541,0.9983957613601903,0.07585256560205952,0.0091218956624992,6832.360864129623,4825088.0,1,stable,9,18874368,3.231017625309513,
e5m-037,e5m,full,2097152,0.006019821622037929,0.991863142295541,0.9983957613601903,0.07585256560205952,0.0091218956624992,6832.360864129623,4825088.0,2,stable,18,37748736,2.923831544307178,
e5m-037,e5m,full,2097152,0.006019821622037929,0.991863142295541,0.9983957613601903,0.07585256560205952,0.0091218956624992,6832.360864129623,4825088.0,3,stable,27,56623104,2.7971661966384302,
e5m-037,e5m,full,2097152,0.006019821622037929,0.991863142295541,0.9983957613601903,0.07585256560205952,0.0091218956624992,6832.360864129623,4825088.0,4,stable,36,75497472,2.7692462935242816,
e5m-037,e5m,full,2097152,0.006019821622037929,0.991863142295541,0.9983957613601903,0.07585256560205952,0.0091218956624992,6832.360864129623,4825088.0,5,stable,45,94371840,2.7470423254904057,
e5m-037,e5m,full,2097152,0.006019821622037929,0.991863142295541,0.9983957613601903,0.07585256560205952,0.0091218956624992,6832.360864129623,4825088.0,6,stable,54,113246208,2.7274011323093297,
e5m-037,e5m,full,2097152,0.006019821622037929,0.991863142295541,0.9983957613601903,0.07585256560205952,0.0091218956624992,6832.360864129623,4825088.0,7,stable,63,132120576,2.7158204320673485,
e5m-037,e5m,full,2097152,0.006019821622037929,0.991863142295541,0.9983957613601903,0.07585256560205952,0.0091218956624992,6832.360864129623,4825088.0,8,stable,72,150994944,2.699190489032235,
e5m-037,e5m,full,2097152,0.006019821622037929,0.991863142295541,0.9983957613601903,0.07585256560205952,0.0091218956624992,6832.360864129623,4825088.0,8,decay,90,188743680,2.6826206498214784,
e5m-038,e5m,full,524288,0.00016804945192535324,0.9651805835412144,0.9982668891742498,0.01525656389844807,0.0003494179876295027,568184.3610114856,4825088.0,1,stable,37,19398656,3.736230447515767,
e5m-038,e5m,full,524288,0.00016804945192535324,0.9651805835412144,0.9982668891742498,0.01525656389844807,0.0003494179876295027,568184.3610114856,4825088.0,2,stable,74,38797312,3.594250231251793,
e5m-038,e5m,full,524288,0.00016804945192535324,0.9651805835412144,0.9982668891742498,0.01525656389844807,0.0003494179876295027,568184.3610114856,4825088.0,3,stable,111,58195968,3.463107722702311,
e5m-038,e5m,full,524288,0.00016804945192535324,0.9651805835412144,0.9982668891742498,0.01525656389844807,0.0003494179876295027,568184.3610114856,4825088.0,4,stable,148,77594624,3.3519244992944577,
e5m-038,e5m,full,524288,0.00016804945192535324,0.9651805835412144,0.9982668891742498,0.01525656389844807,0.0003494179876295027,568184.3610114856,4825088.0,5,stable,185,96993280,3.2577443644517357,
e5m-038,e5m,full,524288,0.00016804945192535324,0.9651805835412144,0.9982668891742498,0.01525656389844807,0.0003494179876295027,568184.3610114856,4825088.0,6,stable,222,116391936,3.1758724246430425,
e5m-038,e5m,full,524288,0.00016804945192535324,0.9651805835412144,0.9982668891742498,0.01525656389844807,0.0003494179876295027,568184.3610114856,4825088.0,7,stable,259,135790592,3.1039168756493885,
e5m-038,e5m,full,524288,0.00016804945192535324,0.9651805835412144,0.9982668891742498,0.01525656389844807,0.0003494179876295027,568184.3610114856,4825088.0,8,stable,296,155189248,3.0404344242038617,
e5m-038,e5m,full,524288,0.00016804945192535324,0.9651805835412144,0.9982668891742498,0.01525656389844807,0.0003494179876295027,568184.3610114856,4825088.0,8,decay,370,193986560,2.985779311265155,
e5m-039,e5m,full,32768,9.880058839221806e-05,0.9974735926428158,0.9998658168526883,0.11861908502691353,0.1549463388613065,56728.34496889995,4825088.0,1,stable,589,19300352,3.4424606220308136,
e5m-039,e5m,full,32768,9.880058839221806e-05,0.9974735926428158,0.9998658168526883,0.11861908502691353,0.1549463388613065,56728.34496889995,4825088.0,2,stable,1178,38600704,2.9767520543148143,
e5m-039,e5m,full,32768,9.880058839221806e-05,0.9974735926428158,0.9998658168526883,0.11861908502691353,0.1549463388613065,56728.34496889995,4825088.0,3,stable,1767,57901056,2.845050010508915,
e5m-039,e5m,full,32768,9.880058839221806e-05,0.9974735926428158,0.9998658168526883,0.11861908502691353,0.1549463388613065,56728.34496889995,4825088.0,4,stable,2356,77201408,2.7798183103355036,
e5m-039,e5m,full,32768,9.880058839221806e-05,0.9974735926428158,0.9998658168526883,0.11861908502691353,0.1549463388613065,56728.34496889995,4825088.0,5,stable,2945,96501760,2.7307836927176314,
e5m-039,e5m,full,32768,9.880058839221806e-05,0.9974735926428158,0.9998658168526883,0.11861908502691353,0.1549463388613065,56728.34496889995,4825088.0,6,stable,3534,115802112,2.6863945327766445,
e5m-039,e5m,full,32768,9.880058839221806e-05,0.9974735926428158,0.9998658168526883,0.11861908502691353,0.1549463388613065,56728.34496889995,4825088.0,7,stable,4123,135102464,2.6396917438945358,
e5m-039,e5m,full,32768,9.880058839221806e-05,0.9974735926428158,0.9998658168526883,0.11861908502691353,0.1549463388613065,56728.34496889995,4825088.0,8,stable,4712,154402816,2.5997187130770336,
e5m-039,e5m,full,32768,9.880058839221806e-05,0.9974735926428158,0.9998658168526883,0.11861908502691353,0.1549463388613065,56728.34496889995,4825088.0,8,decay,5890,193003520,2.563641080586315,
e5m-040,e5m,full,1048576,0.0004952956777970933,0.9945635607607924,0.9795998048690017,0.005087538670451805,0.1724759244389144,5051.615345197526,4825088.0,1,stable,18,18874368,3.680700887452186,
e5m-040,e5m,full,1048576,0.0004952956777970933,0.9945635607607924,0.9795998048690017,0.005087538670451805,0.1724759244389144,5051.615345197526,4825088.0,2,stable,36,37748736,3.5056006856311073,
e5m-040,e5m,full,1048576,0.0004952956777970933,0.9945635607607924,0.9795998048690017,0.005087538670451805,0.1724759244389144,5051.615345197526,4825088.0,3,stable,54,56623104,3.359924455806586,
e5m-040,e5m,full,1048576,0.0004952956777970933,0.9945635607607924,0.9795998048690017,0.005087538670451805,0.1724759244389144,5051.615345197526,4825088.0,4,stable,72,75497472,3.246211827845437,
e5m-040,e5m,full,1048576,0.0004952956777970933,0.9945635607607924,0.9795998048690017,0.005087538670451805,0.1724759244389144,5051.615345197526,4825088.0,5,stable,90,94371840,3.157210292595626,
e5m-040,e5m,full,1048576,0.0004952956777970933,0.9945635607607924,0.9795998048690017,0.005087538670451805,0.1724759244389144,5051.615345197526,4825088.0,6,stable,108,113246208,3.084962526012637,
e5m-040,e5m,full,1048576,0.0004952956777970933,0.9945635607607924,0.9795998048690017,0.005087538670451805,0.1724759244389144,5051.615345197526,4825088.0,7,stable,126,132120576,3.0234977466834523,
e5m-040,e5m,full,1048576,0.0004952956777970933,0.9945635607607924,0.9795998048690017,0.005087538670451805,0.1724759244389144,5051.615345197526,4825088.0,8,stable,144,150994944,2.9683108599294856,
e5m-040,e5m,full,1048576,0.0004952956777970933,0.9945635607607924,0.9795998048690017,0.005087538670451805,0.1724759244389144,5051.615345197526,4825088.0,8,decay,180,188743680,2.918877762939989,
e5m-041,e5m,full,1048576,0.07918334091638372,0.8465155628857738,0.999193370360093,0.003837010528997455,0.00020264767862349545,1868.629473824842,4825088.0,1,stable,18,18874368,2.8676264242068363,
e5m-041,e5m,full,1048576,0.07918334091638372,0.8465155628857738,0.999193370360093,0.003837010528997455,0.00020264767862349545,1868.629473824842,4825088.0,2,stable,36,37748736,2.823794632655138,
e5m-041,e5m,full,1048576,0.07918334091638372,0.8465155628857738,0.999193370360093,0.003837010528997455,0.00020264767862349545,1868.629473824842,4825088.0,3,stable,54,56623104,2.753854334010066,
e5m-041,e5m,full,1048576,0.07918334091638372,0.8465155628857738,0.999193370360093,0.003837010528997455,0.00020264767862349545,1868.629473824842,4825088.0,4,stable,72,75497472,2.6840861084415857,
e5m-041,e5m,full,1048576,0.07918334091638372,0.8465155628857738,0.999193370360093,0.003837010528997455,0.00020264767862349545,1868.629473824842,4825088.0,5,stable,90,94371840,2.6527172300004427,
e5m-041,e5m,full,1048576,0.07918334091638372,0.8465155628857738,0.999193370360093,0.003837010528997455,0.00020264767862349545,1868.629473824842,4825088.0,6,stable,108,113246208,2.630552337153178,
e5m-041,e5m,full,1048576,0.07918334091638372,0.8465155628857738,0.999193370360093,0.003837010528997455,0.00020264767862349545,1868.629473824842,4825088.0,7,stable,126,132120576,2.5870875267852123,
e5m-041,e5m,full,1048576,0.07918334091638372,0.8465155628857738,0.999193370360093,0.003837010528997455,0.00020264767862349545,1868.629473824842,4825088.0,8,stable,144,150994944,2.5600373649692947,
e5m-041,e5m,full,1048576,0.07918334091638372,0.8465155628857738,0.999193370360093,0.003837010528997455,0.00020264767862349545,1868.629473824842,4825088.0,8,decay,180,188743680,2.4932332749280777,
e5m-042,e5m,full,262144,0.0006742760768268959,0.998892704210603,0.986802950451107,0.0036077253276699806,0.0001563977082220765,17680.376828498094,4825088.0,1,stable,74,19398656,3.1565815496731795,
e5m-042,e5m,full,262144,0.0006742760768268959,0.998892704210603,0.986802950451107,0.0036077253276699806,0.0001563977082220765,17680.376828498094,4825088.0,2,stable,148,38797312,2.9115410674600235,
e5m-042,e5m,full,262144,0.0006742760768268959,0.998892704210603,0.986802950451107,0.0036077253276699806,0.0001563977082220765,17680.376828498094,4825088.0,3,stable,222,58195968,2.8027284696050536,
e5m-042,e5m,full,262144,0.0006742760768268959,0.998892704210603,0.986802950451107,0.0036077253276699806,0.0001563977082220765,17680.376828498094,4825088.0,4,stable,296,77594624,2.756924699849849,
e5m-042,e5m,full,262144,0.0006742760768268959,0.998892704210603,0.986802950451107,0.0036077253276699806,0.0001563977082220765,17680.376828498094,4825088.0,5,stable,370,96993280,2.730701519162646,
e5m-042,e5m,full,262144,0.0006742760768268959,0.998892704210603,0.986802950451107,0.0036077253276699806,0.0001563977082220765,17680.376828498094,4825088.0,6,stable,444,116391936,2.706306818540827,
e5m-042,e5m,full,262144,0.0006742760768268959,0.998892704210603,0.986802950451107,0.0036077253276699806,0.0001563977082220765,17680.376828498094,4825088.0,7,stable,518,135790592,2.687229513206241,
e5m-042,e5m,full,262144,0.0006742760768268959,0.998892704210603,0.986802950451107,0.0036077253276699806,0.0001563977082220765,17680.376828498094,4825088.0,8,stable,592,155189248,2.6710560280668245,
e5m-042,e5m,full,262144,0.0006742760768268959,0.998892704210603,0.986802950451107,0.0036077253276699806,0.0001563977082220765,17680.376828498094,4825088.0,8,decay,740,193986560,2.6534638542294458,
e5m-043,e5m,full,2097152,0.02624280407103824,0.8182206162726945,0.9764300251815208,0.009060614343872469,0.06355641475956493,123751.47606248439,4825088.0,1,stable,9,18874368,3.0354174346414022,
e5m-043,e5m,full,2097152,0.02624280407103824,0.8182206162726945,0.9764300251815208,0.009060614343872469,0.06355641475956493,123751.47606248439,4825088.0,2,stable,18,37748736,2.9171607308622796,
e5m-043,e5m,full,2097152,0.02624280407103824,0.8182206162726945,0.9764300251815208,0.009060614343872469,0.06355641475956493,123751.47606248439,4825088.0,3,stable,27,56623104,2.810275018355963,
e5m-043,e5m,full,2097152,0.02624280407103824,0.8182206162726945,0.9764300251815208,0.009060614343872469,0.06355641475956493,123751.47606248439,4825088.0,4,stable,36,75497472,2.737180582194497,
e5m-043,e5m,full,2097152,0.02624280407103824,0.8182206162726945,0.9764300251815208,0.009060614343872469,0.06355641475956493,123751.47606248439,4825088.0,5,stable,45,94371840,2.683012344995422,
e5m-043,e5m,full,2097152,0.02624280407103824,0.8182206162726945,0.9764300251815208,0.009060614343872469,0.06355641475956493,123751.47606248439,4825088.0,6,stable,54,113246208,2.645996229522091,
e5m-043,e5m,full,2097152,0.02624280407103824,0.8182206162726945,0.9764300251815208,0.009060614343872469,0.06355641475956493,123751.47606248439,4825088.0,7,stable,63,132120576,2.6274475452342743,
e5m-043,e5m,full,2097152,0.02624280407103824,0.8182206162726945,0.9764300251815208,0.009060614343872469,0.06355641475956493,123751.47606248439,4825088.0,8,stable,72,150994944,2.5991495864851406,
e5m-043,e5m,full,2097152,0.02624280407103824,0.8182206162726945,0.9764300251815208,0.009060614343872469,0.06355641475956493,123751.47606248439,4825088.0,8,decay,90,188743680,2.5538657693209794,
e5m-044,e5m,full,65536,0.0003282372432264394,0.8839062082715322,0.9728016992443308,0.0417066240011981,0.03815339847973865,20139.805649847673,4825088.0,1,stable,294,19267584,2.920879733008815,
e5m-044,e5m,full,65536,0.0003282372432264394,0.8839062082715322,0.9728016992443308,0.0417066240011981,0.03815339847973865,20139.805649847673,4825088.0,2,stable,588,38535168,2.655212260318467,
e5m-044,e5m,full,65536,0.0003282372432264394,0.8839062082715322,0.9728016992443308,0.0417066240011981,0.03815339847973865,20139.805649847673,4825088.0,3,stable,882,57802752,2.5382662412576527,
e5m-044,e5m,full,65536,0.0003282372432264394,0.8839062082715322,0.9728016992443308,0.0417066240011981,0.03815339847973865,20139.805649847673,4825088.0,4,stable,1176,77070336,2.464917803294603,
e5m-044,e5m,full,65536,0.0003282372432264394,0.8839062082715322,0.9728016992443308,0.0417066240011981,0.03815339847973865,20139.805649847673,4825088.0,5,stable,1470,96337920,2.4029111626514874,
e5m-044,e5m,full,65536,0.0003282372432264394,0.8839062082715322,0.9728016992443308,0.0417066240011981,0.03815339847973865,20139.805649847673,4825088.0,6,stable,1764,115605504,2.3496418757427024,
e5m-044,e5m,full,65536,0.0003282372432264394,0.8839062082715322,0.9728016992443308,0.0417066240011981,0.03815339847973865,20139.805649847673,4825088.0,7,stable,2058,134873088,2.3058164036580497,
e5m-044,e5m,full,65536,0.0003282372432264394,0.8839062082715322,0.9728016992443308,0.0417066240011981,0.03815339847973865,20139.805649847673,4825088.0,8,stable,2352,154140672,2.2667898527591137,
e5m-044,e5m,full,65536,0.0003282372432264394,0.8839062082715322,0.9728016992443308,0.0417066240011981,0.03815339847973865,20139.805649847673,4825088.0,8,decay,2940,192675840,2.2276975099975873,
e5m-045,e5m,full,32768,0.0005910442818470754,0.8711310611325795,0.9998068920265251,0.0029938504894727767,0.0189375413145364,10570.135651441171,4825088.0,1,stable,589,19300352,2.548654065143906,
e5m-045,e5m,full,32768,0.0005910442818470754,0.8711310611325795,0.9998068920265251,0.0029938504894727767,0.0189375413145364,10570.135651441171,4825088.0,2,stable,1178,38600704,2.3555646611039847,
e5m-045,e5m,full,32768,0.0005910442818470754,0.8711310611325795,0.9998068920265251,0.0029938504894727767,0.0189375413145364,10570.135651441171,4825088.0,3,stable,1767,57901056,2.2379449710912867,
e5m-045,e5m,full,32768,0.0005910442818470754,0.8711310611325795,0.9998068920265251,0.0029938504894727767,0.0189375413145364,10570.135651441171,4825088.0,4,stable,2356,77201408,2.1648710029005445,
e5m-045,e5m,full,32768,0.0005910442818470754,0.8711310611325795,0.9998068920265251,0.0029938504894727767,0.0189375413145364,10570.135651441171,4825088.0,5,stable,2945,96501760,2.119286530172284,
e5m-045,e5m,full,32768,0.0005910442818470754,0.8711310611325795,0.9998068920265251,0.0029938504894727767,0.0189375413145364,10570.135651441171,4825088.0,6,stable,3534,115802112,2.0814169307942447,
e5m-045,e5m,full,32768,0.0005910442818470754,0.8711310611325795,0.9998068920265251,0.0029938504894727767,0.0189375413145364,10570.135651441171,4825088.0,7,stable,4123,135102464,2.054963977971486,
e5m-045,e5m,full,32768,0.0005910442818470754,0.8711310611325795,0.9998068920265251,0.0029938504894727767,0.0189375413145364,10570.135651441171,4825088.0,8,stable,4712,154402816,2.0349080084310756,
e5m-045,e5m,full,32768,0.0005910442818470754,0.8711310611325795,0.9998068920265251,0.0029938504894727767,0.0189375413145364,10570.135651441171,4825088.0,8,decay,5890,193003520,1.9996109502879689,
e5m-046,e5m,full,2097152,0.004506165578048389,0.9829634926202616,0.9542422811716518,0.0018411205640625117,0.5278774697374932,1062.906419056715,4825088.0,1,stable,9,18874368,3.240210286851606,
e5m-046,e5m,full,2097152,0.004506165578048389,0.9829634926202616,0.9542422811716518,0.0018411205640625117,0.5278774697374932,1062.906419056715,4825088.0,2,stable,18,37748736,2.919364714582029,
e5m-046,e5m,full,2097152,0.004506165578048389,0.9829634926202616,0.9542422811716518,0.0018411205640625117,0.5278774697374932,1062.906419056715,4825088.0,3,stable,27,56623104,2.7765196664449325,
e5m-046,e5m,full,2097152,0.004506165578048389,0.9829634926202616,0.9542422811716518,0.0018411205640625117,0.5278774697374932,1062.906419056715,4825088.0,4,stable,36,75497472,2.7273608415349457,
e5m-046,e5m,full,2097152,0.004506165578048389,0.9829634926202616,0.9542422811716518,0.0018411205640625117,0.5278774697374932,1062.906419056715,4825088.0,5,stable,45,94371840,2.6960341782036945,
e5m-046,e5m,full,2097152,0.004506165578048389,0.9829634926202616,0.9542422811716518,0.0018411205640625117,0.5278774697374932,1062.906419056715,4825088.0,6,stable,54,113246208,2.6666402569276135,
e5m-046,e5m,full,2097152,0.004506165578048389,0.9829634926202616,0.9542422811716518,0.0018411205640625117,0.5278774697374932,1062.906419056715,4825088.0,7,stable,63,132120576,2.6407715991682386,
e5m-046,e5m,full,2097152,0.004506165578048389,0.9829634926202616,0.9542422811716518,0.0018411205640625117,0.5278774697374932,1062.906419056715,4825088.0,8,stable,72,150994944,2.619415560763573,
e5m-046,e5m,full,2097152,0.004506165578048389,0.9829634926202616,0.9542422811716518,0.0018411205640625117,0.5278774697374932,1062.906419056715,4825088.0,8,decay,90,188743680,2.5966976283710426,
e5m-047,e5m,full,524288,0.04018019114970363,0.996823307762078,0.9996310201716448,0.0012562424096799127,0.00031090707331976527,5023.317349730006,4825088.0,1,stable,37,19398656,2.8403596785928764,
e5m-047,e5m,full,524288,0.04018019114970363,0.996823307762078,0.9996310201716448,0.0012562424096799127,0.00031090707331976527,5023.317349730006,4825088.0,2,stable,74,38797312,2.7605080758284397,
e5m-047,e5m,full,524288,0.04018019114970363,0.996823307762078,0.9996310201716448,0.0012562424096799127,0.00031090707331976527,5023.317349730006,4825088.0,3,stable,111,58195968,2.7218339068211863,
e5m-047,e5m,full,524288,0.04018019114970363,0.996823307762078,0.9996310201716448,0.0012562424096799127,0.00031090707331976527,5023.317349730006,4825088.0,4,stable,148,77594624,2.7003101188913172,
e5m-047,e5m,full,524288,0.04018019114970363,0.996823307762078,0.9996310201716448,0.0012562424096799127,0.00031090707331976527,5023.317349730006,4825088.0,5,stable,185,96993280,2.6892080940488,
e5m-047,e5m,full,524288,0.04018019114970363,0.996823307762078,0.9996310201716448,0.0012562424096799127,0.00031090707331976527,5023.317349730006,4825088.0,6,stable,222,116391936,2.6785358694886976,
e5m-047,e5m,full,524288,0.04018019114970363,0.996823307762078,0.9996310201716448,0.0012562424096799127,0.00031090707331976527,5023.317349730006,4825088.0,7,stable,259,135790592,2.666051530084074,
e5m-047,e5m,full,524288,0.04018019114970363,0.996823307762078,0.9996310201716448,0.0012562424096799127,0.00031090707331976527,5023.317349730006,4825088.0,8,stable,296,155189248,2.655332604519211,
e5m-047,e5m,full,524288,0.04018019114970363,0.996823307762078,0.9996310201716448,0.0012562424096799127,0.00031090707331976527,5023.317349730006,4825088.0,8,decay,370,193986560,2.64269785826957,
e5m-048,e5m,full,262144,2.1014736500816388e-05,0.9861892900319179,0.985762922405145,0.030695862309191618,0.00012895121318841243,12045.141709523345,4825088.0,1,stable,74,19398656,3.8377220796909333,
e5m-048,e5m,full,262144,2.1014736500816388e-05,0.9861892900319179,0.985762922405145,0.030695862309191618,0.00012895121318841243,12045.141709523345,4825088.0,2,stable,148,38797312,3.806130953840638,
e5m-048,e5m,full,262144,2.1014736500816388e-05,0.9861892900319179,0.985762922405145,0.030695862309191618,0.00012895121318841243,12045.141709523345,4825088.0,3,stable,222,58195968,3.7718466472731387,
e5m-048,e5m,full,262144,2.1014736500816388e-05,0.9861892900319179,0.985762922405145,0.030695862309191618,0.00012895121318841243,12045.141709523345,4825088.0,4,stable,296,77594624,3.7384395222392186,
e5m-048,e5m,full,262144,2.1014736500816388e-05,0.9861892900319179,0.985762922405145,0.030695862309191618,0.00012895121318841243,12045.141709523345,4825088.0,5,stable,370,96993280,3.70380004303485,
e5m-048,e5m,full,262144,2.1014736500816388e-05,0.9861892900319179,0.985762922405145,0.030695862309191618,0.00012895121318841243,12045.141709523345,4825088.0,6,stable,444,116391936,3.6688264958082937,
e5m-048,e5m,full,262144,2.1014736500816388e-05,0.9861892900319179,0.985762922405145,0.030695862309191618,0.00012895121318841243,12045.141709523345,4825088.0,7,stable,518,135790592,3.6341065428919124,
e5m-048,e5m,full,262144,2.1014736500816388e-05,0.9861892900319179,0.985762922405145,0.030695862309191618,0.00012895121318841243,12045.141709523345,4825088.0,8,stable,592,155189248,3.6003247873593187,
e5m-048,e5m,full,262144,2.1014736500816388e-05,0.9861892900319179,0.985762922405145,0.030695862309191618,0.00012895121318841243,12045.141709523345,4825088.0,8,decay,740,193986560,3.5677600495654103,
e5m-049,e5m,full,262144,5.4069885047173075e-05,0.9857538044016837,0.9996528851059431,0.006876878548016005,0.00016164894944840333,93158.51570119565,4825088.0,1,stable,74,19398656,3.7818866817473045,
e5m-049,e5m,full,262144,5.4069885047173075e-05,0.9857538044016837,0.9996528851059431,0.006876878548016005,0.00016164894944840333,93158.51570119565,4825088.0,2,stable,148,38797312,3.6946316454257704,
e5m-049,e5m,full,262144,5.4069885047173075e-05,0.9857538044016837,0.9996528851059431,0.006876878548016005,0.00016164894944840333,93158.51570119565,4825088.0,3,stable,222,58195968,3.604657406322929,
e5m-049,e5m,full,262144,5.4069885047173075e-05,0.9857538044016837,0.9996528851059431,0.006876878548016005,0.00016164894944840333,93158.51570119565,4825088.0,4,stable,296,77594624,3.5193234247387624,
e5m-049,e5m,full,262144,5.4069885047173075e-05,0.9857538044016837,0.9996528851059431,0.006876878548016005,0.00016164894944840333,93158.51570119565,4825088.0,5,stable,370,96993280,3.441964074040983,
e5m-049,e5m,full,262144,5.4069885047173075e-05,0.9857538044016837,0.9996528851059431,0.006876878548016005,0.00016164894944840333,93158.51570119565,4825088.0,6,stable,444,116391936,3.372962674891453,
e5m-049,e5m,full,262144,5.4069885047173075e-05,0.9857538044016837,0.9996528851059431,0.006876878548016005,0.00016164894944840333,93158.51570119565,4825088.0,7,stable,518,135790592,3.311797017422839,
e5m-049,e5m,full,262144,5.4069885047173075e-05,0.9857538044016837,0.9996528851059431,0.006876878548016005,0.00016164894944840333,93158.51570119565,4825088.0,8,stable,592,155189248,3.256910778310141,
e5m-049,e5m,full,262144,5.4069885047173075e-05,0.9857538044016837,0.9996528851059431,0.006876878548016005,0.00016164894944840333,93158.51570119565,4825088.0,8,decay,740,193986560,3.207771098985835,
e5m-050,e5m,full,1048576,3.604698323572228e-05,0.7850334515310317,0.9994929176416734,0.011994961270537162,0.19762563125365754,3204.4632259562222,4825088.0,1,stable,18,18874368,3.8448373043925144,
e5m-050,e5m,full,1048576,3.604698323572228e-05,0.7850334515310317,0.9994929176416734,0.011994961270537162,0.19762563125365754,3204.4632259562222,4825088.0,2,stable,36,37748736,3.8282588860326325,
e5m-050,e5m,full,1048576,3.604698323572228e-05,0.7850334515310317,0.9994929176416734,0.011994961270537162,0.19762563125365754,3204.4632259562222,4825088.0,3,stable,54,56623104,3.798378932285719,
e5m-050,e5m,full,1048576,3.604698323572228e-05,0.7850334515310317,0.9994929176416734,0.011994961270537162,0.19762563125365754,3204.4632259562222,4825088.0,4,stable,72,75497472,3.7715915050056155,
e5m-050,e5m,full,1048576,3.604698323572228e-05,0.7850334515310317,0.9994929176416734,0.011994961270537162,0.19762563125365754,3204.4632259562222,4825088.0,5,stable,90,94371840,3.748986340977408,
e5m-050,e5m,full,1048576,3.604698323572228e-05,0.7850334515310317,0.9994929176416734,0.011994961270537162,0.19762563125365754,3204.4632259562222,4825088.0,6,stable,108,113246208,3.728256111623509,
e5m-050,e5m,full,1048576,3.604698323572228e-05,0.7850334515310317,0.9994929176416734,0.011994961270537162,0.19762563125365754,3204.4632259562222,4825088.0,7,stable,126,132120576,3.708622091726453,
e5m-050,e5m,full,1048576,3.604698323572228e-05,0.7850334515310317,0.9994929176416734,0.011994961270537162,0.19762563125365754,3204.4632259562222,4825088.0,8,stable,144,150994944,3.6897263521498793,
e5m-050,e5m,full,1048576,3.604698323572228e-05,0.7850334515310317,0.9994929176416734,0.011994961270537162,0.19762563125365754,3204.4632259562222,4825088.0,8,decay,180,188743680,3.6721256036075243,
e5m-051,e5m,full,262144,0.0017068399475672182,0.9892809493331017,0.9995868572587068,0.01382764565874526,0.021629119491292245,196656.4895259263,4825088.0,1,stable,74,19398656,2.8417715674002317,
e5m-051,e5m,full,262144,0.0017068399475672182,0.9892809493331017,0.9995868572587068,0.01382764565874526,0.021629119491292245,196656.4895259263,4825088.0,2,stable,148,38797312,2.7134242185877917,
e5m-051,e5m,full,262144,0.0017068399475672182,0.9892809493331017,0.9995868572587068,0.01382764565874526,0.021629119491292245,196656.4895259263,4825088.0,3,stable,222,58195968,2.649388848156371,
e5m-051,e5m,full,262144,0.0017068399475672182,0.9892809493331017,0.9995868572587068,0.01382764565874526,0.021629119491292245,196656.4895259263,4825088.0,4,stable,296,77594624,2.6032034328889937,
e5m-051,e5m,full,262144,0.0017068399475672182,0.9892809493331017,0.9995868572587068,0.01382764565874526,0.021629119491292245,196656.4895259263,4825088.0,5,stable,370,96993280,2.5678743018699968,
e5m-051,e5m,full,262144,0.0017068399475672182,0.9892809493331017,0.9995868572587068,0.01382764565874526,0.021629119491292245,196656.4895259263,4825088.0,6,stable,444,116391936,2.537783353729795,
e5m-051,e5m,full,262144,0.0017068399475672182,0.9892809493331017,0.9995868572587068,0.01382764565874526,0.021629119491292245,196656.4895259263,4825088.0,7,stable,518,135790592,2.511397899481685,
e5m-051,e5m,full,262144,0.0017068399475672182,0.9892809493331017,0.9995868572587068,0.01382764565874526,0.021629119491292245,196656.4895259263,4825088.0,8,stable,592,155189248,2.4831628899260503,
e5m-051,e5m,full,262144,0.0017068399475672182,0.9892809493331017,0.9995868572587068,0.01382764565874526,0.021629119491292245,196656.4895259263,4825088.0,8,decay,740,193986560,2.4469850267196755,
e5m-052,e5m,full,32768,0.018398722049666204,0.8826993406157596,0.9996167632150027,0.021259369722352373,0.5684381304756694,200819.4912679369,4825088.0,1,stable,589,19300352,2.378108710627082,
e5m-052,e5m,full,32768,0.018398722049666204,0.8826993406157596,0.9996167632150027,0.021259369722352373,0.5684381304756694,200819.4912679369,4825088.0,2,stable,1178,38600704,2.2376168412125965,
e5m-052,e5m,full,32768,0.018398722049666204,0.8826993406157596,0.9996167632150027,0.021259369722352373,0.5684381304756694,200819.4912679369,4825088.0,3,stable,1767,57901056,2.175336828373932,
e5m-052,e5m,full,32768,0.018398722049666204,0.8826993406157596,0.9996167632150027,0.021259369722352373,0.5684381304756694,200819.4912679369,4825088.0,3,decay,2209,72384512,2.079315279587462,
e5m-052,e5m,full,32768,0.018398722049666204,0.8826993406157596,0.9996167632150027,0.021259369722352373,0.5684381304756694,200819.4912679369,4825088.0,4,stable,2356,77201408,2.1377876764262305,
e5m-052,e5m,full,32768,0.018398722049666204,0.8826993406157596,0.9996167632150027,0.021259369722352373,0.5684381304756694,200819.4912679369,4825088.0,4,decay,2945,96501760,2.0467837666720086,
e5m-052,e5m,full,32768,0.018398722049666204,0.8826993406157596,0.9996167632150027,0.021259369722352373,0.5684381304756694,200819.4912679369,4825088.0,5,stable,2945,96501760,2.1322872866430354,
e5m-052,e5m,full,32768,0.018398722049666204,0.8826993406157596,0.9996167632150027,0.021259369722352373,0.5684381304756694,200819.4912679369,4825088.0,5,decay,3681,120619008,2.025843938196331,
e5m-052,e5m,full,32768,0.018398722049666204,0.8826993406157596,0.9996167632150027,0.021259369722352373,0.5684381304756694,200819.4912679369,4825088.0,6,stable,3534,115802112,2.1069824508931716,
e5m-052,e5m,full,32768,0.018398722049666204,0.8826993406157596,0.9996167632150027,0.021259369722352373,0.5684381304756694,200819.4912679369,4825088.0,6,decay,4418,144769024,2.011180248526039,
e5m-052,e5m,full,32768,0.018398722049666204,0.8826993406157596,0.9996167632150027,0.021259369722352373,0.5684381304756694,200819.4912679369,4825088.0,7,stable,4123,135102464,2.0989233085537435,
e5m-052,e5m,full,32768,0.018398722049666204,0.8826993406157596,0.9996167632150027,0.021259369722352373,0.5684381304756694,200819.4912679369,4825088.0,7,decay,5154,168886272,2.0030727673562083,
e5m-052,e5m,full,32768,0.018398722049666204,0.8826993406157596,0.9996167632150027,0.021259369722352373,0.5684381304756694,200819.4912679369,4825088.0,8,stable,4712,154402816,2.102289279257681,
e5m-052,e5m,full,32768,0.018398722049666204,0.8826993406157596,0.9996167632150027,0.021259369722352373,0.5684381304756694,200819.4912679369,4825088.0,8,decay,5890,193003520,1.9930132711596147,
e5m-053,e5m,full,2097152,0.02284080876306778,0.9949388106885607,0.981975989905937,0.02075947006925865,0.0003345176105366858,5664.779575982716,4825088.0,1,stable,9,18874368,3.095861859178505,
e5m-053,e5m,full,2097152,0.02284080876306778,0.9949388106885607,0.981975989905937,0.02075947006925865,0.0003345176105366858,5664.779575982716,4825088.0,2,stable,18,37748736,2.87322241959702,
e5m-053,e5m,full,2097152,0.02284080876306778,0.9949388106885607,0.981975989905937,0.02075947006925865,0.0003345176105366858,5664.779575982716,4825088.0,3,stable,27,56623104,2.8167740877132936,
e5m-053,e5m,full,2097152,0.02284080876306778,0.9949388106885607,0.981975989905937,0.02075947006925865,0.0003345176105366858,5664.779575982716,4825088.0,4,stable,36,75497472,2.793621761708652,
e5m-053,e5m,full,2097152,0.02284080876306778,0.9949388106885607,0.981975989905937,0.02075947006925865,0.0003345176105366858,5664.779575982716,4825088.0,5,stable,45,94371840,2.7789610468773525,
e5m-053,e5m,full,2097152,0.02284080876306778,0.9949388106885607,0.981975989905937,0.02075947006925865,0.0003345176105366858,5664.779575982716,4825088.0,6,stable,54,113246208,2.764159403922284,
e5m-053,e5m,full,2097152,0.02284080876306778,0.9949388106885607,0.981975989905937,0.02075947006925865,0.0003345176105366858,5664.779575982716,4825088.0,7,stable,63,132120576,2.7513980129643736,
e5m-053,e5m,full,2097152,0.02284080876306778,0.9949388106885607,0.981975989905937,0.02075947006925865,0.0003345176105366858,5664.779575982716,4825088.0,8,stable,72,150994944,2.7414794318701317,
e5m-053,e5m,full,2097152,0.02284080876306778,0.9949388106885607,0.981975989905937,0.02075947006925865,0.0003345176105366858,5664.779575982716,4825088.0,8,decay,90,188743680,2.728752614987573,
e5m-054,e5m,full,524288,1.092776740679262e-05,0.8235169971404881,0.9964073894594783,0.10801824933976312,0.00021386773114253661,4346.77095037677,4825088.0,1,stable,37,19398656,3.8491816261493708,
e5m-054,e5m,full,524288,1.092776740679262e-05,0.8235169971404881,0.9964073894594783,0.10801824933976312,0.00021386773114253661,4346.77095037677,4825088.0,2,stable,74,38797312,3.8445163577366417,
e5m-054,e5m,full,524288,1.092776740679262e-05,0.8235169971404881,0.9964073894594783,0.10801824933976312,0.00021386773114253661,4346.77095037677,4825088.0,3,stable,111,58195968,3.8341499006150452,
e5m-054,e5m,full,524288,1.092776740679262e-05,0.8235169971404881,0.9964073894594783,0.10801824933976312,0.00021386773114253661,4346.77095037677,4825088.0,4,stable,148,77594624,3.8166578227767203,
e5m-054,e5m,full,524288,1.092776740679262e-05,0.8235169971404881,0.9964073894594783,0.10801824933976312,0.00021386773114253661,4346.77095037677,4825088.0,5,stable,185,96993280,3.7988956877646674,
e5m-054,e5m,full,524288,1.092776740679262e-05,0.8235169971404881,0.9964073894594783,0.10801824933976312,0.00021386773114253661,4346.77095037677,4825088.0,6,stable,222,116391936,3.7834163911329193,
e5m-054,e5m,full,524288,1.092776740679262e-05,0.8235169971404881,0.9964073894594783,0.10801824933976312,0.00021386773114253661,4346.77095037677,4825088.0,7,stable,259,135790592,3.7698926634589602,
e5m-054,e5m,full,524288,1.092776740679262e-05,0.8235169971404881,0.9964073894594783,0.10801824933976312,0.00021386773114253661,4346.77095037677,4825088.0,8,stable,296,155189248,3.757449635160654,
e5m-054,e5m,full,524288,1.092776740679262e-05,0.8235169971404881,0.9964073894594783,0.10801824933976312,0.00021386773114253661,4346.77095037677,4825088.0,8,decay,370,193986560,3.7458960399251717,
e5m-055,e5m,full,2097152,0.0847755486296819,0.7550422194641969,0.9475824880219074,0.023162114766052504,0.0032533328287278596,40798.457763926985,4825088.0,1,stable,9,18874368,3.3390099332874428,
e5m-055,e5m,full,2097152,0.0847755486296819,0.7550422194641969,0.9475824880219074,0.023162114766052504,0.0032533328287278596,40798.457763926985,4825088.0,2,stable,18,37748736,2.9464263491829517,
e5m-055,e5m,full,2097152,0.0847755486296819,0.7550422194641969,0.9475824880219074,0.023162114766052504,0.0032533328287278596,40798.457763926985,4825088.0,3,stable,27,56623104,2.861952844974115,
e5m-055,e5m,full,2097152,0.0847755486296819,0.7550422194641969,0.9475824880219074,0.023162114766052504,0.0032533328287278596,40798.457763926985,4825088.0,4,stable,36,75497472,2.8444478408595115,
e5m-055,e5m,full,2097152,0.0847755486296819,0.7550422194641969,0.9475824880219074,0.023162114766052504,0.0032533328287278596,40798.457763926985,4825088.0,5,stable,45,94371840,2.841017916053231,
e5m-055,e5m,full,2097152,0.0847755486296819,0.7550422194641969,0.9475824880219074,0.023162114766052504,0.0032533328287278596,40798.457763926985,4825088.0,6,stable,54,113246208,2.8493742619230136,
e5m-055,e5m,full,2097152,0.0847755486296819,0.7550422194641969,0.9475824880219074,0.023162114766052504,0.0032533328287278596,40798.457763926985,4825088.0,7,stable,63,132120576,2.8267251040542156,
e5m-055,e5m,full,2097152,0.0847755486296819,0.7550422194641969,0.9475824880219074,0.023162114766052504,0.0032533328287278596,40798.457763926985,4825088.0,8,stable,72,150994944,2.8168944452524696,
e5m-055,e5m,full,2097152,0.0847755486296819,0.7550422194641969,0.9475824880219074,0.023162114766052504,0.0032533328287278596,40798.457763926985,4825088.0,8,decay,90,188743680,2.7568760025289927,
e5m-056,e5m,full,131072,0.0010823774518772169,0.8658820994792044,0.9753538606022841,0.011087156574085889,0.8633492438755399,2203.7921851753263,4825088.0,1,stable,147,19267584,2.7069344428885125,
e5m-056,e5m,full,131072,0.0010823774518772169,0.8658820994792044,0.9753538606022841,0.011087156574085889,0.8633492438755399,2203.7921851753263,4825088.0,2,stable,294,38535168,2.4883312284154653,
e5m-056,e5m,full,131072,0.0010823774518772169,0.8658820994792044,0.9753538606022841,0.011087156574085889,0.8633492438755399,2203.7921851753263,4825088.0,3,stable,441,57802752,2.357998313257494,
e5m-056,e5m,full,131072,0.0010823774518772169,0.8658820994792044,0.9753538606022841,0.011087156574085889,0.8633492438755399,2203.7921851753263,4825088.0,4,stable,588,77070336,2.270083000884513,
e5m-056,e5m,full,131072,0.0010823774518772169,0.8658820994792044,0.9753538606022841,0.011087156574085889,0.8633492438755399,2203.7921851753263,4825088.0,5,stable,735,96337920,2.209882325594814,
e5m-056,e5m,full,131072,0.0010823774518772169,0.8658820994792044,0.9753538606022841,0.011087156574085889,0.8633492438755399,2203.7921851753263,4825088.0,6,stable,882,115605504,2.1614622778608505,
e5m-056,e5m,full,131072,0.0010823774518772169,0.8658820994792044,0.9753538606022841,0.011087156574085889,0.8633492438755399,2203.7921851753263,4825088.0,7,stable,1029,134873088,2.126412518407901,
e5m-056,e5m,full,131072,0.0010823774518772169,0.8658820994792044,0.9753538606022841,0.011087156574085889,0.8633492438755399,2203.7921851753263,4825088.0,8,stable,1176,154140672,2.098537783726218,
e5m-056,e5m,full,131072,0.0010823774518772169,0.8658820994792044,0.9753538606022841,0.011087156574085889,0.8633492438755399,2203.7921851753263,4825088.0,8,decay,1470,192675840,2.0588603227011855,
e5m-057,e5m,full,524288,4.739159615750968e-05,0.7062839058943412,0.9994945711179616,0.018968583976699174,0.0009215080721834798,248809.06669009084,4825088.0,1,stable,37,19398656,3.812570116745983,
e5m-057,e5m,full,524288,4.739159615750968e-05,0.7062839058943412,0.9994945711179616,0.018968583976699174,0.0009215080721834798,248809.06669009084,4825088.0,2,stable,74,38797312,3.747506747342428,
e5m-057,e5m,full,524288,4.739159615750968e-05,0.7062839058943412,0.9994945711179616,0.018968583976699174,0.0009215080721834798,248809.06669009084,4825088.0,3,stable,111,58195968,3.695738552802998,
e5m-057,e5m,full,524288,4.739159615750968e-05,0.7062839058943412,0.9994945711179616,0.018968583976699174,0.0009215080721834798,248809.06669009084,4825088.0,4,stable,148,77594624,3.648048766130787,
e5m-057,e5m,full,524288,4.739159615750968e-05,0.7062839058943412,0.9994945711179616,0.018968583976699174,0.0009215080721834798,248809.06669009084,4825088.0,5,stable,185,96993280,3.603694904063198,
e5m-057,e5m,full,524288,4.739159615750968e-05,0.7062839058943412,0.9994945711179616,0.018968583976699174,0.0009215080721834798,248809.06669009084,4825088.0,6,stable,222,116391936,3.56240598603175,
e5m-057,e5m,full,524288,4.739159615750968e-05,0.7062839058943412,0.9994945711179616,0.018968583976699174,0.0009215080721834798,248809.06669009084,4825088.0,7,stable,259,135790592,3.52390283686904,
e5m-057,e5m,full,524288,4.739159615750968e-05,0.7062839058943412,0.9994945711179616,0.018968583976699174,0.0009215080721834798,248809.06669009084,4825088.0,8,stable,296,155189248,3.48768430375575,
e5m-057,e5m,full,524288,4.739159615750968e-05,0.7062839058943412,0.9994945711179616,0.018968583976699174,0.0009215080721834798,248809.06669009084,4825088.0,8,decay,370,193986560,3.454408014091989,
e5m-058,e5m,full,262144,0.0017690338105895498,0.8911179555309213,0.9676482895969765,0.015952238310111236,0.004342930716150375,309194.4064364354,4825088.0,1,stable,74,19398656,2.764993390113677,
e5m-058,e5m,full,262144,0.0017690338105895498,0.8911179555309213,0.9676482895969765,0.015952238310111236,0.004342930716150375,309194.4064364354,4825088.0,2,stable,148,38797312,2.5795892064806716,
e5m-058,e5m,full,262144,0.0017690338105895498,0.8911179555309213,0.9676482895969765,0.015952238310111236,0.004342930716150375,309194.4064364354,4825088.0,3,stable,222,58195968,2.4528847805344274,
e5m-058,e5m,full,262144,0.0017690338105895498,0.8911179555309213,0.9676482895969765,0.015952238310111236,0.004342930716150375,309194.4064364354,4825088.0,4,stable,296,77594624,2.3620558982102398,
e5m-058,e5m,full,262144,0.0017690338105895498,0.8911179555309213,0.9676482895969765,0.015952238310111236,0.004342930716150375,309194.4064364354,4825088.0,5,stable,370,96993280,2.2891934658433106,
e5m-058,e5m,full,262144,0.0017690338105895498,0.8911179555309213,0.9676482895969765,0.015952238310111236,0.004342930716150375,309194.4064364354,4825088.0,6,stable,444,116391936,2.2261792577677615,
e5m-058,e5m,full,262144,0.0017690338105895498,0.8911179555309213,0.9676482895969765,0.015952238310111236,0.004342930716150375,309194.4064364354,4825088.0,7,stable,518,135790592,2.178692734557326,
e5m-058,e5m,full,262144,0.0017690338105895498,0.8911179555309213,0.9676482895969765,0.015952238310111236,0.004342930716150375,309194.4064364354,4825088.0,8,stable,592,155189248,2.1399345273856265,
e5m-058,e5m,full,262144,0.0017690338105895498,0.8911179555309213,0.9676482895969765,0.015952238310111236,0.004342930716150375,309194.4064364354,4825088.0,8,decay,740,193986560,2.0954315271718156,
e5m-059,e5m,full,131072,3.235209041179397e-05,0.9884755077906395,0.9942969758645944,0.03729443664781019,0.0009537645574365637,38317.95774441024,4825088.0,1,stable,147,19267584,3.7891051749779407,
e5m-059,e5m,full,131072,3.235209041179397e-05,0.9884755077906395,0.9942969758645944,0.03729443664781019,0.0009537645574365637,38317.95774441024,4825088.0,2,stable,294,38535168,3.693887000359981,
e5m-059,e5m,full,131072,3.235209041179397e-05,0.9884755077906395,0.9942969758645944,0.03729443664781019,0.0009537645574365637,38317.95774441024,4825088.0,3,stable,441,57802752,3.5950536743597636,
e5m-059,e5m,full,131072,3.235209041179397e-05,0.9884755077906395,0.9942969758645944,0.03729443664781019,0.0009537645574365637,38317.95774441024,4825088.0,4,stable,588,77070336,3.5032571457542283,
e5m-059,e5m,full,131072,3.235209041179397e-05,0.9884755077906395,0.9942969758645944,0.03729443664781019,0.0009537645574365637,38317.95774441024,4825088.0,5,stable,735,96337920,3.421105537052862,
e5m-059,e5m,full,131072,3.235209041179397e-05,0.9884755077906395,0.9942969758645944,0.03729443664781019,0.0009537645574365637,38317.95774441024,4825088.0,6,stable,882,115605504,3.3483570008703882,
e5m-059,e5m,full,131072,3.235209041179397e-05,0.9884755077906395,0.9942969758645944,0.03729443664781019,0.0009537645574365637,38317.95774441024,4825088.0,7,stable,1029,134873088,3.283938261568397,
e5m-059,e5m,full,131072,3.235209041179397e-05,0.9884755077906395,0.9942969758645944,0.03729443664781019,0.0009537645574365637,38317.95774441024,4825088.0,8,stable,1176,154140672,3.2261148533007242,
e5m-059,e5m,full,131072,3.235209041179397e-05,0.9884755077906395,0.9942969758645944,0.03729443664781019,0.0009537645574365637,38317.95774441024,4825088.0,8,decay,1470,192675840,3.1738773329013905,
e5m-060,e5m,full,262144,0.04547138174795414,0.9972566478976317,0.9984169827801849,0.002288954808683614,0.00014148619340967686,3772.7175049868893,4825088.0,1,stable,74,19398656,2.789012245516157,
e5m-060,e5m,full,262144,0.04547138174795414,0.9972566478976317,0.9984169827801849,0.002288954808683614,0.00014148619340967686,3772.7175049868893,4825088.0,2,stable,148,38797312,2.691580699601079,
e5m-060,e5m,full,262144,0.04547138174795414,0.9972566478976317,0.9984169827801849,0.002288954808683614,0.00014148619340967686,3772.7175049868893,4825088.0,3,stable,222,58195968,2.6521836030001444,
e5m-060,e5m,full,262144,0.04547138174795414,0.9972566478976317,0.9984169827801849,0.002288954808683614,0.00014148619340967686,3772.7175049868893,4825088.0,4,stable,296,77594624,2.6308791580775863,
e5m-060,e5m,full,262144,0.04547138174795414,0.9972566478976317,0.9984169827801849,0.002288954808683614,0.00014148619340967686,3772.7175049868893,4825088.0,5,stable,370,96993280,2.619690937672369,
e5m-060,e5m,full,262144,0.04547138174795414,0.9972566478976317,0.9984169827801849,0.002288954808683614,0.00014148619340967686,3772.7175049868893,4825088.0,6,stable,444,116391936,2.609600462290314,
e5m-060,e5m,full,262144,0.04547138174795414,0.9972566478976317,0.9984169827801849,0.002288954808683614,0.00014148619340967686,3772.7175049868893,4825088.0,7,stable,518,135790592,2.600921498419675,
e5m-060,e5m,full,262144,0.04547138174795414,0.9972566478976317,0.9984169827801849,0.002288954808683614,0.00014148619340967686,3772.7175049868893,4825088.0,8,stable,592,155189248,2.5938737887568677,
e5m-060,e5m,full,262144,0.04547138174795414,0.9972566478976317,0.9984169827801849,0.002288954808683614,0.00014148619340967686,3772.7175049868893,4825088.0,8,decay,740,193986560,2.583743271631276,
e5m-061,e5m,full,262144,0.0873699741285681,0.9541930743773392,0.990013792739349,0.020887364290008394,0.00081164807884646,7998.65471901859,4825088.0,1,stable,74,19398656,2.84634167501925,
e5m-061,e5m,full,262144,0.0873699741285681,0.9541930743773392,0.990013792739349,0.020887364290008394,0.00081164807884646,7998.65471901859,4825088.0,2,stable,148,38797312,2.6737475934620276,
e5m-061,e5m,full,262144,0.0873699741285681,0.9541930743773392,0.990013792739349,0.020887364290008394,0.00081164807884646,7998.65471901859,4825088.0,3,stable,222,58195968,2.622969588044616,
e5m-061,e5m,full,262144,0.0873699741285681,0.9541930743773392,0.990013792739349,0.020887364290008394,0.00081164807884646,7998.65471901859,4825088.0,4,stable,296,77594624,2.5819814135751766,
e5m-061,e5m,full,262144,0.0873699741285681,0.9541930743773392,0.990013792739349,0.020887364290008394,0.00081164807884646,7998.65471901859,4825088.0,5,stable,370,96993280,2.514530025055469,
e5m-061,e5m,full,262144,0.0873699741285681,0.9541930743773392,0.990013792739349,0.020887364290008394,0.00081164807884646,7998.65471901859,4825088.0,6,stable,444,116391936,2.4625098602910196,
e5m-061,e5m,full,262144,0.0873699741285681,0.9541930743773392,0.990013792739349,0.020887364290008394,0.00081164807884646,7998.65471901859,4825088.0,7,stable,518,135790592,2.4285411770436816,
e5m-061,e5m,full,262144,0.0873699741285681,0.9541930743773392,0.990013792739349,0.020887364290008394,0.00081164807884646,7998.65471901859,4825088.0,8,stable,592,155189248,2.397053372936682,
e5m-061,e5m,full,262144,0.0873699741285681,0.9541930743773392,0.990013792739349,0.020887364290008394,0.00081164807884646,7998.65471901859,4825088.0,8,decay,740,193986560,2.345080783387299,
e5m-062,e5m,full,65536,0.0205977188338909,0.976133955787865,0.9998069514022611,0.0034240011866609184,0.0007668943111102532,4429.6344636580225,4825088.0,1,stable,294,19267584,2.7424859077503383,
e5m-062,e5m,full,65536,0.0205977188338909,0.976133955787865,0.9998069514022611,0.0034240011866609184,0.0007668943111102532,4429.6344636580225,4825088.0,2,stable,588,38535168,2.591447551282792,
e5m-062,e5m,full,65536,0.0205977188338909,0.976133955787865,0.9998069514022611,0.0034240011866609184,0.0007668943111102532,4429.6344636580225,4825088.0,3,stable,882,57802752,2.487346508333612,
e5m-062,e5m,full,65536,0.0205977188338909,0.976133955787865,0.9998069514022611,0.0034240011866609184,0.0007668943111102532,4429.6344636580225,4825088.0,4,stable,1176,77070336,2.4015235415766303,
e5m-062,e5m,full,65536,0.0205977188338909,0.976133955787865,0.9998069514022611,0.0034240011866609184,0.0007668943111102532,4429.6344636580225,4825088.0,5,stable,1470,96337920,2.331416479269395,
e5m-062,e5m,full,65536,0.0205977188338909,0.976133955787865,0.9998069514022611,0.0034240011866609184,0.0007668943111102532,4429.6344636580225,4825088.0,6,stable,1764,115605504,2.27990965920169,
e5m-062,e5m,full,65536,0.0205977188338909,0.976133955787865,0.9998069514022611,0.0034240011866609184,0.0007668943111102532,4429.6344636580225,4825088.0,7,stable,2058,134873088,2.239567514812231,
e5m-062,e5m,full,65536,0.0205977188338909,0.976133955787865,0.9998069514022611,0.0034240011866609184,0.0007668943111102532,4429.6344636580225,4825088.0,8,stable,2352,154140672,2.2059758054987872,
e5m-062,e5m,full,65536,0.0205977188338909,0.976133955787865,0.9998069514022611,0.0034240011866609184,0.0007668943111102532,4429.6344636580225,4825088.0,8,decay,2940,192675840,2.1446894231971148,
e5m-063,e5m,full,262144,0.07456439913924734,0.9987484133781419,0.9998244435910807,0.11496709640683339,0.005548461710915751,511631.7332309466,4825088.0,1,stable,74,19398656,2.829588999663637,
e5m-063,e5m,full,262144,0.07456439913924734,0.9987484133781419,0.9998244435910807,0.11496709640683339,0.005548461710915751,511631.7332309466,4825088.0,2,stable,148,38797312,2.777025322729925,
e5m-063,e5m,full,262144,0.07456439913924734,0.9987484133781419,0.9998244435910807,0.11496709640683339,0.005548461710915751,511631.7332309466,4825088.0,3,stable,222,58195968,2.746989177946956,
e5m-063,e5m,full,262144,0.07456439913924734,0.9987484133781419,0.9998244435910807,0.11496709640683339,0.005548461710915751,511631.7332309466,4825088.0,4,stable,296,77594624,2.72894781343033,
e5m-063,e5m,full,262144,0.07456439913924734,0.9987484133781419,0.9998244435910807,0.11496709640683339,0.005548461710915751,511631.7332309466,4825088.0,5,stable,370,96993280,2.7175281248617678,
e5m-063,e5m,full,262144,0.07456439913924734,0.9987484133781419,0.9998244435910807,0.11496709640683339,0.005548461710915751,511631.7332309466,4825088.0,6,stable,444,116391936,2.7060389204379045,
e5m-063,e5m,full,262144,0.07456439913924734,0.9987484133781419,0.9998244435910807,0.11496709640683339,0.005548461710915751,511631.7332309466,4825088.0,7,stable,518,135790592,2.6893514681890007,
e5m-063,e5m,full,262144,0.07456439913924734,0.9987484133781419,0.9998244435910807,0.11496709640683339,0.005548461710915751,511631.7332309466,4825088.0,8,stable,592,155189248,2.6800943880103065,
e5m-063,e5m,full,262144,0.07456439913924734,0.9987484133781419,0.9998244435910807,0.11496709640683339,0.005548461710915751,511631.7332309466,4825088.0,8,decay,740,193986560,2.658610671209628,
e5m-064,e5m,full,524288,0.005838576270594467,0.9834410254191529,0.9126169469919241,0.020118595717605842,0.0005416847249488222,15279.151053919155,4825088.0,1,stable,37,19398656,2.8235975315238675,
e5m-064,e5m,full,524288,0.005838576270594467,0.9834410254191529,0.9126169469919241,0.020118595717605842,0.0005416847249488222,15279.151053919155,4825088.0,2,stable,74,38797312,2.7380457475462725,
e5m-064,e5m,full,524288,0.005838576270594467,0.9834410254191529,0.9126169469919241,0.020118595717605842,0.0005416847249488222,15279.151053919155,4825088.0,3,stable,111,58195968,2.6852992871402406,
e5m-064,e5m,full,524288,0.005838576270594467,0.9834410254191529,0.9126169469919241,0.020118595717605842,0.0005416847249488222,15279.151053919155,4825088.0,4,stable,148,77594624,2.6356356397616154,
e5m-064,e5m,full,524288,0.005838576270594467,0.9834410254191529,0.9126169469919241,0.020118595717605842,0.0005416847249488222,15279.151053919155,4825088.0,5,stable,185,96993280,2.595338761197033,
e5m-064,e5m,full,524288,0.005838576270594467,0.9834410254191529,0.9126169469919241,0.020118595717605842,0.0005416847249488222,15279.151053919155,4825088.0,6,stable,222,116391936,2.555745146803096,
e5m-064,e5m,full,524288,0.005838576270594467,0.9834410254191529,0.9126169469919241,0.020118595717605842,0.0005416847249488222,15279.151053919155,4825088.0,7,stable,259,135790592,2.525164221472746,
e5m-064,e5m,full,524288,0.005838576270594467,0.9834410254191529,0.9126169469919241,0.020118595717605842,0.0005416847249488222,15279.151053919155,4825088.0,8,stable,296,155189248,2.4966391621562485,
e5m-064,e5m,full,524288,0.005838576270594467,0.9834410254191529,0.9126169469919241,0.020118595717605842,0.0005416847249488222,15279.151053919155,4825088.0,8,decay,370,193986560,2.4649369214655397,
e5m-065,e5m,full,1048576,1.2030832281119972e-05,0.9912494983677719,0.9984767946227211,0.0034301582359928316,0.00026609642772542323,546549.6455305648,4825088.0,1,stable,18,18874368,3.8492562119921057,
e5m-065,e5m,full,1048576,1.2030832281119972e-05,0.9912494983677719,0.9984767946227211,0.0034301582359928316,0.00026609642772542323,546549.6455305648,4825088.0,2,stable,36,37748736,3.847377872418347,
e5m-065,e5m,full,1048576,1.2030832281119972e-05,0.9912494983677719,0.9984767946227211,0.0034301582359928316,0.00026609642772542323,546549.6455305648,4825088.0,3,stable,54,56623104,3.8451825873636594,
e5m-065,e5m,full,1048576,1.2030832281119972e-05,0.9912494983677719,0.9984767946227211,0.0034301582359928316,0.00026609642772542323,546549.6455305648,4825088.0,4,stable,72,75497472,3.8425752170960985,
e5m-065,e5m,full,1048576,1.2030832281119972e-05,0.9912494983677719,0.9984767946227211,0.0034301582359928316,0.00026609642772542323,546549.6455305648,4825088.0,5,stable,90,94371840,3.839450723841759,
e5m-065,e5m,full,1048576,1.2030832281119972e-05,0.9912494983677719,0.9984767946227211,0.0034301582359928316,0.00026609642772542323,546549.6455305648,4825088.0,6,stable,108,113246208,3.8357074584726183,
e5m-065,e5m,full,1048576,1.2030832281119972e-05,0.9912494983677719,0.9984767946227211,0.0034301582359928316,0.00026609642772542323,546549.6455305648,4825088.0,7,stable,126,132120576,3.8312642414591913,
e5m-065,e5m,full,1048576,1.2030832281119972e-05,0.9912494983677719,0.9984767946227211,0.0034301582359928316,0.00026609642772542323,546549.6455305648,4825088.0,8,stable,144,150994944,3.8261313434673787,
e5m-065,e5m,full,1048576,1.2030832281119972e-05,0.9912494983677719,0.9984767946227211,0.0034301582359928316,0.00026609642772542323,546549.6455305648,4825088.0,8,decay,180,188743680,3.820538456056234,
e5m-066,e5m,full,65536,1.2366760812489159e-05,0.9791093676825775,0.9461892745855788,0.04117959337543654,0.5663784973131281,248848.36558882636,4825088.0,1,stable,294,19267584,3.8134677549372693,
e5m-066,e5m,full,65536,1.2366760812489159e-05,0.9791093676825775,0.9461892745855788,0.04117959337543654,0.5663784973131281,248848.36558882636,4825088.0,2,stable,588,38535168,3.736788069564497,
e5m-066,e5m,full,65536,1.2366760812489159e-05,0.9791093676825775,0.9461892745855788,0.04117959337543654,0.5663784973131281,248848.36558882636,4825088.0,3,stable,882,57802752,3.660278578569048,
e5m-066,e5m,full,65536,1.2366760812489159e-05,0.9791093676825775,0.9461892745855788,0.04117959337543654,0.5663784973131281,248848.36558882636,4825088.0,4,stable,1176,77070336,3.5875530351326,
e5m-066,e5m,full,65536,1.2366760812489159e-05,0.9791093676825775,0.9461892745855788,0.04117959337543654,0.5663784973131281,248848.36558882636,4825088.0,5,stable,1470,96337920,3.5194193649699996,
e5m-066,e5m,full,65536,1.2366760812489159e-05,0.9791093676825775,0.9461892745855788,0.04117959337543654,0.5663784973131281,248848.36558882636,4825088.0,6,stable,1764,115605504,3.456140881640201,
e5m-066,e5m,full,65536,1.2366760812489159e-05,0.9791093676825775,0.9461892745855788,0.04117959337543654,0.5663784973131281,248848.36558882636,4825088.0,7,stable,2058,134873088,3.3977684242829276,
e5m-066,e5m,full,65536,1.2366760812489159e-05,0.9791093676825775,0.9461892745855788,0.04117959337543654,0.5663784973131281,248848.36558882636,4825088.0,8,stable,2352,154140672,3.344126538009518,
e5m-066,e5m,full,65536,1.2366760812489159e-05,0.9791093676825775,0.9461892745855788,0.04117959337543654,0.5663784973131281,248848.36558882636,4825088.0,8,decay,2940,192675840,3.2952670790989584,
e5m-067,e5m,full,262144,3.237444569998917e-05,0.9987365791292384,0.9981370536481934,0.006784081885089777,0.0001129290090532383,846272.4551946583,4825088.0,1,stable,74,19398656,3.819857198649652,
e5m-067,e5m,full,262144,3.237444569998917e-05,0.9987365791292384,0.9981370536481934,0.006784081885089777,0.0001129290090532383,846272.4551946583,4825088.0,2,stable,148,38797312,3.772337814553723,
e5m-067,e5m,full,262144,3.237444569998917e-05,0.9987365791292384,0.9981370536481934,0.006784081885089777,0.0001129290090532383,846272.4551946583,4825088.0,3,stable,222,58195968,3.728213156661102,
e5m-067,e5m,full,262144,3.237444569998917e-05,0.9987365791292384,0.9981370536481934,0.006784081885089777,0.0001129290090532383,846272.4551946583,4825088.0,4,stable,296,77594624,3.6824624202508094,
e5m-067,e5m,full,262144,3.237444569998917e-05,0.9987365791292384,0.9981370536481934,0.006784081885089777,0.0001129290090532383,846272.4551946583,4825088.0,5,stable,370,96993280,3.635743770241082,
e5m-067,e5m,full,262144,3.237444569998917e-05,0.9987365791292384,0.9981370536481934,0.006784081885089777,0.0001129290090532383,846272.4551946583,4825088.0,6,stable,444,116391936,3.589644235111856,
e5m-067,e5m,full,262144,3.237444569998917e-05,0.9987365791292384,0.9981370536481934,0.006784081885089777,0.0001129290090532383,846272.4551946583,4825088.0,7,stable,518,135790592,3.544831487007693,
e5m-067,e5m,full,262144,3.237444569998917e-05,0.9987365791292384,0.9981370536481934,0.006784081885089777,0.0001129290090532383,846272.4551946583,4825088.0,8,stable,592,155189248,3.5015716818785503,
e5m-067,e5m,full,262144,3.237444569998917e-05,0.9987365791292384,0.9981370536481934,0.006784081885089777,0.0001129290090532383,846272.4551946583,4825088.0,8,decay,740,193986560,3.4603544372400266,
e5m-068,e5m,full,131072,0.02252014524255473,0.9752762137562752,0.987710765571465,0.0022085629571518485,0.017315411398104417,974702.3428765717,4825088.0,1,stable,147,19267584,2.6922540705775715,
e5m-068,e5m,full,131072,0.02252014524255473,0.9752762137562752,0.987710765571465,0.0022085629571518485,0.017315411398104417,974702.3428765717,4825088.0,2,stable,294,38535168,2.610638263441749,
e5m-068,e5m,full,131072,0.02252014524255473,0.9752762137562752,0.987710765571465,0.0022085629571518485,0.017315411398104417,974702.3428765717,4825088.0,3,stable,441,57802752,2.5383410792355092,
e5m-068,e5m,full,131072,0.02252014524255473,0.9752762137562752,0.987710765571465,0.0022085629571518485,0.017315411398104417,974702.3428765717,4825088.0,4,stable,588,77070336,2.471435019592193,
e5m-068,e5m,full,131072,0.02252014524255473,0.9752762137562752,0.987710765571465,0.0022085629571518485,0.017315411398104417,974702.3428765717,4825088.0,5,stable,735,96337920,2.4245065732692037,
e5m-068,e5m,full,131072,0.02252014524255473,0.9752762137562752,0.987710765571465,0.0022085629571518485,0.017315411398104417,974702.3428765717,4825088.0,6,stable,882,115605504,2.391247094106413,
e5m-068,e5m,full,131072,0.02252014524255473,0.9752762137562752,0.987710765571465,0.0022085629571518485,0.017315411398104417,974702.3428765717,4825088.0,7,stable,1029,134873088,2.3626637547973877,
e5m-068,e5m,full,131072,0.02252014524255473,0.9752762137562752,0.987710765571465,0.0022085629571518485,0.017315411398104417,974702.3428765717,4825088.0,8,stable,1176,154140672,2.3384477522539093,
e5m-068,e5m,full,131072,0.02252014524255473,0.9752762137562752,0.987710765571465,0.0022085629571518485,0.017315411398104417,974702.3428765717,4825088.0,8,decay,1470,192675840,2.2877591062686027,
e5m-069,e5m,full,32768,1.3610999454011674e-05,0.993461552219033,0.999586693357233,0.01148840916225113,0.006694435377067528,441527.3839194554,4825088.0,1,stable,589,19300352,3.7354813864651573,
e5m-069,e5m,full,32768,1.3610999454011674e-05,0.993461552219033,0.999586693357233,0.01148840916225113,0.006694435377067528,441527.3839194554,4825088.0,2,stable,1178,38600704,3.590969669047118,
e5m-069,e5m,full,32768,1.3610999454011674e-05,0.993461552219033,0.999586693357233,0.01148840916225113,0.006694435377067528,441527.3839194554,4825088.0,3,stable,1767,57901056,3.4574677238400082,
e5m-069,e5m,full,32768,1.3610999454011674e-05,0.993461552219033,0.999586693357233,0.01148840916225113,0.006694435377067528,441527.3839194554,4825088.0,4,stable,2356,77201408,3.3436824321015,
e5m-069,e5m,full,32768,1.3610999454011674e-05,0.993461552219033,0.999586693357233,0.01148840916225113,0.006694435377067528,441527.3839194554,4825088.0,5,stable,2945,96501760,3.2494595911863575,
e5m-069,e5m,full,32768,1.3610999454011674e-05,0.993461552219033,0.999586693357233,0.01148840916225113,0.006694435377067528,441527.3839194554,4825088.0,6,stable,3534,115802112,3.172485468137403,
e5m-069,e5m,full,32768,1.3610999454011674e-05,0.993461552219033,0.999586693357233,0.01148840916225113,0.006694435377067528,441527.3839194554,4825088.0,7,stable,4123,135102464,3.109577157908292,
e5m-069,e5m,full,32768,1.3610999454011674e-05,0.993461552219033,0.999586693357233,0.01148840916225113,0.006694435377067528,441527.3839194554,4825088.0,8,stable,4712,154402816,3.056059627063161,
e5m-069,e5m,full,32768,1.3610999454011674e-05,0.993461552219033,0.999586693357233,0.01148840916225113,0.006694435377067528,441527.3839194554,4825088.0,8,decay,5890,193003520,3.010844590741148,
e5m-070,e5m,full,1048576,0.09037048694794153,0.956951106311394,0.9640701595404251,0.001540590858814665,0.6897848904098799,3002.5394236948036,4825088.0,1,stable,18,18874368,2.9159047366428377,
e5m-070,e5m,full,1048576,0.09037048694794153,0.956951106311394,0.9640701595404251,0.001540590858814665,0.6897848904098799,3002.5394236948036,4825088.0,2,stable,36,37748736,2.774000008080203,
e5m-070,e5m,full,1048576,0.09037048694794153,0.956951106311394,0.9640701595404251,0.001540590858814665,0.6897848904098799,3002.5394236948036,4825088.0,3,stable,54,56623104,2.719671473560667,
e5m-070,e5m,full,1048576,0.09037048694794153,0.956951106311394,0.9640701595404251,0.001540590858814665,0.6897848904098799,3002.5394236948036,4825088.0,4,stable,72,75497472,2.6844787083106714,
e5m-070,e5m,full,1048576,0.09037048694794153,0.956951106311394,0.9640701595404251,0.001540590858814665,0.6897848904098799,3002.5394236948036,4825088.0,5,stable,90,94371840,2.643602336882612,
e5m-070,e5m,full,1048576,0.09037048694794153,0.956951106311394,0.9640701595404251,0.001540590858814665,0.6897848904098799,3002.5394236948036,4825088.0,6,stable,108,113246208,2.5869917652192704,
e5m-070,e5m,full,1048576,0.09037048694794153,0.956951106311394,0.9640701595404251,0.001540590858814665,0.6897848904098799,3002.5394236948036,4825088.0,7,stable,126,132120576,2.5390975082565888,
e5m-070,e5m,full,1048576,0.09037048694794153,0.956951106311394,0.9640701595404251,0.001540590858814665,0.6897848904098799,3002.5394236948036,4825088.0,8,stable,144,150994944,2.4845437132334127,
e5m-070,e5m,full,1048576,0.09037048694794153,0.956951106311394,0.9640701595404251,0.001540590858814665,0.6897848904098799,3002.5394236948036,4825088.0,8,decay,180,188743680,2.3952576593429384,
e5m-071,e5m,full,2097152,0.0006044668976175199,0.9951784388766335,0.9165222053650464,0.006148996753520708,0.0006495984660334382,2203.404841084325,4825088.0,1,stable,9,18874368,3.750674417809107,
e5m-071,e5m,full,2097152,0.0006044668976175199,0.9951784388766335,0.9165222053650464,0.006148996753520708,0.0006495984660334382,2203.404841084325,4825088.0,2,stable,18,37748736,3.6453297716503372,
e5m-071,e5m,full,2097152,0.0006044668976175199,0.9951784388766335,0.9165222053650464,0.006148996753520708,0.0006495984660334382,2203.404841084325,4825088.0,3,stable,27,56623104,3.54011977095876,
e5m-071,e5m,full,2097152,0.0006044668976175199,0.9951784388766335,0.9165222053650464,0.006148996753520708,0.0006495984660334382,2203.404841084325,4825088.0,4,stable,36,75497472,3.443933830894927,
e5m-071,e5m,full,2097152,0.0006044668976175199,0.9951784388766335,0.9165222053650464,0.006148996753520708,0.0006495984660334382,2203.404841084325,4825088.0,5,stable,45,94371840,3.359442319403644,
e5m-071,e5m,full,2097152,0.0006044668976175199,0.9951784388766335,0.9165222053650464,0.006148996753520708,0.0006495984660334382,2203.404841084325,4825088.0,6,stable,54,113246208,3.286548894758177,
e5m-071,e5m,full,2097152,0.0006044668976175199,0.9951784388766335,0.9165222053650464,0.006148996753520708,0.0006495984660334382,2203.404841084325,4825088.0,7,stable,63,132120576,3.2247836180497207,
e5m-071,e5m,full,2097152,0.0006044668976175199,0.9951784388766335,0.9165222053650464,0.006148996753520708,0.0006495984660334382,2203.404841084325,4825088.0,8,stable,72,150994944,3.1740810309681264,
e5m-071,e5m,full,2097152,0.0006044668976175199,0.9951784388766335,0.9165222053650464,0.006148996753520708,0.0006495984660334382,2203.404841084325,4825088.0,8,decay,90,188743680,3.1312594787791626,
e5m-072,e5m,full,32768,0.003150371333715812,0.9350099843943966,0.9998933541053868,0.0040132225459260295,0.5595022548337403,9234.60704282703,4825088.0,1,stable,589,19300352,2.397567306597938,
e5m-072,e5m,full,32768,0.003150371333715812,0.9350099843943966,0.9998933541053868,0.0040132225459260295,0.5595022548337403,9234.60704282703,4825088.0,2,stable,1178,38600704,2.181902680716718,
e5m-072,e5m,full,32768,0.003150371333715812,0.9350099843943966,0.9998933541053868,0.0040132225459260295,0.5595022548337403,9234.60704282703,4825088.0,3,stable,1767,57901056,2.0980633934415978,
e5m-072,e5m,full,32768,0.003150371333715812,0.9350099843943966,0.9998933541053868,0.0040132225459260295,0.5595022548337403,9234.60704282703,4825088.0,3,decay,2209,72384512,2.031409925197991,
e5m-072,e5m,full,32768,0.003150371333715812,0.9350099843943966,0.9998933541053868,0.0040132225459260295,0.5595022548337403,9234.60704282703,4825088.0,4,stable,2356,77201408,2.060612046227502,
e5m-072,e5m,full,32768,0.003150371333715812,0.9350099843943966,0.9998933541053868,0.0040132225459260295,0.5595022548337403,9234.60704282703,4825088.0,4,decay,2945,96501760,1.9961611253242253,
e5m-072,e5m,full,32768,0.003150371333715812,0.9350099843943966,0.9998933541053868,0.0040132225459260295,0.5595022548337403,9234.60704282703,4825088.0,5,stable,2945,96501760,2.0458614379833047,
e5m-072,e5m,full,32768,0.003150371333715812,0.9350099843943966,0.9998933541053868,0.0040132225459260295,0.5595022548337403,9234.60704282703,4825088.0,5,decay,3681,120619008,1.9753107938349412,
e5m-072,e5m,full,32768,0.003150371333715812,0.9350099843943966,0.9998933541053868,0.0040132225459260295,0.5595022548337403,9234.60704282703,4825088.0,6,stable,3534,115802112,2.0206436109273826,
e5m-072,e5m,full,32768,0.003150371333715812,0.9350099843943966,0.9998933541053868,0.0040132225459260295,0.5595022548337403,9234.60704282703,4825088.0,6,decay,4418,144769024,1.9615770532167067,
e5m-072,e5m,full,32768,0.003150371333715812,0.9350099843943966,0.9998933541053868,0.0040132225459260295,0.5595022548337403,9234.60704282703,4825088.0,7,stable,4123,135102464,2.0179222963435124,
e5m-072,e5m,full,32768,0.003150371333715812,0.9350099843943966,0.9998933541053868,0.0040132225459260295,0.5595022548337403,9234.60704282703,4825088.0,7,decay,5154,168886272,1.951030667711682,
e5m-072,e5m,full,32768,0.003150371333715812,0.9350099843943966,0.9998933541053868,0.0040132225459260295,0.5595022548337403,9234.60704282703,4825088.0,8,stable,4712,154402816,2.0083560505876137,
e5m-072,e5m,full,32768,0.003150371333715812,0.9350099843943966,0.9998933541053868,0.0040132225459260295,0.5595022548337403,9234.60704282703,4825088.0,8,decay,5890,193003520,1.942510883092628,
e5m-073,e5m,full,65536,0.04318117375564036,0.9954117936675502,0.9997625861237571,0.032884388404518204,0.0008593733178208581,1039414.8344904206,4825088.0,1,stable,294,19267584,2.8104583813298833,
e5m-073,e5m,full,65536,0.04318117375564036,0.9954117936675502,0.9997625861237571,0.032884388404518204,0.0008593733178208581,1039414.8344904206,4825088.0,2,stable,588,38535168,2.719941436528003,
e5m-073,e5m,full,65536,0.04318117375564036,0.9954117936675502,0.9997625861237571,0.032884388404518204,0.0008593733178208581,1039414.8344904206,4825088.0,3,stable,882,57802752,2.652038372299962,
e5m-073,e5m,full,65536,0.04318117375564036,0.9954117936675502,0.9997625861237571,0.032884388404518204,0.0008593733178208581,1039414.8344904206,4825088.0,4,stable,1176,77070336,2.6062063515011045,
e5m-073,e5m,full,65536,0.04318117375564036,0.9954117936675502,0.9997625861237571,0.032884388404518204,0.0008593733178208581,1039414.8344904206,4825088.0,5,stable,1470,96337920,2.5669895652583383,
e5m-073,e5m,full,65536,0.04318117375564036,0.9954117936675502,0.9997625861237571,0.032884388404518204,0.0008593733178208581,1039414.8344904206,4825088.0,6,stable,1764,115605504,2.5401148310917017,
e5m-073,e5m,full,65536,0.04318117375564036,0.9954117936675502,0.9997625861237571,0.032884388404518204,0.0008593733178208581,1039414.8344904206,4825088.0,7,stable,2058,134873088,2.5128537769098163,
e5m-073,e5m,full,65536,0.04318117375564036,0.9954117936675502,0.9997625861237571,0.032884388404518204,0.0008593733178208581,1039414.8344904206,4825088.0,8,stable,2352,154140672,2.490519219631114,
e5m-073,e5m,full,65536,0.04318117375564036,0.9954117936675502,0.9997625861237571,0.032884388404518204,0.0008593733178208581,1039414.8344904206,4825088.0,8,decay,2940,192675840,2.4489996764032065,
e5m-074,e5m,full,65536,0.004172229821582752,0.9802462027877925,0.9987375976192618,0.08479654793368911,0.09798161122854653,3226.4289084027328,4825088.0,1,stable,294,19267584,2.693232909885383,
e5m-074,e5m,full,65536,0.004172229821582752,0.9802462027877925,0.9987375976192618,0.08479654793368911,0.09798161122854653,3226.4289084027328,4825088.0,2,stable,588,38535168,2.5221837147912876,
e5m-074,e5m,full,65536,0.004172229821582752,0.9802462027877925,0.9987375976192618,0.08479654793368911,0.09798161122854653,3226.4289084027328,4825088.0,3,stable,882,57802752,2.403143937877447,
e5m-074,e5m,full,65536,0.004172229821582752,0.9802462027877925,0.9987375976192618,0.08479654793368911,0.09798161122854653,3226.4289084027328,4825088.0,4,stable,1176,77070336,2.3062774346833765,
e5m-074,e5m,full,65536,0.004172229821582752,0.9802462027877925,0.9987375976192618,0.08479654793368911,0.09798161122854653,3226.4289084027328,4825088.0,5,stable,1470,96337920,2.220917800691927,
e5m-074,e5m,full,65536,0.004172229821582752,0.9802462027877925,0.9987375976192618,0.08479654793368911,0.09798161122854653,3226.4289084027328,4825088.0,6,stable,1764,115605504,2.1520828001898002,
e5m-074,e5m,full,65536,0.004172229821582752,0.9802462027877925,0.9987375976192618,0.08479654793368911,0.09798161122854653,3226.4289084027328,4825088.0,7,stable,2058,134873088,2.105965494524122,
e5m-074,e5m,full,65536,0.004172229821582752,0.9802462027877925,0.9987375976192618,0.08479654793368911,0.09798161122854653,3226.4289084027328,4825088.0,8,stable,2352,154140672,2.0734759443892528,
e5m-074,e5m,full,65536,0.004172229821582752,0.9802462027877925,0.9987375976192618,0.08479654793368911,0.09798161122854653,3226.4289084027328,4825088.0,8,decay,2940,192675840,2.0090946305301083,
e5m-075,e5m,full,2097152,3.367290733283463e-05,0.9983442689628994,0.9702153154705093,0.05291370868775903,0.009864106880939172,19709.349847623744,4825088.0,1,stable,9,18874368,3.848888478153856,
e5m-075,e5m,full,2097152,3.367290733283463e-05,0.9983442689628994,0.9702153154705093,0.05291370868775903,0.009864106880939172,19709.349847623744,4825088.0,2,stable,18,37748736,3.84603543116897,
e5m-075,e5m,full,2097152,3.367290733283463e-05,0.9983442689628994,0.9702153154705093,0.05291370868775903,0.009864106880939172,19709.349847623744,4825088.0,3,stable,27,56623104,3.8426342214758873,
e5m-075,e5m,full,2097152,3.367290733283463e-05,0.9983442689628994,0.9702153154705093,0.05291370868775903,0.009864106880939172,19709.349847623744,4825088.0,4,stable,36,75497472,3.8386048266697723,
e5m-075,e5m,full,2097152,3.367290733283463e-05,0.9983442689628994,0.9702153154705093,0.05291370868775903,0.009864106880939172,19709.349847623744,4825088.0,5,stable,45,94371840,3.833907882489433,
e5m-075,e5m,full,2097152,3.367290733283463e-05,0.9983442689628994,0.9702153154705093,0.05291370868775903,0.009864106880939172,19709.349847623744,4825088.0,6,stable,54,113246208,3.828587210936316,
e5m-075,e5m,full,2097152,3.367290733283463e-05,0.9983442689628994,0.9702153154705093,0.05291370868775903,0.009864106880939172,19709.349847623744,4825088.0,7,stable,63,132120576,3.8227182091474026,
e5m-075,e5m,full,2097152,3.367290733283463e-05,0.9983442689628994,0.9702153154705093,0.05291370868775903,0.009864106880939172,19709.349847623744,4825088.0,8,stable,72,150994944,3.816488885894031,
e5m-075,e5m,full,2097152,3.367290733283463e-05,0.9983442689628994,0.9702153154705093,0.05291370868775903,0.009864106880939172,19709.349847623744,4825088.0,8,decay,90,188743680,3.8104064837864757,
e5m-076,e5m,full,262144,0.00014127082814523943,0.932560647849485,0.9944988405240988,0.053665761003876516,0.002974654106125095,14325.79508365126,4825088.0,1,stable,74,19398656,3.6655638448248595,
e5m-076,e5m,full,262144,0.00014127082814523943,0.932560647849485,0.9944988405240988,0.053665761003876516,0.002974654106125095,14325.79508365126,4825088.0,2,stable,148,38797312,3.436311657880656,
e5m-076,e5m,full,262144,0.00014127082814523943,0.932560647849485,0.9944988405240988,0.053665761003876516,0.002974654106125095,14325.79508365126,4825088.0,3,stable,222,58195968,3.2708873358178474,
e5m-076,e5m,full,262144,0.00014127082814523943,0.932560647849485,0.9944988405240988,0.053665761003876516,0.002974654106125095,14325.79508365126,4825088.0,4,stable,296,77594624,3.1456472055110547,
e5m-076,e5m,full,262144,0.00014127082814523943,0.932560647849485,0.9944988405240988,0.053665761003876516,0.002974654106125095,14325.79508365126,4825088.0,5,stable,370,96993280,3.0434595894908236,
e5m-076,e5m,full,262144,0.00014127082814523943,0.932560647849485,0.9944988405240988,0.053665761003876516,0.002974654106125095,14325.79508365126,4825088.0,6,stable,444,116391936,2.9602904496808278,
e5m-076,e5m,full,262144,0.00014127082814523943,0.932560647849485,0.9944988405240988,0.053665761003876516,0.002974654106125095,14325.79508365126,4825088.0,7,stable,518,135790592,2.8944409784185217,
e5m-076,e5m,full,262144,0.00014127082814523943,0.932560647849485,0.9944988405240988,0.053665761003876516,0.002974654106125095,14325.79508365126,4825088.0,8,stable,592,155189248,2.8408591241049583,
e5m-076,e5m,full,262144,0.00014127082814523943,0.932560647849485,0.9944988405240988,0.053665761003876516,0.002974654106125095,14325.79508365126,4825088.0,8,decay,740,193986560,2.7953726996183494,
e5m-077,e5m,full,262144,0.0006544999524965708,0.9985126472668918,0.9974140461036015,0.03862594187901406,0.12706900341070673,37063.060533403266,4825088.0,1,stable,74,19398656,3.2518495748574616,
e5m-077,e5m,full,262144,0.0006544999524965708,0.9985126472668918,0.9974140461036015,0.03862594187901406,0.12706900341070673,37063.060533403266,4825088.0,2,stable,148,38797312,2.9474396511186667,
e5m-077,e5m,full,262144,0.0006544999524965708,0.9985126472668918,0.9974140461036015,0.03862594187901406,0.12706900341070673,37063.060533403266,4825088.0,3,stable,222,58195968,2.8067674578888098,
e5m-077,e5m,full,262144,0.0006544999524965708,0.9985126472668918,0.9974140461036015,0.03862594187901406,0.12706900341070673,37063.060533403266,4825088.0,4,stable,296,77594624,2.7528502548941067,
e5m-077,e5m,full,262144,0.0006544999524965708,0.9985126472668918,0.9974140461036015,0.03862594187901406,0.12706900341070673,37063.060533403266,4825088.0,5,stable,370,96993280,2.723131774429203,
e5m-077,e5m,full,262144,0.0006544999524965708,0.9985126472668918,0.9974140461036015,0.03862594187901406,0.12706900341070673,37063.060533403266,4825088.0,6,stable,444,116391936,2.698438609466811,
e5m-077,e5m,full,262144,0.0006544999524965708,0.9985126472668918,0.9974140461036015,0.03862594187901406,0.12706900341070673,37063.060533403266,4825088.0,7,stable,518,135790592,2.67496612897578,
e5m-077,e5m,full,262144,0.0006544999524965708,0.9985126472668918,0.9974140461036015,0.03862594187901406,0.12706900341070673,37063.060533403266,4825088.0,8,stable,592,155189248,2.6582029237709817,
e5m-077,e5m,full,262144,0.0006544999524965708,0.9985126472668918,0.9974140461036015,0.03862594187901406,0.12706900341070673,37063.060533403266,4825088.0,8,decay,740,193986560,2.637476002707206,
e5m-078,e5m,full,32768,5.8594884335171805e-05,0.9817517698469908,0.9985551064509105,0.048394973600769636,0.015021313879127474,164074.3862703369,4825088.0,1,stable,589,19300352,3.378731331318189,
e5m-078,e5m,full,32768,5.8594884335171805e-05,0.9817517698469908,0.9985551064509105,0.048394973600769636,0.015021313879127474,164074.3862703369,4825088.0,2,stable,1178,38600704,3.0483798971244713,
e5m-078,e5m,full,32768,5.8594884335171805e-05,0.9817517698469908,0.9985551064509105,0.048394973600769636,0.015021313879127474,164074.3862703369,4825088.0,3,stable,1767,57901056,2.9019225431822733,
e5m-078,e5m,full,32768,5.8594884335171805e-05,0.9817517698469908,0.9985551064509105,0.048394973600769636,0.015021313879127474,164074.3862703369,4825088.0,4,stable,2356,77201408,2.80187819859382,
e5m-078,e5m,full,32768,5.8594884335171805e-05,0.9817517698469908,0.9985551064509105,0.048394973600769636,0.015021313879127474,164074.3862703369,4825088.0,5,stable,2945,96501760,2.7269399526353477,
e5m-078,e5m,full,32768,5.8594884335171805e-05,0.9817517698469908,0.9985551064509105,0.048394973600769636,0.015021313879127474,164074.3862703369,4825088.0,6,stable,3534,115802112,2.6734320973895676,
e5m-078,e5m,full,32768,5.8594884335171805e-05,0.9817517698469908,0.9985551064509105,0.048394973600769636,0.015021313879127474,164074.3862703369,4825088.0,7,stable,4123,135102464,2.631010565958349,
e5m-078,e5m,full,32768,5.8594884335171805e-05,0.9817517698469908,0.9985551064509105,0.048394973600769636,0.015021313879127474,164074.3862703369,4825088.0,8,stable,4712,154402816,2.5937200673162066,
e5m-078,e5m,full,32768,5.8594884335171805e-05,0.9817517698469908,0.9985551064509105,0.048394973600769636,0.015021313879127474,164074.3862703369,4825088.0,8,decay,5890,193003520,2.5616879443087175,
e5m-079,e5m,full,65536,0.015439521407497016,0.8263804404130892,0.9261714259684414,0.041548587467409526,0.001858449887236709,6052.709146074365,4825088.0,1,stable,294,19267584,2.4246795443512426,
e5m-079,e5m,full,65536,0.015439521407497016,0.8263804404130892,0.9261714259684414,0.041548587467409526,0.001858449887236709,6052.709146074365,4825088.0,2,stable,588,38535168,2.2943759110021995,
e5m-079,e5m,full,65536,0.015439521407497016,0.8263804404130892,0.9261714259684414,0.041548587467409526,0.001858449887236709,6052.709146074365,4825088.0,3,stable,882,57802752,2.2197806788541654,
e5m-079,e5m,full,65536,0.015439521407497016,0.8263804404130892,0.9261714259684414,0.041548587467409526,0.001858449887236709,6052.709146074365,4825088.0,4,stable,1176,77070336,2.171952079883792,
e5m-079,e5m,full,65536,0.015439521407497016,0.8263804404130892,0.9261714259684414,0.041548587467409526,0.001858449887236709,6052.709146074365,4825088.0,5,stable,1470,96337920,2.145798473409393,
e5m-079,e5m,full,65536,0.015439521407497016,0.8263804404130892,0.9261714259684414,0.041548587467409526,0.001858449887236709,6052.709146074365,4825088.0,6,stable,1764,115605504,2.117575954030055,
e5m-079,e5m,full,65536,0.015439521407497016,0.8263804404130892,0.9261714259684414,0.041548587467409526,0.001858449887236709,6052.709146074365,4825088.0,7,stable,2058,134873088,2.107424332460058,
e5m-079,e5m,full,65536,0.015439521407497016,0.8263804404130892,0.9261714259684414,0.041548587467409526,0.001858449887236709,6052.709146074365,4825088.0,8,stable,2352,154140672,2.0939128119927,
e5m-079,e5m,full,65536,0.015439521407497016,0.8263804404130892,0.9261714259684414,0.041548587467409526,0.001858449887236709,6052.709146074365,4825088.0,8,decay,2940,192675840,2.029509033994839,
e5m-080,e5m,full,262144,0.02765068762264544,0.858958416320206,0.9970873889740867,0.02962154125345838,0.12266781056381293,521365.0848383259,4825088.0,1,stable,74,19398656,2.725522327938161,
e5m-080,e5m,full,262144,0.02765068762264544,0.858958416320206,0.9970873889740867,0.02962154125345838,0.12266781056381293,521365.0848383259,4825088.0,2,stable,148,38797312,2.5648209273308074,
e5m-080,e5m,full,262144,0.02765068762264544,0.858958416320206,0.9970873889740867,0.02962154125345838,0.12266781056381293,521365.0848383259,4825088.0,3,stable,222,58195968,2.46208271911789,
e5m-080,e5m,full,262144,0.02765068762264544,0.858958416320206,0.9970873889740867,0.02962154125345838,0.12266781056381293,521365.0848383259,4825088.0,4,stable,296,77594624,2.407429088553771,
e5m-080,e5m,full,262144,0.02765068762264544,0.858958416320206,0.9970873889740867,0.02962154125345838,0.12266781056381293,521365.0848383259,4825088.0,5,stable,370,96993280,2.355832525122545,
e5m-080,e5m,full,262144,0.02765068762264544,0.858958416320206,0.9970873889740867,0.02962154125345838,0.12266781056381293,521365.0848383259,4825088.0,6,stable,444,116391936,2.2945818291679894,
e5m-080,e5m,full,262144,0.02765068762264544,0.858958416320206,0.9970873889740867,0.02962154125345838,0.12266781056381293,521365.0848383259,4825088.0,7,stable,518,135790592,2.2465112858768874,
e5m-080,e5m,full,262144,0.02765068762264544,0.858958416320206,0.9970873889740867,0.02962154125345838,0.12266781056381293,521365.0848383259,4825088.0,8,stable,592,155189248,2.197906907628082,
e5m-080,e5m,full,262144,0.02765068762264544,0.858958416320206,0.9970873889740867,0.02962154125345838,0.12266781056381293,521365.0848383259,4825088.0,8,decay,740,193986560,2.1094511387170556,
e5m-081,e5m,full,32768,0.00014207312147084726,0.9936029393132492,0.9137589555308238,0.0015014553336108972,0.046146706597913124,5345.911628325373,4825088.0,1,stable,589,19300352,3.0808164249535874,
e5m-081,e5m,full,32768,0.00014207312147084726,0.9936029393132492,0.9137589555308238,0.0015014553336108972,0.046146706597913124,5345.911628325373,4825088.0,2,stable,1178,38600704,2.9345606354611626,
e5m-081,e5m,full,32768,0.00014207312147084726,0.9936029393132492,0.9137589555308238,0.0015014553336108972,0.046146706597913124,5345.911628325373,4825088.0,3,stable,1767,57901056,2.821140338565135,
e5m-081,e5m,full,32768,0.00014207312147084726,0.9936029393132492,0.9137589555308238,0.0015014553336108972,0.046146706597913124,5345.911628325373,4825088.0,4,stable,2356,77201408,2.771048740187427,
e5m-081,e5m,full,32768,0.00014207312147084726,0.9936029393132492,0.9137589555308238,0.0015014553336108972,0.046146706597913124,5345.911628325373,4825088.0,5,stable,2945,96501760,2.7197561629134555,
e5m-081,e5m,full,32768,0.00014207312147084726,0.9936029393132492,0.9137589555308238,0.0015014553336108972,0.046146706597913124,5345.911628325373,4825088.0,6,stable,3534,115802112,2.6771169544894975,
e5m-081,e5m,full,32768,0.00014207312147084726,0.9936029393132492,0.9137589555308238,0.0015014553336108972,0.046146706597913124,5345.911628325373,4825088.0,7,stable,4123,135102464,2.6519949037492307,
e5m-081,e5m,full,32768,0.00014207312147084726,0.9936029393132492,0.9137589555308238,0.0015014553336108972,0.046146706597913124,5345.911628325373,4825088.0,8,stable,4712,154402816,2.6264614081258437,
e5m-081,e5m,full,32768,0.00014207312147084726,0.9936029393132492,0.9137589555308238,0.0015014553336108972,0.046146706597913124,5345.911628325373,4825088.0,8,decay,5890,193003520,2.5935509341974363,
e5m-082,e5m,full,65536,0.0013772947365386292,0.9742817827140281,0.9743149954192154,0.05292780940497827,0.012039030347000813,24906.015967415937,4825088.0,1,stable,294,19267584,2.707154941558226,
e5m-082,e5m,full,65536,0.0013772947365386292,0.9742817827140281,0.9743149954192154,0.05292780940497827,0.012039030347000813,24906.015967415937,4825088.0,2,stable,588,38535168,2.544558064165996,
e5m-082,e5m,full,65536,0.0013772947365386292,0.9742817827140281,0.9743149954192154,0.05292780940497827,0.012039030347000813,24906.015967415937,4825088.0,3,stable,882,57802752,2.428940573988682,
e5m-082,e5m,full,65536,0.0013772947365386292,0.9742817827140281,0.9743149954192154,0.05292780940497827,0.012039030347000813,24906.015967415937,4825088.0,4,stable,1176,77070336,2.345948469366168,
e5m-082,e5m,full,65536,0.0013772947365386292,0.9742817827140281,0.9743149954192154,0.05292780940497827,0.012039030347000813,24906.015967415937,4825088.0,5,stable,1470,96337920,2.2657136249543495,
e5m-082,e5m,full,65536,0.0013772947365386292,0.9742817827140281,0.9743149954192154,0.05292780940497827,0.012039030347000813,24906.015967415937,4825088.0,6,stable,1764,115605504,2.1995339041899222,
e5m-082,e5m,full,65536,0.0013772947365386292,0.9742817827140281,0.9743149954192154,0.05292780940497827,0.012039030347000813,24906.015967415937,4825088.0,7,stable,2058,134873088,2.151444023374852,
e5m-082,e5m,full,65536,0.0013772947365386292,0.9742817827140281,0.9743149954192154,0.05292780940497827,0.012039030347000813,24906.015967415937,4825088.0,8,stable,2352,154140672,2.1150656659965597,
e5m-082,e5m,full,65536,0.0013772947365386292,0.9742817827140281,0.9743149954192154,0.05292780940497827,0.012039030347000813,24906.015967415937,4825088.0,8,decay,2940,192675840,2.0597170904655173,
e5m-083,e5m,full,65536,0.01201699188894588,0.9845732477961517,0.99879163450369,0.01162913994871307,0.4251958528200285,30325.04758840948,4825088.0,1,stable,294,19267584,2.651395692357742,
e5m-083,e5m,full,65536,0.01201699188894588,0.9845732477961517,0.99879163450369,0.01162913994871307,0.4251958528200285,30325.04758840948,4825088.0,2,stable,588,38535168,2.4790508831433073,
e5m-083,e5m,full,65536,0.01201699188894588,0.9845732477961517,0.99879163450369,0.01162913994871307,0.4251958528200285,30325.04758840948,4825088.0,3,stable,882,57802752,2.301740763230102,
e5m-083,e5m,full,65536,0.01201699188894588,0.9845732477961517,0.99879163450369,0.01162913994871307,0.4251958528200285,30325.04758840948,4825088.0,3,decay,1102,72220672,2.210273199142518,
e5m-083,e5m,full,65536,0.01201699188894588,0.9845732477961517,0.99879163450369,0.01162913994871307,0.4251958528200285,30325.04758840948,4825088.0,4,stable,1176,77070336,2.185130743310014,
e5m-083,e5m,full,65536,0.01201699188894588,0.9845732477961517,0.99879163450369,0.01162913994871307,0.4251958528200285,30325.04758840948,4825088.0,4,decay,1470,96337920,2.1041629518044576,
e5m-083,e5m,full,65536,0.01201699188894588,0.9845732477961517,0.99879163450369,0.01162913994871307,0.4251958528200285,30325.04758840948,4825088.0,5,stable,1470,96337920,2.1238485551912234,
e5m-083,e5m,full,65536,0.01201699188894588,0.9845732477961517,0.99879163450369,0.01162913994871307,0.4251958528200285,30325.04758840948,4825088.0,5,decay,1838,120455168,2.045154383203375,
e5m-083,e5m,full,65536,0.01201699188894588,0.9845732477961517,0.99879163450369,0.01162913994871307,0.4251958528200285,30325.04758840948,4825088.0,6,stable,1764,115605504,2.0788843673464816,
e5m-083,e5m,full,65536,0.01201699188894588,0.9845732477961517,0.99879163450369,0.01162913994871307,0.4251958528200285,30325.04758840948,4825088.0,6,decay,2205,144506880,2.0102108584039904,
e5m-083,e5m,full,65536,0.01201699188894588,0.9845732477961517,0.99879163450369,0.01162913994871307,0.4251958528200285,30325.04758840948,4825088.0,7,stable,2058,134873088,2.0540306755031974,
e5m-083,e5m,full,65536,0.01201699188894588,0.9845732477961517,0.99879163450369,0.01162913994871307,0.4251958528200285,30325.04758840948,4825088.0,7,decay,2572,168558592,1.9870856724021895,
e5m-083,e5m,full,65536,0.01201699188894588,0.9845732477961517,0.99879163450369,0.01162913994871307,0.4251958528200285,30325.04758840948,4825088.0,8,stable,2352,154140672,2.048651143079993,
e5m-083,e5m,full,65536,0.01201699188894588,0.9845732477961517,0.99879163450369,0.01162913994871307,0.4251958528200285,30325.04758840948,4825088.0,8,decay,2940,192675840,1.9712708944181943,
e5m-084,e5m,full,65536,0.014000771881681428,0.996294315005477,0.9995492501645251,0.003656009841430312,0.0014077210069013322,309119.45455934573,4825088.0,1,stable,294,19267584,2.7400401539249923,
e5m-084,e5m,full,65536,0.014000771881681428,0.996294315005477,0.9995492501645251,0.003656009841430312,0.0014077210069013322,309119.45455934573,4825088.0,2,stable,588,38535168,2.6828223450318958,
e5m-084,e5m,full,65536,0.014000771881681428,0.996294315005477,0.9995492501645251,0.003656009841430312,0.0014077210069013322,309119.45455934573,4825088.0,3,stable,882,57802752,2.6317003061265964,
e5m-084,e5m,full,65536,0.014000771881681428,0.996294315005477,0.9995492501645251,0.003656009841430312,0.0014077210069013322,309119.45455934573,4825088.0,4,stable,1176,77070336,2.595406425743971,
e5m-084,e5m,full,65536,0.014000771881681428,0.996294315005477,0.9995492501645251,0.003656009841430312,0.0014077210069013322,309119.45455934573,4825088.0,5,stable,1470,96337920,2.5674418546397866,
e5m-084,e5m,full,65536,0.014000771881681428,0.996294315005477,0.9995492501645251,0.003656009841430312,0.0014077210069013322,309119.45455934573,4825088.0,6,stable,1764,115605504,2.532142133051246,
e5m-084,e5m,full,65536,0.014000771881681428,0.996294315005477,0.9995492501645251,0.003656009841430312,0.0014077210069013322,309119.45455934573,4825088.0,7,stable,2058,134873088,2.5004101167649617,
e5m-084,e5m,full,65536,0.014000771881681428,0.996294315005477,0.9995492501645251,0.003656009841430312,0.0014077210069013322,309119.45455934573,4825088.0,8,stable,2352,154140672,2.4709436590267986,
e5m-084,e5m,full,65536,0.014000771881681428,0.996294315005477,0.9995492501645251,0.003656009841430312,0.0014077210069013322,309119.45455934573,4825088.0,8,decay,2940,192675840,2.432558896014874,
e5m-085,e5m,full,524288,2.7813242551131547e-05,0.9894113077661415,0.9980907043109046,0.05736564277927897,0.46508109349212734,45464.79372990584,4825088.0,1,stable,37,19398656,3.8440230556039072,
e5m-085,e5m,full,524288,2.7813242551131547e-05,0.9894113077661415,0.9980907043109046,0.05736564277927897,0.46508109349212734,45464.79372990584,4825088.0,2,stable,74,38797312,3.8276574470582783,
e5m-085,e5m,full,524288,2.7813242551131547e-05,0.9894113077661415,0.9980907043109046,0.05736564277927897,0.46508109349212734,45464.79372990584,4825088.0,3,stable,111,58195968,3.8027891218095973,
e5m-085,e5m,full,524288,2.7813242551131547e-05,0.9894113077661415,0.9980907043109046,0.05736564277927897,0.46508109349212734,45464.79372990584,4825088.0,4,stable,148,77594624,3.7778913899644806,
e5m-085,e5m,full,524288,2.7813242551131547e-05,0.9894113077661415,0.9980907043109046,0.05736564277927897,0.46508109349212734,45464.79372990584,4825088.0,5,stable,185,96993280,3.7539005978499405,
e5m-085,e5m,full,524288,2.7813242551131547e-05,0.9894113077661415,0.9980907043109046,0.05736564277927897,0.46508109349212734,45464.79372990584,4825088.0,6,stable,222,116391936,3.7297902387571877,
e5m-085,e5m,full,524288,2.7813242551131547e-05,0.9894113077661415,0.9980907043109046,0.05736564277927897,0.46508109349212734,45464.79372990584,4825088.0,7,stable,259,135790592,3.705136719942024,
e5m-085,e5m,full,524288,2.7813242551131547e-05,0.9894113077661415,0.9980907043109046,0.05736564277927897,0.46508109349212734,45464.79372990584,4825088.0,8,stable,296,155189248,3.6801949636112066,
e5m-085,e5m,full,524288,2.7813242551131547e-05,0.9894113077661415,0.9980907043109046,0.05736564277927897,0.46508109349212734,45464.79372990584,4825088.0,8,decay,370,193986560,3.655635916345762,
e5m-086,e5m,full,131072,0.00943855616408218,0.9915689388762289,0.9983349236102392,0.06715540831367466,0.00019527589822752067,1228.1124775211897,4825088.0,1,stable,147,19267584,2.7450566781354633,
e5m-086,e5m,full,131072,0.00943855616408218,0.9915689388762289,0.9983349236102392,0.06715540831367466,0.00019527589822752067,1228.1124775211897,4825088.0,2,stable,294,38535168,2.6637389726398335,
e5m-086,e5m,full,131072,0.00943855616408218,0.9915689388762289,0.9983349236102392,0.06715540831367466,0.00019527589822752067,1228.1124775211897,4825088.0,3,stable,441,57802752,2.6031054911905884,
e5m-086,e5m,full,131072,0.00943855616408218,0.9915689388762289,0.9983349236102392,0.06715540831367466,0.00019527589822752067,1228.1124775211897,4825088.0,4,stable,588,77070336,2.55948445499771,
e5m-086,e5m,full,131072,0.00943855616408218,0.9915689388762289,0.9983349236102392,0.06715540831367466,0.00019527589822752067,1228.1124775211897,4825088.0,5,stable,735,96337920,2.523657192440591,
e5m-086,e5m,full,131072,0.00943855616408218,0.9915689388762289,0.9983349236102392,0.06715540831367466,0.00019527589822752067,1228.1124775211897,4825088.0,6,stable,882,115605504,2.489068704208981,
e5m-086,e5m,full,131072,0.00943855616408218,0.9915689388762289,0.9983349236102392,0.06715540831367466,0.00019527589822752067,1228.1124775211897,4825088.0,7,stable,1029,134873088,2.454829634472333,
e5m-086,e5m,full,131072,0.00943855616408218,0.9915689388762289,0.9983349236102392,0.06715540831367466,0.00019527589822752067,1228.1124775211897,4825088.0,8,stable,1176,154140672,2.4235119478609923,
e5m-086,e5m,full,131072,0.00943855616408218,0.9915689388762289,0.9983349236102392,0.06715540831367466,0.00019527589822752067,1228.1124775211897,4825088.0,8,decay,1470,192675840,2.3804728477300796,
e5m-087,e5m,full,262144,0.09180776335515058,0.9921879686764415,0.9390526755611114,0.05233236165830992,0.15599844597104687,23499.395700658264,4825088.0,1,stable,74,19398656,2.7802187303144295,
e5m-087,e5m,full,262144,0.09180776335515058,0.9921879686764415,0.9390526755611114,0.05233236165830992,0.15599844597104687,23499.395700658264,4825088.0,2,stable,148,38797312,2.727881698400977,
e5m-087,e5m,full,262144,0.09180776335515058,0.9921879686764415,0.9390526755611114,0.05233236165830992,0.15599844597104687,23499.395700658264,4825088.0,3,stable,222,58195968,2.773759262879801,
e5m-087,e5m,full,262144,0.09180776335515058,0.9921879686764415,0.9390526755611114,0.05233236165830992,0.15599844597104687,23499.395700658264,4825088.0,4,stable,296,77594624,2.8622186227961075,
e5m-087,e5m,full,262144,0.09180776335515058,0.9921879686764415,0.9390526755611114,0.05233236165830992,0.15599844597104687,23499.395700658264,4825088.0,5,stable,370,96993280,4.809117211124801,
e5m-087,e5m,full,262144,0.09180776335515058,0.9921879686764415,0.9390526755611114,0.05233236165830992,0.15599844597104687,23499.395700658264,4825088.0,6,stable,444,116391936,21.69237830518444,
e5m-087,e5m,full,262144,0.09180776335515058,0.9921879686764415,0.9390526755611114,0.05233236165830992,0.15599844597104687,23499.395700658264,4825088.0,7,stable,518,135790592,27.010727009580776,
e5m-087,e5m,full,262144,0.09180776335515058,0.9921879686764415,0.9390526755611114,0.05233236165830992,0.15599844597104687,23499.395700658264,4825088.0,8,stable,592,155189248,47.456062797192374,
e5m-087,e5m,full,262144,0.09180776335515058,0.9921879686764415,0.9390526755611114,0.05233236165830992,0.15599844597104687,23499.395700658264,4825088.0,8,decay,740,193986560,46.81345718071774,
e5m-088,e5m,full,2097152,1.053178705558564e-05,0.9907191632152459,0.9981574931938856,0.0010037460918076646,0.0003158473104635329,310304.64776267594,4825088.0,1,stable,9,18874368,3.8501774637568302,
e5m-088,e5m,full,2097152,1.053178705558564e-05,0.9907191632152459,0.9981574931938856,0.0010037460918076646,0.0003158473104635329,310304.64776267594,4825088.0,2,stable,18,37748736,3.8494046697047244,
e5m-088,e5m,full,2097152,1.053178705558564e-05,0.9907191632152459,0.9981574931938856,0.0010037460918076646,0.0003158473104635329,310304.64776267594,4825088.0,3,stable,27,56623104,3.8485839057489337,
e5m-088,e5m,full,2097152,1.053178705558564e-05,0.9907191632152459,0.9981574931938856,0.0010037460918076646,0.0003158473104635329,310304.64776267594,4825088.0,4,stable,36,75497472,3.847710526202509,
e5m-088,e5m,full,2097152,1.053178705558564e-05,0.9907191632152459,0.9981574931938856,0.0010037460918076646,0.0003158473104635329,310304.64776267594,4825088.0,5,stable,45,94371840,3.8467790922045433,
e5m-088,e5m,full,2097152,1.053178705558564e-05,0.9907191632152459,0.9981574931938856,0.0010037460918076646,0.0003158473104635329,310304.64776267594,4825088.0,6,stable,54,113246208,3.845775836426752,
e5m-088,e5m,full,2097152,1.053178705558564e-05,0.9907191632152459,0.9981574931938856,0.0010037460918076646,0.0003158473104635329,310304.64776267594,4825088.0,7,stable,63,132120576,3.844690592737797,
e5m-088,e5m,full,2097152,1.053178705558564e-05,0.9907191632152459,0.9981574931938856,0.0010037460918076646,0.0003158473104635329,310304.64776267594,4825088.0,8,stable,72,150994944,3.8435165191228067,
e5m-088,e5m,full,2097152,1.053178705558564e-05,0.9907191632152459,0.9981574931938856,0.0010037460918076646,0.0003158473104635329,310304.64776267594,4825088.0,8,decay,90,188743680,3.8423156967185053,
e5m-089,e5m,full,1048576,0.0004377572628207122,0.8837347314265965,0.9993800424420762,0.06739222198049756,0.0015271534583454263,421197.5941896416,4825088.0,1,stable,18,18874368,3.722984681620161,
e5m-089,e5m,full,1048576,0.0004377572628207122,0.8837347314265965,0.9993800424420762,0.06739222198049756,0.0015271534583454263,421197.5941896416,4825088.0,2,stable,36,37748736,3.5264543774925077,
e5m-089,e5m,full,1048576,0.0004377572628207122,0.8837347314265965,0.9993800424420762,0.06739222198049756,0.0015271534583454263,421197.5941896416,4825088.0,3,stable,54,56623104,3.3642391587192697,
e5m-089,e5m,full,1048576,0.0004377572628207122,0.8837347314265965,0.9993800424420762,0.06739222198049756,0.0015271534583454263,421197.5941896416,4825088.0,4,stable,72,75497472,3.235251753241674,
e5m-089,e5m,full,1048576,0.0004377572628207122,0.8837347314265965,0.9993800424420762,0.06739222198049756,0.0015271534583454263,421197.5941896416,4825088.0,5,stable,90,94371840,3.128766243203197,
e5m-089,e5m,full,1048576,0.0004377572628207122,0.8837347314265965,0.9993800424420762,0.06739222198049756,0.0015271534583454263,421197.5941896416,4825088.0,6,stable,108,113246208,3.040353820709295,
e5m-089,e5m,full,1048576,0.0004377572628207122,0.8837347314265965,0.9993800424420762,0.06739222198049756,0.0015271534583454263,421197.5941896416,4825088.0,7,stable,126,132120576,2.968656159929971,
e5m-089,e5m,full,1048576,0.0004377572628207122,0.8837347314265965,0.9993800424420762,0.06739222198049756,0.0015271534583454263,421197.5941896416,4825088.0,8,stable,144,150994944,2.9082478826142952,
e5m-089,e5m,full,1048576,0.0004377572628207122,0.8837347314265965,0.9993800424420762,0.06739222198049756,0.0015271534583454263,421197.5941896416,4825088.0,8,decay,180,188743680,2.858721491258623,
e5m-090,e5m,full,524288,0.00016195906992391026,0.9853077225142594,0.9343578798789225,0.008923791783595472,0.0011778407774895453,837256.9502564576,4825088.0,1,stable,37,19398656,3.7516733743540684,
e5m-090,e5m,full,524288,0.00016195906992391026,0.9853077225142594,0.9343578798789225,0.008923791783595472,0.0011778407774895453,837256.9502564576,4825088.0,2,stable,74,38797312,3.636762404383171,
e5m-090,e5m,full,524288,0.00016195906992391026,0.9853077225142594,0.9343578798789225,0.008923791783595472,0.0011778407774895453,837256.9502564576,4825088.0,3,stable,111,58195968,3.519689807491112,
e5m-090,e5m,full,524288,0.00016195906992391026,0.9853077225142594,0.9343578798789225,0.008923791783595472,0.0011778407774895453,837256.9502564576,4825088.0,4,stable,148,77594624,3.411418852863598,
e5m-090,e5m,full,524288,0.00016195906992391026,0.9853077225142594,0.9343578798789225,0.008923791783595472,0.0011778407774895453,837256.9502564576,4825088.0,5,stable,185,96993280,3.3163909762160815,
e5m-090,e5m,full,524288,0.00016195906992391026,0.9853077225142594,0.9343578798789225,0.008923791783595472,0.0011778407774895453,837256.9502564576,4825088.0,6,stable,222,116391936,3.2347480895020086,
e5m-090,e5m,full,524288,0.00016195906992391026,0.9853077225142594,0.9343578798789225,0.008923791783595472,0.0011778407774895453,837256.9502564576,4825088.0,7,stable,259,135790592,3.1640246105614604,
e5m-090,e5m,full,524288,0.00016195906992391026,0.9853077225142594,0.9343578798789225,0.008923791783595472,0.0011778407774895453,837256.9502564576,4825088.0,8,stable,296,155189248,3.102064730419924,
e5m-090,e5m,full,524288,0.00016195906992391026,0.9853077225142594,0.9343578798789225,0.008923791783595472,0.0011778407774895453,837256.9502564576,4825088.0,8,decay,370,193986560,3.044391071018014,
e5m-091,e5m,full,32768,1.2768444963292177e-05,0.7849891950559694,0.9321573372940766,0.0012909080409246804,0.0004297386673311916,10755.183998286777,4825088.0,1,stable,589,19300352,3.7067750460370053,
e5m-091,e5m,full,32768,1.2768444963292177e-05,0.7849891950559694,0.9321573372940766,0.0012909080409246804,0.0004297386673311916,10755.183998286777,4825088.0,2,stable,1178,38600704,3.562481883816561,
e5m-091,e5m,full,32768,1.2768444963292177e-05,0.7849891950559694,0.9321573372940766,0.0012909080409246804,0.0004297386673311916,10755.183998286777,4825088.0,3,stable,1767,57901056,3.4349803580522873,
e5m-091,e5m,full,32768,1.2768444963292177e-05,0.7849891950559694,0.9321573372940766,0.0012909080409246804,0.0004297386673311916,10755.183998286777,4825088.0,4,stable,2356,77201408,3.325620354090577,
e5m-091,e5m,full,32768,1.2768444963292177e-05,0.7849891950559694,0.9321573372940766,0.0012909080409246804,0.0004297386673311916,10755.183998286777,4825088.0,5,stable,2945,96501760,3.2336534658169938,
e5m-091,e5m,full,32768,1.2768444963292177e-05,0.7849891950559694,0.9321573372940766,0.0012909080409246804,0.0004297386673311916,10755.183998286777,4825088.0,6,stable,3534,115802112,3.157459928187814,
e5m-091,e5m,full,32768,1.2768444963292177e-05,0.7849891950559694,0.9321573372940766,0.0012909080409246804,0.0004297386673311916,10755.183998286777,4825088.0,7,stable,4123,135102464,3.0923615596728755,
e5m-091,e5m,full,32768,1.2768444963292177e-05,0.7849891950559694,0.9321573372940766,0.0012909080409246804,0.0004297386673311916,10755.183998286777,4825088.0,8,stable,4712,154402816,3.0352123648157536,
e5m-091,e5m,full,32768,1.2768444963292177e-05,0.7849891950559694,0.9321573372940766,0.0012909080409246804,0.0004297386673311916,10755.183998286777,4825088.0,8,decay,5890,193003520,2.985317530054405,
e5m-092,e5m,full,262144,0.008624784664102296,0.8474288077023426,0.9994580390879236,0.08294063916606197,0.2802382379016943,53378.261684309895,4825088.0,1,stable,74,19398656,2.6719078584903104,
e5m-092,e5m,full,262144,0.008624784664102296,0.8474288077023426,0.9994580390879236,0.08294063916606197,0.2802382379016943,53378.261684309895,4825088.0,2,stable,148,38797312,2.4872823236974515,
e5m-092,e5m,full,262144,0.008624784664102296,0.8474288077023426,0.9994580390879236,0.08294063916606197,0.2802382379016943,53378.261684309895,4825088.0,3,stable,222,58195968,2.3728751649322932,
e5m-092,e5m,full,262144,0.008624784664102296,0.8474288077023426,0.9994580390879236,0.08294063916606197,0.2802382379016943,53378.261684309895,4825088.0,4,stable,296,77594624,2.291284100680269,
e5m-092,e5m,full,262144,0.008624784664102296,0.8474288077023426,0.9994580390879236,0.08294063916606197,0.2802382379016943,53378.261684309895,4825088.0,5,stable,370,96993280,2.2224228431171125,
e5m-092,e5m,full,262144,0.008624784664102296,0.8474288077023426,0.9994580390879236,0.08294063916606197,0.2802382379016943,53378.261684309895,4825088.0,6,stable,444,116391936,2.1701457452049544,
e5m-092,e5m,full,262144,0.008624784664102296,0.8474288077023426,0.9994580390879236,0.08294063916606197,0.2802382379016943,53378.261684309895,4825088.0,7,stable,518,135790592,2.1372156711290504,
e5m-092,e5m,full,262144,0.008624784664102296,0.8474288077023426,0.9994580390879236,0.08294063916606197,0.2802382379016943,53378.261684309895,4825088.0,8,stable,592,155189248,2.103208518704645,
e5m-092,e5m,full,262144,0.008624784664102296,0.8474288077023426,0.9994580390879236,0.08294063916606197,0.2802382379016943,53378.261684309895,4825088.0,8,decay,740,193986560,2.034891279324923,
e5m-093,e5m,full,262144,0.00460544249996265,0.9932483823353231,0.9998546815272475,0.004173084516246,0.0055302717060991885,326832.0070608378,4825088.0,1,stable,74,19398656,2.74916075232313,
e5m-093,e5m,full,262144,0.00460544249996265,0.9932483823353231,0.9998546815272475,0.004173084516246,0.0055302717060991885,326832.0070608378,4825088.0,2,stable,148,38797312,2.668608850468906,
e5m-093,e5m,full,262144,0.00460544249996265,0.9932483823353231,0.9998546815272475,0.004173084516246,0.0055302717060991885,326832.0070608378,4825088.0,3,stable,222,58195968,2.617432501841841,
e5m-093,e5m,full,262144,0.00460544249996265,0.9932483823353231,0.9998546815272475,0.004173084516246,0.0055302717060991885,326832.0070608378,4825088.0,4,stable,296,77594624,2.584764518439517,
e5m-093,e5m,full,262144,0.00460544249996265,0.9932483823353231,0.9998546815272475,0.004173084516246,0.0055302717060991885,326832.0070608378,4825088.0,5,stable,370,96993280,2.55879231396995,
e5m-093,e5m,full,262144,0.00460544249996265,0.9932483823353231,0.9998546815272475,0.004173084516246,0.0055302717060991885,326832.0070608378,4825088.0,6,stable,444,116391936,2.529904063633358,
e5m-093,e5m,full,262144,0.00460544249996265,0.9932483823353231,0.9998546815272475,0.004173084516246,0.0055302717060991885,326832.0070608378,4825088.0,7,stable,518,135790592,2.503668355074356,
e5m-093,e5m,full,262144,0.00460544249996265,0.9932483823353231,0.9998546815272475,0.004173084516246,0.0055302717060991885,326832.0070608378,4825088.0,8,stable,592,155189248,2.4786299931208515,
e5m-093,e5m,full,262144,0.00460544249996265,0.9932483823353231,0.9998546815272475,0.004173084516246,0.0055302717060991885,326832.0070608378,4825088.0,8,decay,740,193986560,2.446250848476114,
e5m-094,e5m,full,32768,0.0976698039079907,0.9926024048630627,0.9352463453789813,0.0011268118912966946,0.14643047487949265,47565.130678531496,4825088.0,1,stable,589,19300352,126.2226861238931,
e5m-094,e5m,full,32768,0.0976698039079907,0.9926024048630627,0.9352463453789813,0.0011268118912966946,0.14643047487949265,47565.130678531496,4825088.0,2,stable,1178,38600704,235.49318449261298,
e5m-094,e5m,full,32768,0.0976698039079907,0.9926024048630627,0.9352463453789813,0.0011268118912966946,0.14643047487949265,47565.130678531496,4825088.0,3,stable,1767,57901056,159.87507947260698,
e5m-094,e5m,full,32768,0.0976698039079907,0.9926024048630627,0.9352463453789813,0.0011268118912966946,0.14643047487949265,47565.130678531496,4825088.0,4,stable,2356,77201408,79.70121874632149,
e5m-094,e5m,full,32768,0.0976698039079907,0.9926024048630627,0.9352463453789813,0.0011268118912966946,0.14643047487949265,47565.130678531496,4825088.0,5,stable,2945,96501760,138.67750426106483,
e5m-094,e5m,full,32768,0.0976698039079907,0.9926024048630627,0.9352463453789813,0.0011268118912966946,0.14643047487949265,47565.130678531496,4825088.0,6,stable,3534,115802112,88.05273339277001,
e5m-094,e5m,full,32768,0.0976698039079907,0.9926024048630627,0.9352463453789813,0.0011268118912966946,0.14643047487949265,47565.130678531496,4825088.0,7,stable,4123,135102464,97.27107924328502,
e5m-094,e5m,full,32768,0.0976698039079907,0.9926024048630627,0.9352463453789813,0.0011268118912966946,0.14643047487949265,47565.130678531496,4825088.0,8,stable,4712,154402816,146.2289544678479,
e5m-094,e5m,full,32768,0.0976698039079907,0.9926024048630627,0.9352463453789813,0.0011268118912966946,0.14643047487949265,47565.130678531496,4825088.0,8,decay,5890,193003520,29.51195217425243,
e5m-095,e5m,full,524288,0.0005548462026563928,0.9850688431400345,0.9934845833385233,0.02349352324170057,0.23076903219370462,318353.4158554775,4825088.0,1,stable,37,19398656,3.507209670006158,
e5m-095,e5m,full,524288,0.0005548462026563928,0.9850688431400345,0.9934845833385233,0.02349352324170057,0.23076903219370462,318353.4158554775,4825088.0,2,stable,74,38797312,3.2143583481944296,
e5m-095,e5m,full,524288,0.0005548462026563928,0.9850688431400345,0.9934845833385233,0.02349352324170057,0.23076903219370462,318353.4158554775,4825088.0,3,stable,111,58195968,3.0273679408598,
e5m-095,e5m,full,524288,0.0005548462026563928,0.9850688431400345,0.9934845833385233,0.02349352324170057,0.23076903219370462,318353.4158554775,4825088.0,4,stable,148,77594624,2.894143328972361,
e5m-095,e5m,full,524288,0.0005548462026563928,0.9850688431400345,0.9934845833385233,0.02349352324170057,0.23076903219370462,318353.4158554775,4825088.0,5,stable,185,96993280,2.805366935063503,
e5m-095,e5m,full,524288,0.0005548462026563928,0.9850688431400345,0.9934845833385233,0.02349352324170057,0.23076903219370462,318353.4158554775,4825088.0,6,stable,222,116391936,2.750186344550307,
e5m-095,e5m,full,524288,0.0005548462026563928,0.9850688431400345,0.9934845833385233,0.02349352324170057,0.23076903219370462,318353.4158554775,4825088.0,7,stable,259,135790592,2.7104494679870235,
e5m-095,e5m,full,524288,0.0005548462026563928,0.9850688431400345,0.9934845833385233,0.02349352324170057,0.23076903219370462,318353.4158554775,4825088.0,8,stable,296,155189248,2.6782608319262655,
e5m-095,e5m,full,524288,0.0005548462026563928,0.9850688431400345,0.9934845833385233,0.02349352324170057,0.23076903219370462,318353.4158554775,4825088.0,8,decay,370,193986560,2.6484021594743967,
e5m-096,e5m,full,1048576,0.00035991912582212225,0.9885273679682974,0.9977820137161129,0.006866257595731113,0.02165221543050642,1106.6939006645282,4825088.0,1,stable,18,18874368,3.7252503399293677,
e5m-096,e5m,full,1048576,0.00035991912582212225,0.9885273679682974,0.9977820137161129,0.006866257595731113,0.02165221543050642,1106.6939006645282,4825088.0,2,stable,36,37748736,3.58944380128049,
e5m-096,e5m,full,1048576,0.00035991912582212225,0.9885273679682974,0.9977820137161129,0.006866257595731113,0.02165221543050642,1106.6939006645282,4825088.0,3,stable,54,56623104,3.463570943587471,
e5m-096,e5m,full,1048576,0.00035991912582212225,0.9885273679682974,0.9977820137161129,0.006866257595731113,0.02165221543050642,1106.6939006645282,4825088.0,4,stable,72,75497472,3.356324631502732,
e5m-096,e5m,full,1048576,0.00035991912582212225,0.9885273679682974,0.9977820137161129,0.006866257595731113,0.02165221543050642,1106.6939006645282,4825088.0,5,stable,90,94371840,3.2665124885911285,
e5m-096,e5m,full,1048576,0.00035991912582212225,0.9885273679682974,0.9977820137161129,0.006866257595731113,0.02165221543050642,1106.6939006645282,4825088.0,6,stable,108,113246208,3.189847663779097,
e5m-096,e5m,full,1048576,0.00035991912582212225,0.9885273679682974,0.9977820137161129,0.006866257595731113,0.02165221543050642,1106.6939006645282,4825088.0,7,stable,126,132120576,3.123323798799426,
e5m-096,e5m,full,1048576,0.00035991912582212225,0.9885273679682974,0.9977820137161129,0.006866257595731113,0.02165221543050642,1106.6939006645282,4825088.0,8,stable,144,150994944,3.0647512743678837,
e5m-096,e5m,full,1048576,0.00035991912582212225,0.9885273679682974,0.9977820137161129,0.006866257595731113,0.02165221543050642,1106.6939006645282,4825088.0,8,decay,180,188743680,3.013466976840601,
e5m-097,e5m,full,524288,0.0003416183105099186,0.9602990159255596,0.9997834589466518,0.030849348685287572,0.08776756332701023,2019.0848156268987,4825088.0,1,stable,37,19398656,3.6277360394748297,
e5m-097,e5m,full,524288,0.0003416183105099186,0.9602990159255596,0.9997834589466518,0.030849348685287572,0.08776756332701023,2019.0848156268987,4825088.0,2,stable,74,38797312,3.3788043837899515,
e5m-097,e5m,full,524288,0.0003416183105099186,0.9602990159255596,0.9997834589466518,0.030849348685287572,0.08776756332701023,2019.0848156268987,4825088.0,3,stable,111,58195968,3.194512091076705,
e5m-097,e5m,full,524288,0.0003416183105099186,0.9602990159255596,0.9997834589466518,0.030849348685287572,0.08776756332701023,2019.0848156268987,4825088.0,4,stable,148,77594624,3.053705123055093,
e5m-097,e5m,full,524288,0.0003416183105099186,0.9602990159255596,0.9997834589466518,0.030849348685287572,0.08776756332701023,2019.0848156268987,4825088.0,5,stable,185,96993280,2.9462446650708074,
e5m-097,e5m,full,524288,0.0003416183105099186,0.9602990159255596,0.9997834589466518,0.030849348685287572,0.08776756332701023,2019.0848156268987,4825088.0,6,stable,222,116391936,2.8655621179532944,
e5m-097,e5m,full,524288,0.0003416183105099186,0.9602990159255596,0.9997834589466518,0.030849348685287572,0.08776756332701023,2019.0848156268987,4825088.0,7,stable,259,135790592,2.803531795038415,
e5m-097,e5m,full,524288,0.0003416183105099186,0.9602990159255596,0.9997834589466518,0.030849348685287572,0.08776756332701023,2019.0848156268987,4825088.0,8,stable,296,155189248,2.757648197108748,
e5m-097,e5m,full,524288,0.0003416183105099186,0.9602990159255596,0.9997834589466518,0.030849348685287572,0.08776756332701023,2019.0848156268987,4825088.0,8,decay,370,193986560,2.7209209041318347,
e5m-098,e5m,full,131072,0.0005239247173443996,0.8694003045831603,0.9998806276929058,0.0041369941615269044,0.002019795246075426,40861.45752370004,4825088.0,1,stable,147,19267584,2.905878925720948,
e5m-098,e5m,full,131072,0.0005239247173443996,0.8694003045831603,0.9998806276929058,0.0041369941615269044,0.002019795246075426,40861.45752370004,4825088.0,2,stable,294,38535168,2.6867868878078993,
e5m-098,e5m,full,131072,0.0005239247173443996,0.8694003045831603,0.9998806276929058,0.0041369941615269044,0.002019795246075426,40861.45752370004,4825088.0,3,stable,441,57802752,2.5659215410212406,
e5m-098,e5m,full,131072,0.0005239247173443996,0.8694003045831603,0.9998806276929058,0.0041369941615269044,0.002019795246075426,40861.45752370004,4825088.0,4,stable,588,77070336,2.480070468110592,
e5m-098,e5m,full,131072,0.0005239247173443996,0.8694003045831603,0.9998806276929058,0.0041369941615269044,0.002019795246075426,40861.45752370004,4825088.0,5,stable,735,96337920,2.4101744039589326,
e5m-098,e5m,full,131072,0.0005239247173443996,0.8694003045831603,0.9998806276929058,0.0041369941615269044,0.002019795246075426,40861.45752370004,4825088.0,6,stable,882,115605504,2.3507321416087184,
e5m-098,e5m,full,131072,0.0005239247173443996,0.8694003045831603,0.9998806276929058,0.0041369941615269044,0.002019795246075426,40861.45752370004,4825088.0,7,stable,1029,134873088,2.306071862945158,
e5m-098,e5m,full,131072,0.0005239247173443996,0.8694003045831603,0.9998806276929058,0.0041369941615269044,0.002019795246075426,40861.45752370004,4825088.0,8,stable,1176,154140672,2.265594037007857,
e5m-098,e5m,full,131072,0.0005239247173443996,0.8694003045831603,0.9998806276929058,0.0041369941615269044,0.002019795246075426,40861.45752370004,4825088.0,8,decay,1470,192675840,2.224962155770938,
e5m-099,e5m,full,32768,0.0005694119375030885,0.9954263637497203,0.9722686581236327,0.008011377700878978,0.0013206813282627939,899382.9893383813,4825088.0,1,stable,589,19300352,2.7999383681109196,
e5m-099,e5m,full,32768,0.0005694119375030885,0.9954263637497203,0.9722686581236327,0.008011377700878978,0.0013206813282627939,899382.9893383813,4825088.0,2,stable,1178,38600704,2.680964524437277,
e5m-099,e5m,full,32768,0.0005694119375030885,0.9954263637497203,0.9722686581236327,0.008011377700878978,0.0013206813282627939,899382.9893383813,4825088.0,3,stable,1767,57901056,2.6082547107967455,
e5m-099,e5m,full,32768,0.0005694119375030885,0.9954263637497203,0.9722686581236327,0.008011377700878978,0.0013206813282627939,899382.9893383813,4825088.0,4,stable,2356,77201408,2.573390204553946,
e5m-099,e5m,full,32768,0.0005694119375030885,0.9954263637497203,0.9722686581236327,0.008011377700878978,0.0013206813282627939,899382.9893383813,4825088.0,5,stable,2945,96501760,2.5327886765136953,
e5m-099,e5m,full,32768,0.0005694119375030885,0.9954263637497203,0.9722686581236327,0.008011377700878978,0.0013206813282627939,899382.9893383813,4825088.0,6,stable,3534,115802112,2.493944642423928,
e5m-099,e5m,full,32768,0.0005694119375030885,0.9954263637497203,0.9722686581236327,0.008011377700878978,0.0013206813282627939,899382.9893383813,4825088.0,7,stable,4123,135102464,2.4599847921440556,
e5m-099,e5m,full,32768,0.0005694119375030885,0.9954263637497203,0.9722686581236327,0.008011377700878978,0.0013206813282627939,899382.9893383813,4825088.0,8,stable,4712,154402816,2.427741760280369,
e5m-099,e5m,full,32768,0.0005694119375030885,0.9954263637497203,0.9722686581236327,0.008011377700878978,0.0013206813282627939,899382.9893383813,4825088.0,8,decay,5890,193003520,2.389385481139363,
e5m-100,e5m,full,1048576,5.3134911148742437e-05,0.9961963761529,0.9922693666678117,0.09428926574298106,0.02156538288146083,7888.920917250909,4825088.0,1,stable,18,18874368,3.8457474778940433,
e5m-100,e5m,full,1048576,5.3134911148742437e-05,0.9961963761529,0.9922693666678117,0.09428926574298106,0.02156538288146083,7888.920917250909,4825088.0,2,stable,36,37748736,3.832889346350117,
e5m-100,e5m,full,1048576,5.3134911148742437e-05,0.9961963761529,0.9922693666678117,0.09428926574298106,0.02156538288146083,7888.920917250909,4825088.0,3,stable,54,56623104,3.81330090733491,
e5m-100,e5m,full,1048576,5.3134911148742437e-05,0.9961963761529,0.9922693666678117,0.09428926574298106,0.02156538288146083,7888.920917250909,4825088.0,4,stable,72,75497472,3.7920747335422464,
e5m-100,e5m,full,1048576,5.3134911148742437e-05,0.9961963761529,0.9922693666678117,0.09428926574298106,0.02156538288146083,7888.920917250909,4825088.0,5,stable,90,94371840,3.7722561477815466,
e5m-100,e5m,full,1048576,5.3134911148742437e-05,0.9961963761529,0.9922693666678117,0.09428926574298106,0.02156538288146083,7888.920917250909,4825088.0,6,stable,108,113246208,3.7534057993350176,
e5m-100,e5m,full,1048576,5.3134911148742437e-05,0.9961963761529,0.9922693666678117,0.09428926574298106,0.02156538288146083,7888.920917250909,4825088.0,7,stable,126,132120576,3.7347420834224647,
e5m-100,e5m,full,1048576,5.3134911148742437e-05,0.9961963761529,0.9922693666678117,0.09428926574298106,0.02156538288146083,7888.920917250909,4825088.0,8,stable,144,150994944,3.7158744755684996,
e5m-100,e5m,full,1048576,5.3134911148742437e-05,0.9961963761529,0.9922693666678117,0.09428926574298106,0.02156538288146083,7888.920917250909,4825088.0,8,decay,180,188743680,3.6970991958761448,
e5m-101,e5m,full,32768,1.0044080470048057e-05,0.8093443231433884,0.999665298878986,0.0010635805962534355,0.013645520556955575,3851.339653949913,4825088.0,1,stable,589,19300352,3.728455275295091,
e5m-101,e5m,full,32768,1.0044080470048057e-05,0.8093443231433884,0.999665298878986,0.0010635805962534355,0.013645520556955575,3851.339653949913,4825088.0,2,stable,1178,38600704,3.616363831939231,
e5m-101,e5m,full,32768,1.0044080470048057e-05,0.8093443231433884,0.999665298878986,0.0010635805962534355,0.013645520556955575,3851.339653949913,4825088.0,3,stable,1767,57901056,3.5142111697152836,
e5m-101,e5m,full,32768,1.0044080470048057e-05,0.8093443231433884,0.999665298878986,0.0010635805962534355,0.013645520556955575,3851.339653949913,4825088.0,4,stable,2356,77201408,3.4244555487041777,
e5m-101,e5m,full,32768,1.0044080470048057e-05,0.8093443231433884,0.999665298878986,0.0010635805962534355,0.013645520556955575,3851.339653949913,4825088.0,5,stable,2945,96501760,3.3456583154607675,
e5m-101,e5m,full,32768,1.0044080470048057e-05,0.8093443231433884,0.999665298878986,0.0010635805962534355,0.013645520556955575,3851.339653949913,4825088.0,6,stable,3534,115802112,3.2768569041458537,
e5m-101,e5m,full,32768,1.0044080470048057e-05,0.8093443231433884,0.999665298878986,0.0010635805962534355,0.013645520556955575,3851.339653949913,4825088.0,7,stable,4123,135102464,3.216944663367905,
e5m-101,e5m,full,32768,1.0044080470048057e-05,0.8093443231433884,0.999665298878986,0.0010635805962534355,0.013645520556955575,3851.339653949913,4825088.0,8,stable,4712,154402816,3.164912686534334,
e5m-101,e5m,full,32768,1.0044080470048057e-05,0.8093443231433884,0.999665298878986,0.0010635805962534355,0.013645520556955575,3851.339653949913,4825088.0,8,decay,5890,193003520,3.1206522780086914,
e5m-102,e5m,full,2097152,9.346960055217735e-05,0.9705059175037156,0.9956938059028524,0.011173966032778235,0.00038841729444333213,113842.44941492015,4825088.0,1,stable,9,18874368,3.8425094996537927,
e5m-102,e5m,full,2097152,9.346960055217735e-05,0.9705059175037156,0.9956938059028524,0.011173966032778235,0.00038841729444333213,113842.44941492015,4825088.0,2,stable,18,37748736,3.827168080190301,
e5m-102,e5m,full,2097152,9.346960055217735e-05,0.9705059175037156,0.9956938059028524,0.011173966032778235,0.00038841729444333213,113842.44941492015,4825088.0,3,stable,27,56623104,3.8047894583726243,
e5m-102,e5m,full,2097152,9.346960055217735e-05,0.9705059175037156,0.9956938059028524,0.011173966032778235,0.00038841729444333213,113842.44941492015,4825088.0,4,stable,36,75497472,3.7820355066596876,
e5m-102,e5m,full,2097152,9.346960055217735e-05,0.9705059175037156,0.9956938059028524,0.011173966032778235,0.00038841729444333213,113842.44941492015,4825088.0,5,stable,45,94371840,3.7607400198274643,
e5m-102,e5m,full,2097152,9.346960055217735e-05,0.9705059175037156,0.9956938059028524,0.011173966032778235,0.00038841729444333213,113842.44941492015,4825088.0,6,stable,54,113246208,3.7400752438465203,
e5m-102,e5m,full,2097152,9.346960055217735e-05,0.9705059175037156,0.9956938059028524,0.011173966032778235,0.00038841729444333213,113842.44941492015,4825088.0,7,stable,63,132120576,3.7193342887734593,
e5m-102,e5m,full,2097152,9.346960055217735e-05,0.9705059175037156,0.9956938059028524,0.011173966032778235,0.00038841729444333213,113842.44941492015,4825088.0,8,stable,72,150994944,3.6982841934244397,
e5m-102,e5m,full,2097152,9.346960055217735e-05,0.9705059175037156,0.9956938059028524,0.011173966032778235,0.00038841729444333213,113842.44941492015,4825088.0,8,decay,90,188743680,3.6782009207363857,
e5m-103,e5m,full,32768,0.002262001710689361,0.8975757339600985,0.995490226808448,0.03594735559198656,0.003496929820231464,464441.50565440435,4825088.0,1,stable,589,19300352,2.3258334268641665,
e5m-103,e5m,full,32768,0.002262001710689361,0.8975757339600985,0.995490226808448,0.03594735559198656,0.003496929820231464,464441.50565440435,4825088.0,2,stable,1178,38600704,2.145005477742658,
e5m-103,e5m,full,32768,0.002262001710689361,0.8975757339600985,0.995490226808448,0.03594735559198656,0.003496929820231464,464441.50565440435,4825088.0,3,stable,1767,57901056,2.0758756801399008,
e5m-103,e5m,full,32768,0.002262001710689361,0.8975757339600985,0.995490226808448,0.03594735559198656,0.003496929820231464,464441.50565440435,4825088.0,3,decay,2209,72384512,2.023172659708533,
e5m-103,e5m,full,32768,0.002262001710689361,0.8975757339600985,0.995490226808448,0.03594735559198656,0.003496929820231464,464441.50565440435,4825088.0,4,stable,2356,77201408,2.036111034886497,
e5m-103,e5m,full,32768,0.002262001710689361,0.8975757339600985,0.995490226808448,0.03594735559198656,0.003496929820231464,464441.50565440435,4825088.0,4,decay,2945,96501760,1.98544194672353,
e5m-103,e5m,full,32768,0.002262001710689361,0.8975757339600985,0.995490226808448,0.03594735559198656,0.003496929820231464,464441.50565440435,4825088.0,5,stable,2945,96501760,2.011676823509501,
e5m-103,e5m,full,32768,0.002262001710689361,0.8975757339600985,0.995490226808448,0.03594735559198656,0.003496929820231464,464441.50565440435,4825088.0,5,decay,3681,120619008,1.9540451752704613,
e5m-103,e5m,full,32768,0.002262001710689361,0.8975757339600985,0.995490226808448,0.03594735559198656,0.003496929820231464,464441.50565440435,4825088.0,6,stable,3534,115802112,1.9838969570880993,
e5m-103,e5m,full,32768,0.002262001710689361,0.8975757339600985,0.995490226808448,0.03594735559198656,0.003496929820231464,464441.50565440435,4825088.0,6,decay,4418,144769024,1.9187923130370292,
e5m-103,e5m,full,32768,0.002262001710689361,0.8975757339600985,0.995490226808448,0.03594735559198656,0.003496929820231464,464441.50565440435,4825088.0,7,stable,4123,135102464,1.955407965250221,
e5m-103,e5m,full,32768,0.002262001710689361,0.8975757339600985,0.995490226808448,0.03594735559198656,0.003496929820231464,464441.50565440435,4825088.0,7,decay,5154,168886272,1.869729771610921,
e5m-103,e5m,full,32768,0.002262001710689361,0.8975757339600985,0.995490226808448,0.03594735559198656,0.003496929820231464,464441.50565440435,4825088.0,8,stable,4712,154402816,1.9088621671516834,
e5m-103,e5m,full,32768,0.002262001710689361,0.8975757339600985,0.995490226808448,0.03594735559198656,0.003496929820231464,464441.50565440435,4825088.0,8,decay,5890,193003520,1.8413702984880587,
e5m-104,e5m,full,524288,0.008324436726987168,0.9926788785132062,0.9780057568222957,0.00391002057131071,0.010069096031066808,207551.16677545474,4825088.0,1,stable,37,19398656,2.7439807499805102,
e5m-104,e5m,full,524288,0.008324436726987168,0.9926788785132062,0.9780057568222957,0.00391002057131071,0.010069096031066808,207551.16677545474,4825088.0,2,stable,74,38797312,2.67191697448203,
e5m-104,e5m,full,524288,0.008324436726987168,0.9926788785132062,0.9780057568222957,0.00391002057131071,0.010069096031066808,207551.16677545474,4825088.0,3,stable,111,58195968,2.6237319547850717,
e5m-104,e5m,full,524288,0.008324436726987168,0.9926788785132062,0.9780057568222957,0.00391002057131071,0.010069096031066808,207551.16677545474,4825088.0,4,stable,148,77594624,2.58459307860032,
e5m-104,e5m,full,524288,0.008324436726987168,0.9926788785132062,0.9780057568222957,0.00391002057131071,0.010069096031066808,207551.16677545474,4825088.0,5,stable,185,96993280,2.5567351875549145,
e5m-104,e5m,full,524288,0.008324436726987168,0.9926788785132062,0.9780057568222957,0.00391002057131071,0.010069096031066808,207551.16677545474,4825088.0,6,stable,222,116391936,2.5287091710420353,
e5m-104,e5m,full,524288,0.008324436726987168,0.9926788785132062,0.9780057568222957,0.00391002057131071,0.010069096031066808,207551.16677545474,4825088.0,7,stable,259,135790592,2.5036656572811418,
e5m-104,e5m,full,524288,0.008324436726987168,0.9926788785132062,0.9780057568222957,0.00391002057131071,0.010069096031066808,207551.16677545474,4825088.0,8,stable,296,155189248,2.4812570161121705,
e5m-104,e5m,full,524288,0.008324436726987168,0.9926788785132062,0.9780057568222957,0.00391002057131071,0.010069096031066808,207551.16677545474,4825088.0,8,decay,370,193986560,2.4534860098507654,
e5m-105,e5m,full,131072,0.0143632618812196,0.9986318967650041,0.9997789787563081,0.001452215575900146,0.00011025036460610703,14652.758653014082,4825088.0,1,stable,147,19267584,2.729498071260046,
e5m-105,e5m,full,131072,0.0143632618812196,0.9986318967650041,0.9997789787563081,0.001452215575900146,0.00011025036460610703,14652.758653014082,4825088.0,2,stable,294,38535168,2.673036156645754,
e5m-105,e5m,full,131072,0.0143632618812196,0.9986318967650041,0.9997789787563081,0.001452215575900146,0.00011025036460610703,14652.758653014082,4825088.0,3,stable,441,57802752,2.6420801161922265,
e5m-105,e5m,full,131072,0.0143632618812196,0.9986318967650041,0.9997789787563081,0.001452215575900146,0.00011025036460610703,14652.758653014082,4825088.0,4,stable,588,77070336,2.6173572539297614,
e5m-105,e5m,full,131072,0.0143632618812196,0.9986318967650041,0.9997789787563081,0.001452215575900146,0.00011025036460610703,14652.758653014082,4825088.0,5,stable,735,96337920,2.5959192675803724,
e5m-105,e5m,full,131072,0.0143632618812196,0.9986318967650041,0.9997789787563081,0.001452215575900146,0.00011025036460610703,14652.758653014082,4825088.0,6,stable,882,115605504,2.5757107266638912,
e5m-105,e5m,full,131072,0.0143632618812196,0.9986318967650041,0.9997789787563081,0.001452215575900146,0.00011025036460610703,14652.758653014082,4825088.0,7,stable,1029,134873088,2.5575999610470945,
e5m-105,e5m,full,131072,0.0143632618812196,0.9986318967650041,0.9997789787563081,0.001452215575900146,0.00011025036460610703,14652.758653014082,4825088.0,8,stable,1176,154140672,2.5440305756329016,
e5m-105,e5m,full,131072,0.0143632618812196,0.9986318967650041,0.9997789787563081,0.001452215575900146,0.00011025036460610703,14652.758653014082,4825088.0,8,decay,1470,192675840,2.527049695487464,
e5m-106,e5m,full,262144,0.02461025766852115,0.9945605490878145,0.9987333050025046,0.0023628591788828843,0.12543452444259232,3384.0410118943055,4825088.0,1,stable,74,19398656,2.7857270196289305,
e5m-106,e5m,full,262144,0.02461025766852115,0.9945605490878145,0.9987333050025046,0.0023628591788828843,0.12543452444259232,3384.0410118943055,4825088.0,2,stable,148,38797312,2.7170689204942486,
e5m-106,e5m,full,262144,0.02461025766852115,0.9945605490878145,0.9987333050025046,0.0023628591788828843,0.12543452444259232,3384.0410118943055,4825088.0,3,stable,222,58195968,2.6739595767396955,
e5m-106,e5m,full,262144,0.02461025766852115,0.9945605490878145,0.9987333050025046,0.0023628591788828843,0.12543452444259232,3384.0410118943055,4825088.0,4,stable,296,77594624,2.648642592595107,
e5m-106,e5m,full,262144,0.02461025766852115,0.9945605490878145,0.9987333050025046,0.0023628591788828843,0.12543452444259232,3384.0410118943055,4825088.0,5,stable,370,96993280,2.6323550292999087,
e5m-106,e5m,full,262144,0.02461025766852115,0.9945605490878145,0.9987333050025046,0.0023628591788828843,0.12543452444259232,3384.0410118943055,4825088.0,6,stable,444,116391936,2.617480566305265,
e5m-106,e5m,full,262144,0.02461025766852115,0.9945605490878145,0.9987333050025046,0.0023628591788828843,0.12543452444259232,3384.0410118943055,4825088.0,7,stable,518,135790592,2.601756105495314,
e5m-106,e5m,full,262144,0.02461025766852115,0.9945605490878145,0.9987333050025046,0.0023628591788828843,0.12543452444259232,3384.0410118943055,4825088.0,8,stable,592,155189248,2.5753269554404965,
e5m-106,e5m,full,262144,0.02461025766852115,0.9945605490878145,0.9987333050025046,0.0023628591788828843,0.12543452444259232,3384.0410118943055,4825088.0,8,decay,740,193986560,2.540317644295948,
e5m-107,e5m,full,32768,9.00649886402854e-05,0.9959261842869737,0.9957827156559143,0.0017587306156529863,0.1000251180879283,1905.4201689048696,4825088.0,1,stable,589,19300352,3.167702458086433,
e5m-107,e5m,full,32768,9.00649886402854e-05,0.9959261842869737,0.9957827156559143,0.0017587306156529863,0.1000251180879283,1905.4201689048696,4825088.0,2,stable,1178,38600704,2.9165898628352145,
e5m-107,e5m,full,32768,9.00649886402854e-05,0.9959261842869737,0.9957827156559143,0.0017587306156529863,0.1000251180879283,1905.4201689048696,4825088.0,3,stable,1767,57901056,2.798584503634536,
e5m-107,e5m,full,32768,9.00649886402854e-05,0.9959261842869737,0.9957827156559143,0.0017587306156529863,0.1000251180879283,1905.4201689048696,4825088.0,4,stable,2356,77201408,2.7256389857099457,
e5m-107,e5m,full,32768,9.00649886402854e-05,0.9959261842869737,0.9957827156559143,0.0017587306156529863,0.1000251180879283,1905.4201689048696,4825088.0,5,stable,2945,96501760,2.6743232287944303,
e5m-107,e5m,full,32768,9.00649886402854e-05,0.9959261842869737,0.9957827156559143,0.0017587306156529863,0.1000251180879283,1905.4201689048696,4825088.0,6,stable,3534,115802112,2.6295841806230587,
e5m-107,e5m,full,32768,9.00649886402854e-05,0.9959261842869737,0.9957827156559143,0.0017587306156529863,0.1000251180879283,1905.4201689048696,4825088.0,7,stable,4123,135102464,2.5872295934019425,
e5m-107,e5m,full,32768,9.00649886402854e-05,0.9959261842869737,0.9957827156559143,0.0017587306156529863,0.1000251180879283,1905.4201689048696,4825088.0,8,stable,4712,154402816,2.551371478670409,
e5m-107,e5m,full,32768,9.00649886402854e-05,0.9959261842869737,0.9957827156559143,0.0017587306156529863,0.1000251180879283,1905.4201689048696,4825088.0,8,decay,5890,193003520,2.5203168840362635,
e5m-108,e5m,full,1048576,0.024231732886898852,0.8966833032492995,0.9974667005203617,0.03163706886418576,0.8589771231252922,5715.940212098793,4825088.0,1,stable,18,18874368,2.8450001820419106,
e5m-108,e5m,full,1048576,0.024231732886898852,0.8966833032492995,0.9974667005203617,0.03163706886418576,0.8589771231252922,5715.940212098793,4825088.0,2,stable,36,37748736,2.7516565587897586,
e5m-108,e5m,full,1048576,0.024231732886898852,0.8966833032492995,0.9974667005203617,0.03163706886418576,0.8589771231252922,5715.940212098793,4825088.0,3,stable,54,56623104,2.7055512988431096,
e5m-108,e5m,full,1048576,0.024231732886898852,0.8966833032492995,0.9974667005203617,0.03163706886418576,0.8589771231252922,5715.940212098793,4825088.0,4,stable,72,75497472,2.681714199810661,
e5m-108,e5m,full,1048576,0.024231732886898852,0.8966833032492995,0.9974667005203617,0.03163706886418576,0.8589771231252922,5715.940212098793,4825088.0,5,stable,90,94371840,2.6485368802757727,
e5m-108,e5m,full,1048576,0.024231732886898852,0.8966833032492995,0.9974667005203617,0.03163706886418576,0.8589771231252922,5715.940212098793,4825088.0,6,stable,108,113246208,2.5761189916110077,
e5m-108,e5m,full,1048576,0.024231732886898852,0.8966833032492995,0.9974667005203617,0.03163706886418576,0.8589771231252922,5715.940212098793,4825088.0,7,stable,126,132120576,2.5365537736778534,
e5m-108,e5m,full,1048576,0.024231732886898852,0.8966833032492995,0.9974667005203617,0.03163706886418576,0.8589771231252922,5715.940212098793,4825088.0,8,stable,144,150994944,2.4970225131274733,
e5m-108,e5m,full,1048576,0.024231732886898852,0.8966833032492995,0.9974667005203617,0.03163706886418576,0.8589771231252922,5715.940212098793,4825088.0,8,decay,180,188743680,2.3931948855800025,
e5m-109,e5m,full,262144,0.014747547071876753,0.995789149694185,0.9904130995292039,0.0012509149048517763,0.8122562115790876,2387.060828268616,4825088.0,1,stable,74,19398656,2.8031389174360632,
e5m-109,e5m,full,262144,0.014747547071876753,0.995789149694185,0.9904130995292039,0.0012509149048517763,0.8122562115790876,2387.060828268616,4825088.0,2,stable,148,38797312,2.7153772232145132,
e5m-109,e5m,full,262144,0.014747547071876753,0.995789149694185,0.9904130995292039,0.0012509149048517763,0.8122562115790876,2387.060828268616,4825088.0,3,stable,222,58195968,2.651609962961729,
e5m-109,e5m,full,262144,0.014747547071876753,0.995789149694185,0.9904130995292039,0.0012509149048517763,0.8122562115790876,2387.060828268616,4825088.0,4,stable,296,77594624,2.594196164892711,
e5m-109,e5m,full,262144,0.014747547071876753,0.995789149694185,0.9904130995292039,0.0012509149048517763,0.8122562115790876,2387.060828268616,4825088.0,5,stable,370,96993280,2.5433892728011953,
e5m-109,e5m,full,262144,0.014747547071876753,0.995789149694185,0.9904130995292039,0.0012509149048517763,0.8122562115790876,2387.060828268616,4825088.0,6,stable,444,116391936,2.491399066876204,
e5m-109,e5m,full,262144,0.014747547071876753,0.995789149694185,0.9904130995292039,0.0012509149048517763,0.8122562115790876,2387.060828268616,4825088.0,7,stable,518,135790592,2.4406775635771654,
e5m-109,e5m,full,262144,0.014747547071876753,0.995789149694185,0.9904130995292039,0.0012509149048517763,0.8122562115790876,2387.060828268616,4825088.0,8,stable,592,155189248,2.389083507338465,
e5m-109,e5m,full,262144,0.014747547071876753,0.995789149694185,0.9904130995292039,0.0012509149048517763,0.8122562115790876,2387.060828268616,4825088.0,8,decay,740,193986560,2.3291127531323355,
e5m-110,e5m,full,131072,5.136780598982796e-05,0.8548960408212093,0.9997199955890822,0.006779326201353977,0.0017169259008479206,87415.2856435397,4825088.0,1,stable,147,19267584,3.6680192862034877,
e5m-110,e5m,full,131072,5.136780598982796e-05,0.8548960408212093,0.9997199955890822,0.006779326201353977,0.0017169259008479206,87415.2856435397,4825088.0,2,stable,294,38535168,3.505380662525477,
e5m-110,e5m,full,131072,5.136780598982796e-05,0.8548960408212093,0.9997199955890822,0.006779326201353977,0.0017169259008479206,87415.2856435397,4825088.0,3,stable,441,57802752,3.3748767945339138,
e5m-110,e5m,full,131072,5.136780598982796e-05,0.8548960408212093,0.9997199955890822,0.006779326201353977,0.0017169259008479206,87415.2856435397,4825088.0,4,stable,588,77070336,3.2715246833882072,
e5m-110,e5m,full,131072,5.136780598982796e-05,0.8548960408212093,0.9997199955890822,0.006779326201353977,0.0017169259008479206,87415.2856435397,4825088.0,5,stable,735,96337920,3.1886279344094026,
e5m-110,e5m,full,131072,5.136780598982796e-05,0.8548960408212093,0.9997199955890822,0.006779326201353977,0.0017169259008479206,87415.2856435397,4825088.0,6,stable,882,115605504,3.118605648391887,
e5m-110,e5m,full,131072,5.136780598982796e-05,0.8548960408212093,0.9997199955890822,0.006779326201353977,0.0017169259008479206,87415.2856435397,4825088.0,7,stable,1029,134873088,3.056339383511138,
e5m-110,e5m,full,131072,5.136780598982796e-05,0.8548960408212093,0.9997199955890822,0.006779326201353977,0.0017169259008479206,87415.2856435397,4825088.0,8,stable,1176,154140672,3.001291093554372,
e5m-110,e5m,full,131072,5.136780598982796e-05,0.8548960408212093,0.9997199955890822,0.006779326201353977,0.0017169259008479206,87415.2856435397,4825088.0,8,decay,1470,192675840,2.95324769458192,
e5m-111,e5m,full,262144,0.009209865377042417,0.998581795653635,0.996026098418823,0.022952416935346803,0.2493206071638959,11314.297506229199,4825088.0,1,stable,74,19398656,2.803142786773257,
e5m-111,e5m,full,262144,0.009209865377042417,0.998581795653635,0.996026098418823,0.022952416935346803,0.2493206071638959,11314.297506229199,4825088.0,2,stable,148,38797312,2.7577770023016486,
e5m-111,e5m,full,262144,0.009209865377042417,0.998581795653635,0.996026098418823,0.022952416935346803,0.2493206071638959,11314.297506229199,4825088.0,3,stable,222,58195968,2.7211571292756633,
e5m-111,e5m,full,262144,0.009209865377042417,0.998581795653635,0.996026098418823,0.022952416935346803,0.2493206071638959,11314.297506229199,4825088.0,4,stable,296,77594624,2.6947837272086663,
e5m-111,e5m,full,262144,0.009209865377042417,0.998581795653635,0.996026098418823,0.022952416935346803,0.2493206071638959,11314.297506229199,4825088.0,5,stable,370,96993280,2.659666716220114,
e5m-111,e5m,full,262144,0.009209865377042417,0.998581795653635,0.996026098418823,0.022952416935346803,0.2493206071638959,11314.297506229199,4825088.0,6,stable,444,116391936,2.6283575373396597,
e5m-111,e5m,full,262144,0.009209865377042417,0.998581795653635,0.996026098418823,0.022952416935346803,0.2493206071638959,11314.297506229199,4825088.0,7,stable,518,135790592,2.601566174229399,
e5m-111,e5m,full,262144,0.009209865377042417,0.998581795653635,0.996026098418823,0.022952416935346803,0.2493206071638959,11314.297506229199,4825088.0,8,stable,592,155189248,2.578208850775385,
e5m-111,e5m,full,262144,0.009209865377042417,0.998581795653635,0.996026098418823,0.022952416935346803,0.2493206071638959,11314.297506229199,4825088.0,8,decay,740,193986560,2.5516505771521905,
e5m-112,e5m,full,131072,0.0006711267119639631,0.9964181348300899,0.9302652022600509,0.04328389574241866,0.0017574036306658766,2165.15320301312,4825088.0,1,stable,147,19267584,3.075122978046215,
e5m-112,e5m,full,131072,0.0006711267119639631,0.9964181348300899,0.9302652022600509,0.04328389574241866,0.0017574036306658766,2165.15320301312,4825088.0,2,stable,294,38535168,2.8695955917147398,
e5m-112,e5m,full,131072,0.0006711267119639631,0.9964181348300899,0.9302652022600509,0.04328389574241866,0.0017574036306658766,2165.15320301312,4825088.0,3,stable,441,57802752,2.8087950915597757,
e5m-112,e5m,full,131072,0.0006711267119639631,0.9964181348300899,0.9302652022600509,0.04328389574241866,0.0017574036306658766,2165.15320301312,4825088.0,4,stable,588,77070336,2.784370295459211,
e5m-112,e5m,full,131072,0.0006711267119639631,0.9964181348300899,0.9302652022600509,0.04328389574241866,0.0017574036306658766,2165.15320301312,4825088.0,5,stable,735,96337920,2.753909475139336,
e5m-112,e5m,full,131072,0.0006711267119639631,0.9964181348300899,0.9302652022600509,0.04328389574241866,0.0017574036306658766,2165.15320301312,4825088.0,6,stable,882,115605504,2.7343393103008915,
e5m-112,e5m,full,131072,0.0006711267119639631,0.9964181348300899,0.9302652022600509,0.04328389574241866,0.0017574036306658766,2165.15320301312,4825088.0,7,stable,1029,134873088,2.7144983530904505,
e5m-112,e5m,full,131072,0.0006711267119639631,0.9964181348300899,0.9302652022600509,0.04328389574241866,0.0017574036306658766,2165.15320301312,4825088.0,8,stable,1176,154140672,2.6949916364120945,
e5m-112,e5m,full,131072,0.0006711267119639631,0.9964181348300899,0.9302652022600509,0.04328389574241866,0.0017574036306658766,2165.15320301312,4825088.0,8,decay,1470,192675840,2.6678556190951075,
e5m-113,e5m,full,1048576,4.5106333731798786e-05,0.9595655704584474,0.9987675432276265,0.002504910485777569,0.014249205275059108,10903.180622870073,4825088.0,1,stable,18,18874368,3.8431860466138263,
e5m-113,e5m,full,1048576,4.5106333731798786e-05,0.9595655704584474,0.9987675432276265,0.002504910485777569,0.014249205275059108,10903.180622870073,4825088.0,2,stable,36,37748736,3.827893824661662,
e5m-113,e5m,full,1048576,4.5106333731798786e-05,0.9595655704584474,0.9987675432276265,0.002504910485777569,0.014249205275059108,10903.180622870073,4825088.0,3,stable,54,56623104,3.803631530356407,
e5m-113,e5m,full,1048576,4.5106333731798786e-05,0.9595655704584474,0.9987675432276265,0.002504910485777569,0.014249205275059108,10903.180622870073,4825088.0,4,stable,72,75497472,3.7784752461800233,
e5m-113,e5m,full,1048576,4.5106333731798786e-05,0.9595655704584474,0.9987675432276265,0.002504910485777569,0.014249205275059108,10903.180622870073,4825088.0,5,stable,90,94371840,3.754749694034652,
e5m-113,e5m,full,1048576,4.5106333731798786e-05,0.9595655704584474,0.9987675432276265,0.002504910485777569,0.014249205275059108,10903.180622870073,4825088.0,6,stable,108,113246208,3.731678481354574,
e5m-113,e5m,full,1048576,4.5106333731798786e-05,0.9595655704584474,0.9987675432276265,0.002504910485777569,0.014249205275059108,10903.180622870073,4825088.0,7,stable,126,132120576,3.708784937095702,
e5m-113,e5m,full,1048576,4.5106333731798786e-05,0.9595655704584474,0.9987675432276265,0.002504910485777569,0.014249205275059108,10903.180622870073,4825088.0,8,stable,144,150994944,3.6861890945840017,
e5m-113,e5m,full,1048576,4.5106333731798786e-05,0.9595655704584474,0.9987675432276265,0.002504910485777569,0.014249205275059108,10903.180622870073,4825088.0,8,decay,180,188743680,3.6647212818096073,
e5m-114,e5m,full,2097152,0.027881256114022167,0.9928212711270323,0.9998705743257551,0.007570393901012766,0.0009332072590806096,380535.6158753181,4825088.0,1,stable,9,18874368,3.087203470449823,
e5m-114,e5m,full,2097152,0.027881256114022167,0.9928212711270323,0.9998705743257551,0.007570393901012766,0.0009332072590806096,380535.6158753181,4825088.0,2,stable,18,37748736,2.927613469355382,
e5m-114,e5m,full,2097152,0.027881256114022167,0.9928212711270323,0.9998705743257551,0.007570393901012766,0.0009332072590806096,380535.6158753181,4825088.0,3,stable,27,56623104,2.8439073949378835,
e5m-114,e5m,full,2097152,0.027881256114022167,0.9928212711270323,0.9998705743257551,0.007570393901012766,0.0009332072590806096,380535.6158753181,4825088.0,4,stable,36,75497472,2.8188029791748934,
e5m-114,e5m,full,2097152,0.027881256114022167,0.9928212711270323,0.9998705743257551,0.007570393901012766,0.0009332072590806096,380535.6158753181,4825088.0,5,stable,45,94371840,2.7931713456882403,
e5m-114,e5m,full,2097152,0.027881256114022167,0.9928212711270323,0.9998705743257551,0.007570393901012766,0.0009332072590806096,380535.6158753181,4825088.0,6,stable,54,113246208,2.7775260456560162,
e5m-114,e5m,full,2097152,0.027881256114022167,0.9928212711270323,0.9998705743257551,0.007570393901012766,0.0009332072590806096,380535.6158753181,4825088.0,7,stable,63,132120576,2.7665060068751806,
e5m-114,e5m,full,2097152,0.027881256114022167,0.9928212711270323,0.9998705743257551,0.007570393901012766,0.0009332072590806096,380535.6158753181,4825088.0,8,stable,72,150994944,2.751789813716316,
e5m-114,e5m,full,2097152,0.027881256114022167,0.9928212711270323,0.9998705743257551,0.007570393901012766,0.0009332072590806096,380535.6158753181,4825088.0,8,decay,90,188743680,2.738140056149748,
e5m-115,e5m,full,524288,0.009408472869282411,0.9887338047131886,0.9996993163186398,0.012245106277421446,0.05062546948358729,51894.41123159713,4825088.0,1,stable,37,19398656,2.7863547335466325,
e5m-115,e5m,full,524288,0.009408472869282411,0.9887338047131886,0.9996993163186398,0.012245106277421446,0.05062546948358729,51894.41123159713,4825088.0,2,stable,74,38797312,2.7252761776536927,
e5m-115,e5m,full,524288,0.009408472869282411,0.9887338047131886,0.9996993163186398,0.012245106277421446,0.05062546948358729,51894.41123159713,4825088.0,3,stable,111,58195968,2.6793596065566976,
e5m-115,e5m,full,524288,0.009408472869282411,0.9887338047131886,0.9996993163186398,0.012245106277421446,0.05062546948358729,51894.41123159713,4825088.0,4,stable,148,77594624,2.646091687395519,
e5m-115,e5m,full,524288,0.009408472869282411,0.9887338047131886,0.9996993163186398,0.012245106277421446,0.05062546948358729,51894.41123159713,4825088.0,5,stable,185,96993280,2.6172160309705363,
e5m-115,e5m,full,524288,0.009408472869282411,0.9887338047131886,0.9996993163186398,0.012245106277421446,0.05062546948358729,51894.41123159713,4825088.0,6,stable,222,116391936,2.5909854432254,
e5m-115,e5m,full,524288,0.009408472869282411,0.9887338047131886,0.9996993163186398,0.012245106277421446,0.05062546948358729,51894.41123159713,4825088.0,7,stable,259,135790592,2.5698073148923934,
e5m-115,e5m,full,524288,0.009408472869282411,0.9887338047131886,0.9996993163186398,0.012245106277421446,0.05062546948358729,51894.41123159713,4825088.0,8,stable,296,155189248,2.55237658588485,
e5m-115,e5m,full,524288,0.009408472869282411,0.9887338047131886,0.9996993163186398,0.012245106277421446,0.05062546948358729,51894.41123159713,4825088.0,8,decay,370,193986560,2.5274302519450367,
e5m-116,e5m,full,2097152,0.012318710575673637,0.9879682699076888,0.9894363903320637,0.10281622699319945,0.00013652856552270643,59963.988664936165,4825088.0,1,stable,9,18874368,3.1420817094002587,
e5m-116,e5m,full,2097152,0.012318710575673637,0.9879682699076888,0.9894363903320637,0.10281622699319945,0.00013652856552270643,59963.988664936165,4825088.0,2,stable,18,37748736,2.8619008883155472,
e5m-116,e5m,full,2097152,0.012318710575673637,0.9879682699076888,0.9894363903320637,0.10281622699319945,0.00013652856552270643,59963.988664936165,4825088.0,3,stable,27,56623104,2.817438010747263,
e5m-116,e5m,full,2097152,0.012318710575673637,0.9879682699076888,0.9894363903320637,0.10281622699319945,0.00013652856552270643,59963.988664936165,4825088.0,4,stable,36,75497472,2.7758266650926897,
e5m-116,e5m,full,2097152,0.012318710575673637,0.9879682699076888,0.9894363903320637,0.10281622699319945,0.00013652856552270643,59963.988664936165,4825088.0,5,stable,45,94371840,2.7540315893471967,
e5m-116,e5m,full,2097152,0.012318710575673637,0.9879682699076888,0.9894363903320637,0.10281622699319945,0.00013652856552270643,59963.988664936165,4825088.0,6,stable,54,113246208,2.742806034839918,
e5m-116,e5m,full,2097152,0.012318710575673637,0.9879682699076888,0.9894363903320637,0.10281622699319945,0.00013652856552270643,59963.988664936165,4825088.0,7,stable,63,132120576,2.7273132233037836,
e5m-116,e5m,full,2097152,0.012318710575673637,0.9879682699076888,0.9894363903320637,0.10281622699319945,0.00013652856552270643,59963.988664936165,4825088.0,8,stable,72,150994944,2.7147018145652972,
e5m-116,e5m,full,2097152,0.012318710575673637,0.9879682699076888,0.9894363903320637,0.10281622699319945,0.00013652856552270643,59963.988664936165,4825088.0,8,decay,90,188743680,2.6946645494998944,
e5m-117,e5m,full,131072,0.0003483274915955829,0.9986984330651959,0.9564603954522586,0.0029165248375047585,0.0002373041389479515,22992.769049495393,4825088.0,1,stable,147,19267584,3.1739448746912213,
e5m-117,e5m,full,131072,0.0003483274915955829,0.9986984330651959,0.9564603954522586,0.0029165248375047585,0.0002373041389479515,22992.769049495393,4825088.0,2,stable,294,38535168,2.96004728285558,
e5m-117,e5m,full,131072,0.0003483274915955829,0.9986984330651959,0.9564603954522586,0.0029165248375047585,0.0002373041389479515,22992.769049495393,4825088.0,3,stable,441,57802752,2.8699948761310146,
e5m-117,e5m,full,131072,0.0003483274915955829,0.9986984330651959,0.9564603954522586,0.0029165248375047585,0.0002373041389479515,22992.769049495393,4825088.0,4,stable,588,77070336,2.8215752703217944,
e5m-117,e5m,full,131072,0.0003483274915955829,0.9986984330651959,0.9564603954522586,0.0029165248375047585,0.0002373041389479515,22992.769049495393,4825088.0,5,stable,735,96337920,2.795512924842347,
e5m-117,e5m,full,131072,0.0003483274915955829,0.9986984330651959,0.9564603954522586,0.0029165248375047585,0.0002373041389479515,22992.769049495393,4825088.0,6,stable,882,115605504,2.770244596622017,
e5m-117,e5m,full,131072,0.0003483274915955829,0.9986984330651959,0.9564603954522586,0.0029165248375047585,0.0002373041389479515,22992.769049495393,4825088.0,7,stable,1029,134873088,2.7551285597541058,
e5m-117,e5m,full,131072,0.0003483274915955829,0.9986984330651959,0.9564603954522586,0.0029165248375047585,0.0002373041389479515,22992.769049495393,4825088.0,8,stable,1176,154140672,2.7369342948081994,
e5m-117,e5m,full,131072,0.0003483274915955829,0.9986984330651959,0.9564603954522586,0.0029165248375047585,0.0002373041389479515,22992.769049495393,4825088.0,8,decay,1470,192675840,2.7206847481846057,
e5m-118,e5m,full,262144,9.042536311839007e-05,0.9592381958469958,0.9996785290373753,0.007239099512843301,0.02375966506521005,400257.59512968303,4825088.0,1,stable,74,19398656,3.7145769280883223,
e5m-118,e5m,full,262144,9.042536311839007e-05,0.9592381958469958,0.9996785290373753,0.007239099512843301,0.02375966506521005,400257.59512968303,4825088.0,2,stable,148,38797312,3.5579183556955596,
e5m-118,e5m,full,262144,9.042536311839007e-05,0.9592381958469958,0.9996785290373753,0.007239099512843301,0.02375966506521005,400257.59512968303,4825088.0,3,stable,222,58195968,3.4239351439519625,
e5m-118,e5m,full,262144,9.042536311839007e-05,0.9592381958469958,0.9996785290373753,0.007239099512843301,0.02375966506521005,400257.59512968303,4825088.0,4,stable,296,77594624,3.3152908562833736,
e5m-118,e5m,full,262144,9.042536311839007e-05,0.9592381958469958,0.9996785290373753,0.007239099512843301,0.02375966506521005,400257.59512968303,4825088.0,5,stable,370,96993280,3.2261653751394896,
e5m-118,e5m,full,262144,9.042536311839007e-05,0.9592381958469958,0.9996785290373753,0.007239099512843301,0.02375966506521005,400257.59512968303,4825088.0,6,stable,444,116391936,3.1491309475266838,
e5m-118,e5m,full,262144,9.042536311839007e-05,0.9592381958469958,0.9996785290373753,0.007239099512843301,0.02375966506521005,400257.59512968303,4825088.0,7,stable,518,135790592,3.0810214957747237,
e5m-118,e5m,full,262144,9.042536311839007e-05,0.9592381958469958,0.9996785290373753,0.007239099512843301,0.02375966506521005,400257.59512968303,4825088.0,8,stable,592,155189248,3.0207976254998536,
e5m-118,e5m,full,262144,9.042536311839007e-05,0.9592381958469958,0.9996785290373753,0.007239099512843301,0.02375966506521005,400257.59512968303,4825088.0,8,decay,740,193986560,2.9686239382244706,
e5m-119,e5m,full,32768,0.00011024654635315262,0.7576759937097448,0.9997668503632624,0.0024722902698193615,0.0029462751020911055,31545.310317865195,4825088.0,1,stable,589,19300352,3.0312904714623525,
e5m-119,e5m,full,32768,0.00011024654635315262,0.7576759937097448,0.9997668503632624,0.0024722902698193615,0.0029462751020911055,31545.310317865195,4825088.0,2,stable,1178,38600704,2.8142821189199965,
e5m-119,e5m,full,32768,0.00011024654635315262,0.7576759937097448,0.9997668503632624,0.0024722902698193615,0.0029462751020911055,31545.310317865195,4825088.0,3,stable,1767,57901056,2.6823279049669098,
e5m-119,e5m,full,32768,0.00011024654635315262,0.7576759937097448,0.9997668503632624,0.0024722902698193615,0.0029462751020911055,31545.310317865195,4825088.0,4,stable,2356,77201408,2.6010220995589526,
e5m-119,e5m,full,32768,0.00011024654635315262,0.7576759937097448,0.9997668503632624,0.0024722902698193615,0.0029462751020911055,31545.310317865195,4825088.0,5,stable,2945,96501760,2.542418814416597,
e5m-119,e5m,full,32768,0.00011024654635315262,0.7576759937097448,0.9997668503632624,0.0024722902698193615,0.0029462751020911055,31545.310317865195,4825088.0,6,stable,3534,115802112,2.4944027628596803,
e5m-119,e5m,full,32768,0.00011024654635315262,0.7576759937097448,0.9997668503632624,0.0024722902698193615,0.0029462751020911055,31545.310317865195,4825088.0,7,stable,4123,135102464,2.455320686497479,
e5m-119,e5m,full,32768,0.00011024654635315262,0.7576759937097448,0.9997668503632624,0.0024722902698193615,0.0029462751020911055,31545.310317865195,4825088.0,8,stable,4712,154402816,2.421243827133963,
e5m-119,e5m,full,32768,0.00011024654635315262,0.7576759937097448,0.9997668503632624,0.0024722902698193615,0.0029462751020911055,31545.310317865195,4825088.0,8,decay,5890,193003520,2.385422303018699,
e5m-120,e5m,full,524288,0.00017417981777184278,0.9304711837203566,0.9553157523522141,0.018794590917297054,0.4558560825068083,20125.790807182428,4825088.0,1,stable,37,19398656,3.7315237478681866,
e5m-120,e5m,full,524288,0.00017417981777184278,0.9304711837203566,0.9553157523522141,0.018794590917297054,0.4558560825068083,20125.790807182428,4825088.0,2,stable,74,38797312,3.5848107671675558,
e5m-120,e5m,full,524288,0.00017417981777184278,0.9304711837203566,0.9553157523522141,0.018794590917297054,0.4558560825068083,20125.790807182428,4825088.0,3,stable,111,58195968,3.4541671143445285,
e5m-120,e5m,full,524288,0.00017417981777184278,0.9304711837203566,0.9553157523522141,0.018794590917297054,0.4558560825068083,20125.790807182428,4825088.0,4,stable,148,77594624,3.342755747429287,
e5m-120,e5m,full,524288,0.00017417981777184278,0.9304711837203566,0.9553157523522141,0.018794590917297054,0.4558560825068083,20125.790807182428,4825088.0,5,stable,185,96993280,3.246458798535975,
e5m-120,e5m,full,524288,0.00017417981777184278,0.9304711837203566,0.9553157523522141,0.018794590917297054,0.4558560825068083,20125.790807182428,4825088.0,6,stable,222,116391936,3.161647083089781,
e5m-120,e5m,full,524288,0.00017417981777184278,0.9304711837203566,0.9553157523522141,0.018794590917297054,0.4558560825068083,20125.790807182428,4825088.0,7,stable,259,135790592,3.08636714937119,
e5m-120,e5m,full,524288,0.00017417981777184278,0.9304711837203566,0.9553157523522141,0.018794590917297054,0.4558560825068083,20125.790807182428,4825088.0,8,stable,296,155189248,3.018840513009414,
e5m-120,e5m,full,524288,0.00017417981777184278,0.9304711837203566,0.9553157523522141,0.018794590917297054,0.4558560825068083,20125.790807182428,4825088.0,8,decay,370,193986560,2.9591384491662738,
e5m-121,e5m,full,65536,0.0011642822925362736,0.9243163469804481,0.9858645741269371,0.007941278522535546,0.3195700255797982,37824.787694080194,4825088.0,1,stable,294,19267584,2.588109801359861,
e5m-121,e5m,full,65536,0.0011642822925362736,0.9243163469804481,0.9858645741269371,0.007941278522535546,0.3195700255797982,37824.787694080194,4825088.0,2,stable,588,38535168,2.362098763290305,
e5m-121,e5m,full,65536,0.0011642822925362736,0.9243163469804481,0.9858645741269371,0.007941278522535546,0.3195700255797982,37824.787694080194,4825088.0,3,stable,882,57802752,2.235264893573351,
e5m-121,e5m,full,65536,0.0011642822925362736,0.9243163469804481,0.9858645741269371,0.007941278522535546,0.3195700255797982,37824.787694080194,4825088.0,3,decay,1102,72220672,2.1891846713436784,
e5m-121,e5m,full,65536,0.0011642822925362736,0.9243163469804481,0.9858645741269371,0.007941278522535546,0.3195700255797982,37824.787694080194,4825088.0,4,stable,1176,77070336,2.1597929053497524,
e5m-121,e5m,full,65536,0.0011642822925362736,0.9243163469804481,0.9858645741269371,0.007941278522535546,0.3195700255797982,37824.787694080194,4825088.0,4,decay,1470,96337920,2.115339704449448,
e5m-121,e5m,full,65536,0.0011642822925362736,0.9243163469804481,0.9858645741269371,0.007941278522535546,0.3195700255797982,37824.787694080194,4825088.0,5,stable,1470,96337920,2.108074213742361,
e5m-121,e5m,full,65536,0.0011642822925362736,0.9243163469804481,0.9858645741269371,0.007941278522535546,0.3195700255797982,37824.787694080194,4825088.0,5,decay,1838,120455168,2.064229954149536,
e5m-121,e5m,full,65536,0.0011642822925362736,0.9243163469804481,0.9858645741269371,0.007941278522535546,0.3195700255797982,37824.787694080194,4825088.0,6,stable,1764,115605504,2.069288119066898,
e5m-121,e5m,full,65536,0.0011642822925362736,0.9243163469804481,0.9858645741269371,0.007941278522535546,0.3195700255797982,37824.787694080194,4825088.0,6,decay,2205,144506880,2.0281831810296516,
e5m-121,e5m,full,65536,0.0011642822925362736,0.9243163469804481,0.9858645741269371,0.007941278522535546,0.3195700255797982,37824.787694080194,4825088.0,7,stable,2058,134873088,2.043609341223774,
e5m-121,e5m,full,65536,0.0011642822925362736,0.9243163469804481,0.9858645741269371,0.007941278522535546,0.3195700255797982,37824.787694080194,4825088.0,7,decay,2572,168558592,2.0022753000255666,
e5m-121,e5m,full,65536,0.0011642822925362736,0.9243163469804481,0.9858645741269371,0.007941278522535546,0.3195700255797982,37824.787694080194,4825088.0,8,stable,2352,154140672,2.024508831765644,
e5m-121,e5m,full,65536,0.0011642822925362736,0.9243163469804481,0.9858645741269371,0.007941278522535546,0.3195700255797982,37824.787694080194,4825088.0,8,decay,2940,192675840,1.983273255172114,
e5m-122,e5m,full,65536,0.0004764352051021102,0.9927428385277225,0.9761635050468753,0.07261211313659777,0.4994313590020972,12324.209980827376,4825088.0,1,stable,294,19267584,2.9727569066648947,
e5m-122,e5m,full,65536,0.0004764352051021102,0.9927428385277225,0.9761635050468753,0.07261211313659777,0.4994313590020972,12324.209980827376,4825088.0,2,stable,588,38535168,2.7491551201831426,
e5m-122,e5m,full,65536,0.0004764352051021102,0.9927428385277225,0.9761635050468753,0.07261211313659777,0.4994313590020972,12324.209980827376,4825088.0,3,stable,882,57802752,2.6615497383919577,
e5m-122,e5m,full,65536,0.0004764352051021102,0.9927428385277225,0.9761635050468753,0.07261211313659777,0.4994313590020972,12324.209980827376,4825088.0,4,stable,1176,77070336,2.6030936973658685,
e5m-122,e5m,full,65536,0.0004764352051021102,0.9927428385277225,0.9761635050468753,0.07261211313659777,0.4994313590020972,12324.209980827376,4825088.0,5,stable,1470,96337920,2.5599447847638714,
e5m-122,e5m,full,65536,0.0004764352051021102,0.9927428385277225,0.9761635050468753,0.07261211313659777,0.4994313590020972,12324.209980827376,4825088.0,6,stable,1764,115605504,2.5207147662375076,
e5m-122,e5m,full,65536,0.0004764352051021102,0.9927428385277225,0.9761635050468753,0.07261211313659777,0.4994313590020972,12324.209980827376,4825088.0,7,stable,2058,134873088,2.4809193323083205,
e5m-122,e5m,full,65536,0.0004764352051021102,0.9927428385277225,0.9761635050468753,0.07261211313659777,0.4994313590020972,12324.209980827376,4825088.0,8,stable,2352,154140672,2.438660117069656,
e5m-122,e5m,full,65536,0.0004764352051021102,0.9927428385277225,0.9761635050468753,0.07261211313659777,0.4994313590020972,12324.209980827376,4825088.0,8,decay,2940,192675840,2.393877692056883,
e5m-123,e5m,full,131072,0.03353005745322473,0.7066541936239027,0.9867610194819709,0.10623031272187049,0.2878311495114892,21264.910490234775,4825088.0,1,stable,147,19267584,2.6991636529856153,
e5m-123,e5m,full,131072,0.03353005745322473,0.7066541936239027,0.9867610194819709,0.10623031272187049,0.2878311495114892,21264.910490234775,4825088.0,2,stable,294,38535168,2.5086921665550657,
e5m-123,e5m,full,131072,0.03353005745322473,0.7066541936239027,0.9867610194819709,0.10623031272187049,0.2878311495114892,21264.910490234775,4825088.0,3,stable,441,57802752,2.377778821312641,
e5m-123,e5m,full,131072,0.03353005745322473,0.7066541936239027,0.9867610194819709,0.10623031272187049,0.2878311495114892,21264.910490234775,4825088.0,3,decay,551,72220672,2.254494340338998,
e5m-123,e5m,full,131072,0.03353005745322473,0.7066541936239027,0.9867610194819709,0.10623031272187049,0.2878311495114892,21264.910490234775,4825088.0,4,stable,588,77070336,2.286835055391061,
e5m-123,e5m,full,131072,0.03353005745322473,0.7066541936239027,0.9867610194819709,0.10623031272187049,0.2878311495114892,21264.910490234775,4825088.0,4,decay,735,96337920,2.1486978707224322,
e5m-123,e5m,full,131072,0.03353005745322473,0.7066541936239027,0.9867610194819709,0.10623031272187049,0.2878311495114892,21264.910490234775,4825088.0,5,stable,735,96337920,2.2901290804363517,
e5m-123,e5m,full,131072,0.03353005745322473,0.7066541936239027,0.9867610194819709,0.10623031272187049,0.2878311495114892,21264.910490234775,4825088.0,5,decay,919,120455168,2.0759767838076484,
e5m-123,e5m,full,131072,0.03353005745322473,0.7066541936239027,0.9867610194819709,0.10623031272187049,0.2878311495114892,21264.910490234775,4825088.0,6,stable,882,115605504,2.12842435947788,
e5m-123,e5m,full,131072,0.03353005745322473,0.7066541936239027,0.9867610194819709,0.10623031272187049,0.2878311495114892,21264.910490234775,4825088.0,6,decay,1102,144441344,2.0269997964117885,
e5m-123,e5m,full,131072,0.03353005745322473,0.7066541936239027,0.9867610194819709,0.10623031272187049,0.2878311495114892,21264.910490234775,4825088.0,7,stable,1029,134873088,2.0962865889308775,
e5m-123,e5m,full,131072,0.03353005745322473,0.7066541936239027,0.9867610194819709,0.10623031272187049,0.2878311495114892,21264.910490234775,4825088.0,7,decay,1286,168558592,1.9997288164953742,
e5m-123,e5m,full,131072,0.03353005745322473,0.7066541936239027,0.9867610194819709,0.10623031272187049,0.2878311495114892,21264.910490234775,4825088.0,8,stable,1176,154140672,2.1422914748385486,
e5m-123,e5m,full,131072,0.03353005745322473,0.7066541936239027,0.9867610194819709,0.10623031272187049,0.2878311495114892,21264.910490234775,4825088.0,8,decay,1470,192675840,1.9811301256078782,
e5m-124,e5m,full,32768,0.031231018091644122,0.7513903458906707,0.99977862171282,0.01687917097425584,0.0597701042344058,359541.2141763696,4825088.0,1,stable,589,19300352,2.4193136583791848,
e5m-124,e5m,full,32768,0.031231018091644122,0.7513903458906707,0.99977862171282,0.01687917097425584,0.0597701042344058,359541.2141763696,4825088.0,2,stable,1178,38600704,2.2650572385808236,
e5m-124,e5m,full,32768,0.031231018091644122,0.7513903458906707,0.99977862171282,0.01687917097425584,0.0597701042344058,359541.2141763696,4825088.0,3,stable,1767,57901056,2.184832919151073,
e5m-124,e5m,full,32768,0.031231018091644122,0.7513903458906707,0.99977862171282,0.01687917097425584,0.0597701042344058,359541.2141763696,4825088.0,3,decay,2209,72384512,2.099315546799444,
e5m-124,e5m,full,32768,0.031231018091644122,0.7513903458906707,0.99977862171282,0.01687917097425584,0.0597701042344058,359541.2141763696,4825088.0,4,stable,2356,77201408,2.1351380639287383,
e5m-124,e5m,full,32768,0.031231018091644122,0.7513903458906707,0.99977862171282,0.01687917097425584,0.0597701042344058,359541.2141763696,4825088.0,4,decay,2945,96501760,2.0550085487655556,
e5m-124,e5m,full,32768,0.031231018091644122,0.7513903458906707,0.99977862171282,0.01687917097425584,0.0597701042344058,359541.2141763696,4825088.0,5,stable,2945,96501760,2.1196896581636824,
e5m-124,e5m,full,32768,0.031231018091644122,0.7513903458906707,0.99977862171282,0.01687917097425584,0.0597701042344058,359541.2141763696,4825088.0,5,decay,3681,120619008,2.023260836061875,
e5m-124,e5m,full,32768,0.031231018091644122,0.7513903458906707,0.99977862171282,0.01687917097425584,0.0597701042344058,359541.2141763696,4825088.0,6,stable,3534,115802112,2.0859899184558572,
e5m-124,e5m,full,32768,0.031231018091644122,0.7513903458906707,0.99977862171282,0.01687917097425584,0.0597701042344058,359541.2141763696,4825088.0,6,decay,4418,144769024,2.0027704325046045,
e5m-124,e5m,full,32768,0.031231018091644122,0.7513903458906707,0.99977862171282,0.01687917097425584,0.0597701042344058,359541.2141763696,4825088.0,7,stable,4123,135102464,2.1069221503732716,
e5m-124,e5m,full,32768,0.031231018091644122,0.7513903458906707,0.99977862171282,0.01687917097425584,0.0597701042344058,359541.2141763696,4825088.0,7,decay,5154,168886272,1.9875999679418987,
e5m-124,e5m,full,32768,0.031231018091644122,0.7513903458906707,0.99977862171282,0.01687917097425584,0.0597701042344058,359541.2141763696,4825088.0,8,stable,4712,154402816,2.0617432406909435,
e5m-124,e5m,full,32768,0.031231018091644122,0.7513903458906707,0.99977862171282,0.01687917097425584,0.0597701042344058,359541.2141763696,4825088.0,8,decay,5890,193003520,1.9758997856977119,
e5m-125,e5m,full,262144,1.274064805090327e-05,0.9972770658514624,0.9983290271075956,0.005250439203233679,0.39887778039800664,818842.4950586994,4825088.0,1,stable,74,19398656,3.8431705963587537,
e5m-125,e5m,full,262144,1.274064805090327e-05,0.9972770658514624,0.9983290271075956,0.005250439203233679,0.39887778039800664,818842.4950586994,4825088.0,2,stable,148,38797312,3.828933712700306,
e5m-125,e5m,full,262144,1.274064805090327e-05,0.9972770658514624,0.9983290271075956,0.005250439203233679,0.39887778039800664,818842.4950586994,4825088.0,3,stable,222,58195968,3.8087874835523534,
e5m-125,e5m,full,262144,1.274064805090327e-05,0.9972770658514624,0.9983290271075956,0.005250439203233679,0.39887778039800664,818842.4950586994,4825088.0,4,stable,296,77594624,3.788830261805287,
e5m-125,e5m,full,262144,1.274064805090327e-05,0.9972770658514624,0.9983290271075956,0.005250439203233679,0.39887778039800664,818842.4950586994,4825088.0,5,stable,370,96993280,3.7698709089139424,
e5m-125,e5m,full,262144,1.274064805090327e-05,0.9972770658514624,0.9983290271075956,0.005250439203233679,0.39887778039800664,818842.4950586994,4825088.0,6,stable,444,116391936,3.7511313143748133,
e5m-125,e5m,full,262144,1.274064805090327e-05,0.9972770658514624,0.9983290271075956,0.005250439203233679,0.39887778039800664,818842.4950586994,4825088.0,7,stable,518,135790592,3.732083081691645,
e5m-125,e5m,full,262144,1.274064805090327e-05,0.9972770658514624,0.9983290271075956,0.005250439203233679,0.39887778039800664,818842.4950586994,4825088.0,8,stable,592,155189248,3.7125486226628492,
e5m-125,e5m,full,262144,1.274064805090327e-05,0.9972770658514624,0.9983290271075956,0.005250439203233679,0.39887778039800664,818842.4950586994,4825088.0,8,decay,740,193986560,3.692741369347354,
e5m-126,e5m,full,524288,0.013309896134970793,0.9959771364075771,0.9998855743756968,0.00518332174818957,0.00014656692419084564,120917.57709324067,4825088.0,1,stable,37,19398656,2.7844882693277966,
e5m-126,e5m,full,524288,0.013309896134970793,0.9959771364075771,0.9998855743756968,0.00518332174818957,0.00014656692419084564,120917.57709324067,4825088.0,2,stable,74,38797312,2.7229390058463907,
e5m-126,e5m,full,524288,0.013309896134970793,0.9959771364075771,0.9998855743756968,0.00518332174818957,0.00014656692419084564,120917.57709324067,4825088.0,3,stable,111,58195968,2.6778340305503745,
e5m-126,e5m,full,524288,0.013309896134970793,0.9959771364075771,0.9998855743756968,0.00518332174818957,0.00014656692419084564,120917.57709324067,4825088.0,4,stable,148,77594624,2.6484006019070847,
e5m-126,e5m,full,524288,0.013309896134970793,0.9959771364075771,0.9998855743756968,0.00518332174818957,0.00014656692419084564,120917.57709324067,4825088.0,5,stable,185,96993280,2.6270097032443784,
e5m-126,e5m,full,524288,0.013309896134970793,0.9959771364075771,0.9998855743756968,0.00518332174818957,0.00014656692419084564,120917.57709324067,4825088.0,6,stable,222,116391936,2.6091529917571545,
e5m-126,e5m,full,524288,0.013309896134970793,0.9959771364075771,0.9998855743756968,0.00518332174818957,0.00014656692419084564,120917.57709324067,4825088.0,7,stable,259,135790592,2.593864306130586,
e5m-126,e5m,full,524288,0.013309896134970793,0.9959771364075771,0.9998855743756968,0.00518332174818957,0.00014656692419084564,120917.57709324067,4825088.0,8,stable,296,155189248,2.579642750281923,
e5m-126,e5m,full,524288,0.013309896134970793,0.9959771364075771,0.9998855743756968,0.00518332174818957,0.00014656692419084564,120917.57709324067,4825088.0,8,decay,370,193986560,2.563222643819159,
e5m-127,e5m,full,2097152,0.02572959311750262,0.998157717274761,0.9986280893619099,0.06063034796101011,0.15302521205153388,3394.4243642009314,4825088.0,1,stable,9,18874368,3.0968199057076777,
e5m-127,e5m,full,2097152,0.02572959311750262,0.998157717274761,0.9986280893619099,0.06063034796101011,0.15302521205153388,3394.4243642009314,4825088.0,2,stable,18,37748736,2.8142996069414172,
e5m-127,e5m,full,2097152,0.02572959311750262,0.998157717274761,0.9986280893619099,0.06063034796101011,0.15302521205153388,3394.4243642009314,4825088.0,3,stable,27,56623104,2.780020657447998,
e5m-127,e5m,full,2097152,0.02572959311750262,0.998157717274761,0.9986280893619099,0.06063034796101011,0.15302521205153388,3394.4243642009314,4825088.0,4,stable,36,75497472,2.757854076846906,
e5m-127,e5m,full,2097152,0.02572959311750262,0.998157717274761,0.9986280893619099,0.06063034796101011,0.15302521205153388,3394.4243642009314,4825088.0,5,stable,45,94371840,2.7406255818463916,
e5m-127,e5m,full,2097152,0.02572959311750262,0.998157717274761,0.9986280893619099,0.06063034796101011,0.15302521205153388,3394.4243642009314,4825088.0,6,stable,54,113246208,2.7275553872385943,
e5m-127,e5m,full,2097152,0.02572959311750262,0.998157717274761,0.9986280893619099,0.06063034796101011,0.15302521205153388,3394.4243642009314,4825088.0,7,stable,63,132120576,2.718835595982797,
e5m-127,e5m,full,2097152,0.02572959311750262,0.998157717274761,0.9986280893619099,0.06063034796101011,0.15302521205153388,3394.4243642009314,4825088.0,8,stable,72,150994944,2.7108382635355914,
e5m-127,e5m,full,2097152,0.02572959311750262,0.998157717274761,0.9986280893619099,0.06063034796101011,0.15302521205153388,3394.4243642009314,4825088.0,8,decay,90,188743680,2.6989837664708283,
e5m-128,e5m,ext,32768,0.0009986930259162767,0.9099323426752576,0.9992225460698964,0.10234698102964394,0.6139486650547156,166367.30738346433,4825088.0,1,stable,589,19300352,2.5577088968514836,e5m
e5m-128,e5m,ext,32768,0.0009986930259162767,0.9099323426752576,0.9992225460698964,0.10234698102964394,0.6139486650547156,166367.30738346433,4825088.0,2,stable,1178,38600704,2.2951017043910014,e5m
e5m-128,e5m,ext,32768,0.0009986930259162767,0.9099323426752576,0.9992225460698964,0.10234698102964394,0.6139486650547156,166367.30738346433,4825088.0,3,stable,1767,57901056,2.1692545540099966,e5m
e5m-128,e5m,ext,32768,0.0009986930259162767,0.9099323426752576,0.9992225460698964,0.10234698102964394,0.6139486650547156,166367.30738346433,4825088.0,4,stable,2356,77201408,2.102611602804956,e5m
e5m-128,e5m,ext,32768,0.0009986930259162767,0.9099323426752576,0.9992225460698964,0.10234698102964394,0.6139486650547156,166367.30738346433,4825088.0,5,stable,2945,96501760,2.0667133192878437,e5m
e5m-128,e5m,ext,32768,0.0009986930259162767,0.9099323426752576,0.9992225460698964,0.10234698102964394,0.6139486650547156,166367.30738346433,4825088.0,6,stable,3534,115802112,2.0342159427469246,e5m
e5m-128,e5m,ext,32768,0.0009986930259162767,0.9099323426752576,0.9992225460698964,0.10234698102964394,0.6139486650547156,166367.30738346433,4825088.0,7,stable,4123,135102464,2.018173630437716,e5m
e5m-128,e5m,ext,32768,0.0009986930259162767,0.9099323426752576,0.9992225460698964,0.10234698102964394,0.6139486650547156,166367.30738346433,4825088.0,8,stable,4712,154402816,2.0038892155412458,e5m
e5m-128,e5m,ext,32768,0.0009986930259162767,0.9099323426752576,0.9992225460698964,0.10234698102964394,0.6139486650547156,166367.30738346433,4825088.0,8,decay,5890,193003520,1.963019399190107,e5m
e5m-129,e5m,ext,16384,0.028309995804803992,0.732140576144375,0.997070456708185,0.030184496344816368,0.03690867272127657,218750.34953651528,4825088.0,1,stable,1178,19300352,2.3168894744371173,e5m
e5m-129,e5m,ext,16384,0.028309995804803992,0.732140576144375,0.997070456708185,0.030184496344816368,0.03690867272127657,218750.34953651528,4825088.0,2,stable,2356,38600704,2.1772496705752684,e5m
e5m-129,e5m,ext,16384,0.028309995804803992,0.732140576144375,0.997070456708185,0.030184496344816368,0.03690867272127657,218750.34953651528,4825088.0,3,stable,3534,57901056,2.1286228228560744,e5m
e5m-129,e5m,ext,16384,0.028309995804803992,0.732140576144375,0.997070456708185,0.030184496344816368,0.03690867272127657,218750.34953651528,4825088.0,4,stable,4712,77201408,2.089779532470455,e5m
e5m-129,e5m,ext,16384,0.028309995804803992,0.732140576144375,0.997070456708185,0.030184496344816368,0.03690867272127657,218750.34953651528,4825088.0,5,stable,5890,96501760,2.085149106763044,e5m
e5m-129,e5m,ext,16384,0.028309995804803992,0.732140576144375,0.997070456708185,0.030184496344816368,0.03690867272127657,218750.34953651528,4825088.0,6,stable,7068,115802112,2.0600242387166805,e5m
e5m-129,e5m,ext,16384,0.028309995804803992,0.732140576144375,0.997070456708185,0.030184496344816368,0.03690867272127657,218750.34953651528,4825088.0,7,stable,8246,135102464,2.067098265266913,e5m
e5m-129,e5m,ext,16384,0.028309995804803992,0.732140576144375,0.997070456708185,0.030184496344816368,0.03690867272127657,218750.34953651528,4825088.0,8,stable,9424,154402816,2.0438020486930455,e5m
e5m-129,e5m,ext,16384,0.028309995804803992,0.732140576144375,0.997070456708185,0.030184496344816368,0.03690867272127657,218750.34953651528,4825088.0,8,decay,11780,193003520,1.9571908346113518,e5m
e5m-130,e5m,ext,8192,0.02297889513445874,0.8353174699475016,0.9935137098487291,0.0028030286341957015,0.01678329544168537,16032.100456497958,4825088.0,1,stable,2356,19300352,2.328110217456206,e5m
e5m-130,e5m,ext,8192,0.02297889513445874,0.8353174699475016,0.9935137098487291,0.0028030286341957015,0.01678329544168537,16032.100456497958,4825088.0,2,stable,4712,38600704,2.1986492436461953,e5m
e5m-130,e5m,ext,8192,0.02297889513445874,0.8353174699475016,0.9935137098487291,0.0028030286341957015,0.01678329544168537,16032.100456497958,4825088.0,3,stable,7068,57901056,2.151307324995136,e5m
e5m-130,e5m,ext,8192,0.02297889513445874,0.8353174699475016,0.9935137098487291,0.0028030286341957015,0.01678329544168537,16032.100456497958,4825088.0,4,stable,9424,77201408,2.11083669297268,e5m
e5m-130,e5m,ext,8192,0.02297889513445874,0.8353174699475016,0.9935137098487291,0.0028030286341957015,0.01678329544168537,16032.100456497958,4825088.0,5,stable,11780,96501760,2.1236808312533277,e5m
e5m-130,e5m,ext,8192,0.02297889513445874,0.8353174699475016,0.9935137098487291,0.0028030286341957015,0.01678329544168537,16032.100456497958,4825088.0,6,stable,14136,115802112,2.091860226422188,e5m
e5m-130,e5m,ext,8192,0.02297889513445874,0.8353174699475016,0.9935137098487291,0.0028030286341957015,0.01678329544168537,16032.100456497958,4825088.0,7,stable,16492,135102464,2.091427728039315,e5m
e5m-130,e5m,ext,8192,0.02297889513445874,0.8353174699475016,0.9935137098487291,0.0028030286341957015,0.01678329544168537,16032.100456497958,4825088.0,8,stable,18848,154402816,2.0743837741791435,e5m
e5m-130,e5m,ext,8192,0.02297889513445874,0.8353174699475016,0.9935137098487291,0.0028030286341957015,0.01678329544168537,16032.100456497958,4825088.0,8,decay,23560,193003520,1.9784829613880106,e5m
e5m-131,e5m,ext,8192,0.022120201635373298,0.9410051394734147,0.9997892664899584,0.0018984693325933507,0.0011610253086651973,342348.0909837983,4825088.0,1,stable,2356,19300352,2.437832830228215,e5m
e5m-131,e5m,ext,8192,0.022120201635373298,0.9410051394734147,0.9997892664899584,0.0018984693325933507,0.0011610253086651973,342348.0909837983,4825088.0,2,stable,4712,38600704,2.300769979469754,e5m
e5m-131,e5m,ext,8192,0.022120201635373298,0.9410051394734147,0.9997892664899584,0.0018984693325933507,0.0011610253086651973,342348.0909837983,4825088.0,3,stable,7068,57901056,2.2222355423602846,e5m
e5m-131,e5m,ext,8192,0.022120201635373298,0.9410051394734147,0.9997892664899584,0.0018984693325933507,0.0011610253086651973,342348.0909837983,4825088.0,4,stable,9424,77201408,2.1672292379391864,e5m
e5m-131,e5m,ext,8192,0.022120201635373298,0.9410051394734147,0.9997892664899584,0.0018984693325933507,0.0011610253086651973,342348.0909837983,4825088.0,5,stable,11780,96501760,2.135260352249762,e5m
e5m-131,e5m,ext,8192,0.022120201635373298,0.9410051394734147,0.9997892664899584,0.0018984693325933507,0.0011610253086651973,342348.0909837983,4825088.0,6,stable,14136,115802112,2.1031230133307584,e5m
e5m-131,e5m,ext,8192,0.022120201635373298,0.9410051394734147,0.9997892664899584,0.0018984693325933507,0.0011610253086651973,342348.0909837983,4825088.0,7,stable,16492,135102464,2.091697991947764,e5m
e5m-131,e5m,ext,8192,0.022120201635373298,0.9410051394734147,0.9997892664899584,0.0018984693325933507,0.0011610253086651973,342348.0909837983,4825088.0,8,stable,18848,154402816,2.0688392471670864,e5m
e5m-131,e5m,ext,8192,0.022120201635373298,0.9410051394734147,0.9997892664899584,0.0018984693325933507,0.0011610253086651973,342348.0909837983,4825088.0,8,decay,23560,193003520,2.0091999896479584,e5m
e5m-132,e5m,ext,8192,0.02026687962624659,0.9472288965795013,0.996520388520744,0.015558673827604768,0.0010526497306367001,1818.5898696861798,4825088.0,1,stable,2356,19300352,2.3856915055773755,e5m
e5m-132,e5m,ext,8192,0.02026687962624659,0.9472288965795013,0.996520388520744,0.015558673827604768,0.0010526497306367001,1818.5898696861798,4825088.0,2,stable,4712,38600704,2.240690629804573,e5m
e5m-132,e5m,ext,8192,0.02026687962624659,0.9472288965795013,0.996520388520744,0.015558673827604768,0.0010526497306367001,1818.5898696861798,4825088.0,3,stable,7068,57901056,2.1740109632489717,e5m
e5m-132,e5m,ext,8192,0.02026687962624659,0.9472288965795013,0.996520388520744,0.015558673827604768,0.0010526497306367001,1818.5898696861798,4825088.0,4,stable,9424,77201408,2.129084015165492,e5m
e5m-132,e5m,ext,8192,0.02026687962624659,0.9472288965795013,0.996520388520744,0.015558673827604768,0.0010526497306367001,1818.5898696861798,4825088.0,5,stable,11780,96501760,2.103180463901815,e5m
e5m-132,e5m,ext,8192,0.02026687962624659,0.9472288965795013,0.996520388520744,0.015558673827604768,0.0010526497306367001,1818.5898696861798,4825088.0,6,stable,14136,115802112,2.0772355971156244,e5m
e5m-132,e5m,ext,8192,0.02026687962624659,0.9472288965795013,0.996520388520744,0.015558673827604768,0.0010526497306367001,1818.5898696861798,4825088.0,7,stable,16492,135102464,2.0613015259308933,e5m
e5m-132,e5m,ext,8192,0.02026687962624659,0.9472288965795013,0.996520388520744,0.015558673827604768,0.0010526497306367001,1818.5898696861798,4825088.0,8,stable,18848,154402816,2.0493754181109933,e5m
e5m-132,e5m,ext,8192,0.02026687962624659,0.9472288965795013,0.996520388520744,0.015558673827604768,0.0010526497306367001,1818.5898696861798,4825088.0,8,decay,23560,193003520,1.9876721028473603,e5m
e5m-133,e5m,ext,32768,0.019912454514386075,0.9753143927423,0.9991689124346201,0.033771810445312425,0.048904916063373396,8776.394919525514,4825088.0,1,stable,589,19300352,2.5217064283060937,e5m
e5m-133,e5m,ext,32768,0.019912454514386075,0.9753143927423,0.9991689124346201,0.033771810445312425,0.048904916063373396,8776.394919525514,4825088.0,2,stable,1178,38600704,2.399770067551164,e5m
e5m-133,e5m,ext,32768,0.019912454514386075,0.9753143927423,0.9991689124346201,0.033771810445312425,0.048904916063373396,8776.394919525514,4825088.0,3,stable,1767,57901056,2.3057364596657046,e5m
e5m-133,e5m,ext,32768,0.019912454514386075,0.9753143927423,0.9991689124346201,0.033771810445312425,0.048904916063373396,8776.394919525514,4825088.0,4,stable,2356,77201408,2.2457302784217856,e5m
e5m-133,e5m,ext,32768,0.019912454514386075,0.9753143927423,0.9991689124346201,0.033771810445312425,0.048904916063373396,8776.394919525514,4825088.0,5,stable,2945,96501760,2.1929524473469146,e5m
e5m-133,e5m,ext,32768,0.019912454514386075,0.9753143927423,0.9991689124346201,0.033771810445312425,0.048904916063373396,8776.394919525514,4825088.0,6,stable,3534,115802112,2.142463301489667,e5m
e5m-133,e5m,ext,32768,0.019912454514386075,0.9753143927423,0.9991689124346201,0.033771810445312425,0.048904916063373396,8776.394919525514,4825088.0,7,stable,4123,135102464,2.107612437917946,e5m
e5m-133,e5m,ext,32768,0.019912454514386075,0.9753143927423,0.9991689124346201,0.033771810445312425,0.048904916063373396,8776.394919525514,4825088.0,8,stable,4712,154402816,2.071087304717052,e5m
e5m-133,e5m,ext,32768,0.019912454514386075,0.9753143927423,0.9991689124346201,0.033771810445312425,0.048904916063373396,8776.394919525514,4825088.0,8,decay,5890,193003520,1.9864829154245898,e5m
e5m-134,e5m,ext,16384,0.01668107715429234,0.9749734014422727,0.9453662340435299,0.00996871841592894,0.0033423022351224364,2797.259110699923,4825088.0,1,stable,1178,19300352,2.5948516968428206,e5m
e5m-134,e5m,ext,16384,0.01668107715429234,0.9749734014422727,0.9453662340435299,0.00996871841592894,0.0033423022351224364,2797.259110699923,4825088.0,2,stable,2356,38600704,2.4986523535642093,e5m
e5m-134,e5m,ext,16384,0.01668107715429234,0.9749734014422727,0.9453662340435299,0.00996871841592894,0.0033423022351224364,2797.259110699923,4825088.0,3,stable,3534,57901056,2.4398160523751957,e5m
e5m-134,e5m,ext,16384,0.01668107715429234,0.9749734014422727,0.9453662340435299,0.00996871841592894,0.0033423022351224364,2797.259110699923,4825088.0,4,stable,4712,77201408,2.39635363279475,e5m
e5m-134,e5m,ext,16384,0.01668107715429234,0.9749734014422727,0.9453662340435299,0.00996871841592894,0.0033423022351224364,2797.259110699923,4825088.0,5,stable,5890,96501760,2.3650173449995124,e5m
e5m-134,e5m,ext,16384,0.01668107715429234,0.9749734014422727,0.9453662340435299,0.00996871841592894,0.0033423022351224364,2797.259110699923,4825088.0,6,stable,7068,115802112,2.3443164136845933,e5m
e5m-134,e5m,ext,16384,0.01668107715429234,0.9749734014422727,0.9453662340435299,0.00996871841592894,0.0033423022351224364,2797.259110699923,4825088.0,7,stable,8246,135102464,2.333860838800608,e5m
e5m-134,e5m,ext,16384,0.01668107715429234,0.9749734014422727,0.9453662340435299,0.00996871841592894,0.0033423022351224364,2797.259110699923,4825088.0,8,stable,9424,154402816,2.3074729330970083,e5m
e5m-134,e5m,ext,16384,0.01668107715429234,0.9749734014422727,0.9453662340435299,0.00996871841592894,0.0033423022351224364,2797.259110699923,4825088.0,8,decay,11780,193003520,2.2278031066740587,e5m
e5m-135,e5m,ext,32768,0.0031361359266145867,0.9795081649842525,0.9993670950106884,0.00782061927477906,0.318543347718957,112434.14583500307,4825088.0,1,stable,589,19300352,2.599198267709346,e5m
e5m-135,e5m,ext,32768,0.0031361359266145867,0.9795081649842525,0.9993670950106884,0.00782061927477906,0.318543347718957,112434.14583500307,4825088.0,2,stable,1178,38600704,2.4424021374964235,e5m
e5m-135,e5m,ext,32768,0.0031361359266145867,0.9795081649842525,0.9993670950106884,0.00782061927477906,0.318543347718957,112434.14583500307,4825088.0,3,stable,1767,57901056,2.2674400020255776,e5m
e5m-135,e5m,ext,32768,0.0031361359266145867,0.9795081649842525,0.9993670950106884,0.00782061927477906,0.318543347718957,112434.14583500307,4825088.0,4,stable,2356,77201408,2.1627037359511596,e5m
e5m-135,e5m,ext,32768,0.0031361359266145867,0.9795081649842525,0.9993670950106884,0.00782061927477906,0.318543347718957,112434.14583500307,4825088.0,5,stable,2945,96501760,2.1022511481547923,e5m
e5m-135,e5m,ext,32768,0.0031361359266145867,0.9795081649842525,0.9993670950106884,0.00782061927477906,0.318543347718957,112434.14583500307,4825088.0,6,stable,3534,115802112,2.0643120240956954,e5m
e5m-135,e5m,ext,32768,0.0031361359266145867,0.9795081649842525,0.9993670950106884,0.00782061927477906,0.318543347718957,112434.14583500307,4825088.0,7,stable,4123,135102464,2.0442443806870076,e5m
e5m-135,e5m,ext,32768,0.0031361359266145867,0.9795081649842525,0.9993670950106884,0.00782061927477906,0.318543347718957,112434.14583500307,4825088.0,8,stable,4712,154402816,2.029960982826187,e5m
e5m-135,e5m,ext,32768,0.0031361359266145867,0.9795081649842525,0.9993670950106884,0.00782061927477906,0.318543347718957,112434.14583500307,4825088.0,8,decay,5890,193003520,1.9661126758395224,e5m
e5m-136,e5m,ext,16384,0.018353199896140926,0.7755304242571515,0.9997158808340262,0.026086774903196063,0.028288197812142046,102283.11035223724,4825088.0,1,stable,1178,19300352,2.399022372174511,e5m
e5m-136,e5m,ext,16384,0.018353199896140926,0.7755304242571515,0.9997158808340262,0.026086774903196063,0.028288197812142046,102283.11035223724,4825088.0,2,stable,2356,38600704,2.2413049769952575,e5m
e5m-136,e5m,ext,16384,0.018353199896140926,0.7755304242571515,0.9997158808340262,0.026086774903196063,0.028288197812142046,102283.11035223724,4825088.0,3,stable,3534,57901056,2.166015357783951,e5m
e5m-136,e5m,ext,16384,0.018353199896140926,0.7755304242571515,0.9997158808340262,0.026086774903196063,0.028288197812142046,102283.11035223724,4825088.0,4,stable,4712,77201408,2.1177494492773703,e5m
e5m-136,e5m,ext,16384,0.018353199896140926,0.7755304242571515,0.9997158808340262,0.026086774903196063,0.028288197812142046,102283.11035223724,4825088.0,5,stable,5890,96501760,2.100177840480737,e5m
e5m-136,e5m,ext,16384,0.018353199896140926,0.7755304242571515,0.9997158808340262,0.026086774903196063,0.028288197812142046,102283.11035223724,4825088.0,6,stable,7068,115802112,2.0727298616675216,e5m
e5m-136,e5m,ext,16384,0.018353199896140926,0.7755304242571515,0.9997158808340262,0.026086774903196063,0.028288197812142046,102283.11035223724,4825088.0,7,stable,8246,135102464,2.0645412721598593,e5m
e5m-136,e5m,ext,16384,0.018353199896140926,0.7755304242571515,0.9997158808340262,0.026086774903196063,0.028288197812142046,102283.11035223724,4825088.0,8,stable,9424,154402816,2.044228415464977,e5m
e5m-136,e5m,ext,16384,0.018353199896140926,0.7755304242571515,0.9997158808340262,0.026086774903196063,0.028288197812142046,102283.11035223724,4825088.0,8,decay,11780,193003520,1.9706685719900479,e5m
e5m-137,e5m,ext,16384,0.007162825240758651,0.9623580535190899,0.9997025309746091,0.0373820469400695,0.031337536200013394,4019.915844708088,4825088.0,1,stable,1178,19300352,2.435138016334642,e5m
e5m-137,e5m,ext,16384,0.007162825240758651,0.9623580535190899,0.9997025309746091,0.0373820469400695,0.031337536200013394,4019.915844708088,4825088.0,2,stable,2356,38600704,2.296048824439005,e5m
e5m-137,e5m,ext,16384,0.007162825240758651,0.9623580535190899,0.9997025309746091,0.0373820469400695,0.031337536200013394,4019.915844708088,4825088.0,3,stable,3534,57901056,2.1894129483869937,e5m
e5m-137,e5m,ext,16384,0.007162825240758651,0.9623580535190899,0.9997025309746091,0.0373820469400695,0.031337536200013394,4019.915844708088,4825088.0,4,stable,4712,77201408,2.114358012407248,e5m
e5m-137,e5m,ext,16384,0.007162825240758651,0.9623580535190899,0.9997025309746091,0.0373820469400695,0.031337536200013394,4019.915844708088,4825088.0,5,stable,5890,96501760,2.0712903834440746,e5m
e5m-137,e5m,ext,16384,0.007162825240758651,0.9623580535190899,0.9997025309746091,0.0373820469400695,0.031337536200013394,4019.915844708088,4825088.0,6,stable,7068,115802112,2.041368499795593,e5m
e5m-137,e5m,ext,16384,0.007162825240758651,0.9623580535190899,0.9997025309746091,0.0373820469400695,0.031337536200013394,4019.915844708088,4825088.0,7,stable,8246,135102464,2.0242819487406365,e5m
e5m-137,e5m,ext,16384,0.007162825240758651,0.9623580535190899,0.9997025309746091,0.0373820469400695,0.031337536200013394,4019.915844708088,4825088.0,8,stable,9424,154402816,2.0109100821829897,e5m
e5m-137,e5m,ext,16384,0.007162825240758651,0.9623580535190899,0.9997025309746091,0.0373820469400695,0.031337536200013394,4019.915844708088,4825088.0,8,decay,11780,193003520,1.9461651169515137,e5m
e5m-138,e5m,ext,32768,0.004752488682927222,0.9763111772283691,0.996351732392048,0.004344846018957315,0.06494235606008304,9426.703759354567,4825088.0,1,stable,589,19300352,2.5192610501152157,e5m
e5m-138,e5m,ext,32768,0.004752488682927222,0.9763111772283691,0.996351732392048,0.004344846018957315,0.06494235606008304,9426.703759354567,4825088.0,2,stable,1178,38600704,2.362368101728104,e5m
e5m-138,e5m,ext,32768,0.004752488682927222,0.9763111772283691,0.996351732392048,0.004344846018957315,0.06494235606008304,9426.703759354567,4825088.0,3,stable,1767,57901056,2.2461913910081623,e5m
e5m-138,e5m,ext,32768,0.004752488682927222,0.9763111772283691,0.996351732392048,0.004344846018957315,0.06494235606008304,9426.703759354567,4825088.0,4,stable,2356,77201408,2.177096815401867,e5m
e5m-138,e5m,ext,32768,0.004752488682927222,0.9763111772283691,0.996351732392048,0.004344846018957315,0.06494235606008304,9426.703759354567,4825088.0,5,stable,2945,96501760,2.1312927164439914,e5m
e5m-138,e5m,ext,32768,0.004752488682927222,0.9763111772283691,0.996351732392048,0.004344846018957315,0.06494235606008304,9426.703759354567,4825088.0,6,stable,3534,115802112,2.099803253645321,e5m
e5m-138,e5m,ext,32768,0.004752488682927222,0.9763111772283691,0.996351732392048,0.004344846018957315,0.06494235606008304,9426.703759354567,4825088.0,7,stable,4123,135102464,2.0774523901141295,e5m
e5m-138,e5m,ext,32768,0.004752488682927222,0.9763111772283691,0.996351732392048,0.004344846018957315,0.06494235606008304,9426.703759354567,4825088.0,8,stable,4712,154402816,2.055388937773651,e5m
e5m-138,e5m,ext,32768,0.004752488682927222,0.9763111772283691,0.996351732392048,0.004344846018957315,0.06494235606008304,9426.703759354567,4825088.0,8,decay,5890,193003520,1.9961500390026827,e5m
e5m-139,e5m,ext,16384,0.00048040949801456725,0.940445951104232,0.9991800435125121,0.02787399041488318,0.0018367375990800171,509980.57391988055,4825088.0,1,stable,1178,19300352,2.5064755062330226,e5m
e5m-139,e5m,ext,16384,0.00048040949801456725,0.940445951104232,0.9991800435125121,0.02787399041488318,0.0018367375990800171,509980.57391988055,4825088.0,2,stable,2356,38600704,2.3021867803274434,e5m
e5m-139,e5m,ext,16384,0.00048040949801456725,0.940445951104232,0.9991800435125121,0.02787399041488318,0.0018367375990800171,509980.57391988055,4825088.0,3,stable,3534,57901056,2.192765217007784,e5m
e5m-139,e5m,ext,16384,0.00048040949801456725,0.940445951104232,0.9991800435125121,0.02787399041488318,0.0018367375990800171,509980.57391988055,4825088.0,4,stable,4712,77201408,2.126705799823401,e5m
e5m-139,e5m,ext,16384,0.00048040949801456725,0.940445951104232,0.9991800435125121,0.02787399041488318,0.0018367375990800171,509980.57391988055,4825088.0,5,stable,5890,96501760,2.088048746906002,e5m
e5m-139,e5m,ext,16384,0.00048040949801456725,0.940445951104232,0.9991800435125121,0.02787399041488318,0.0018367375990800171,509980.57391988055,4825088.0,6,stable,7068,115802112,2.0524729572077693,e5m
e5m-139,e5m,ext,16384,0.00048040949801456725,0.940445951104232,0.9991800435125121,0.02787399041488318,0.0018367375990800171,509980.57391988055,4825088.0,7,stable,8246,135102464,2.030763248371895,e5m
e5m-139,e5m,ext,16384,0.00048040949801456725,0.940445951104232,0.9991800435125121,0.02787399041488318,0.0018367375990800171,509980.57391988055,4825088.0,8,stable,9424,154402816,2.0145037740099574,e5m
e5m-139,e5m,ext,16384,0.00048040949801456725,0.940445951104232,0.9991800435125121,0.02787399041488318,0.0018367375990800171,509980.57391988055,4825088.0,8,decay,11780,193003520,1.9804979608108582,e5m
e5m-140,e5m,ext,32768,0.005363696203956512,0.9177646498213331,0.9998363360175073,0.020005114273724006,0.5230327786411271,578128.4049524518,4825088.0,1,stable,589,19300352,2.3527869817437135,e5m
e5m-140,e5m,ext,32768,0.005363696203956512,0.9177646498213331,0.9998363360175073,0.020005114273724006,0.5230327786411271,578128.4049524518,4825088.0,2,stable,1178,38600704,2.1697714627235465,e5m
e5m-140,e5m,ext,32768,0.005363696203956512,0.9177646498213331,0.9998363360175073,0.020005114273724006,0.5230327786411271,578128.4049524518,4825088.0,3,stable,1767,57901056,2.1018304520265065,e5m
e5m-140,e5m,ext,32768,0.005363696203956512,0.9177646498213331,0.9998363360175073,0.020005114273724006,0.5230327786411271,578128.4049524518,4825088.0,3,decay,2209,72384512,2.026447911238812,e5m
e5m-140,e5m,ext,32768,0.005363696203956512,0.9177646498213331,0.9998363360175073,0.020005114273724006,0.5230327786411271,578128.4049524518,4825088.0,4,stable,2356,77201408,2.0657258645428054,e5m
e5m-140,e5m,ext,32768,0.005363696203956512,0.9177646498213331,0.9998363360175073,0.020005114273724006,0.5230327786411271,578128.4049524518,4825088.0,4,decay,2945,96501760,1.9926825459781556,e5m
e5m-140,e5m,ext,32768,0.005363696203956512,0.9177646498213331,0.9998363360175073,0.020005114273724006,0.5230327786411271,578128.4049524518,4825088.0,5,stable,2945,96501760,2.0558110714100706,e5m
e5m-140,e5m,ext,32768,0.005363696203956512,0.9177646498213331,0.9998363360175073,0.020005114273724006,0.5230327786411271,578128.4049524518,4825088.0,5,decay,3681,120619008,1.9724707965570942,e5m
e5m-140,e5m,ext,32768,0.005363696203956512,0.9177646498213331,0.9998363360175073,0.020005114273724006,0.5230327786411271,578128.4049524518,4825088.0,6,stable,3534,115802112,2.0311935621788253,e5m
e5m-140,e5m,ext,32768,0.005363696203956512,0.9177646498213331,0.9998363360175073,0.020005114273724006,0.5230327786411271,578128.4049524518,4825088.0,6,decay,4418,144769024,1.9583635579401861,e5m
e5m-140,e5m,ext,32768,0.005363696203956512,0.9177646498213331,0.9998363360175073,0.020005114273724006,0.5230327786411271,578128.4049524518,4825088.0,7,stable,4123,135102464,2.0254346450719636,e5m
e5m-140,e5m,ext,32768,0.005363696203956512,0.9177646498213331,0.9998363360175073,0.020005114273724006,0.5230327786411271,578128.4049524518,4825088.0,7,decay,5154,168886272,1.948948586332684,e5m
e5m-140,e5m,ext,32768,0.005363696203956512,0.9177646498213331,0.9998363360175073,0.020005114273724006,0.5230327786411271,578128.4049524518,4825088.0,8,stable,4712,154402816,2.0133049244973082,e5m
e5m-140,e5m,ext,32768,0.005363696203956512,0.9177646498213331,0.9998363360175073,0.020005114273724006,0.5230327786411271,578128.4049524518,4825088.0,8,decay,5890,193003520,1.9423468001558664,e5m
e5m-141,e5m,ext,16384,0.0009742942655783337,0.9264971183918875,0.9992138430076971,0.008230607275028565,0.033005942831274344,6190.552670081431,4825088.0,1,stable,1178,19300352,2.3483536858989527,e5m
e5m-141,e5m,ext,16384,0.0009742942655783337,0.9264971183918875,0.9992138430076971,0.008230607275028565,0.033005942831274344,6190.552670081431,4825088.0,2,stable,2356,38600704,2.1631040389292813,e5m
e5m-141,e5m,ext,16384,0.0009742942655783337,0.9264971183918875,0.9992138430076971,0.008230607275028565,0.033005942831274344,6190.552670081431,4825088.0,3,stable,3534,57901056,2.090259008760175,e5m
e5m-141,e5m,ext,16384,0.0009742942655783337,0.9264971183918875,0.9992138430076971,0.008230607275028565,0.033005942831274344,6190.552670081431,4825088.0,3,decay,4418,72384512,2.043785655671533,e5m
e5m-141,e5m,ext,16384,0.0009742942655783337,0.9264971183918875,0.9992138430076971,0.008230607275028565,0.033005942831274344,6190.552670081431,4825088.0,4,stable,4712,77201408,2.044424531397641,e5m
e5m-141,e5m,ext,16384,0.0009742942655783337,0.9264971183918875,0.9992138430076971,0.008230607275028565,0.033005942831274344,6190.552670081431,4825088.0,4,decay,5890,96501760,2.0030934842559613,e5m
e5m-141,e5m,ext,16384,0.0009742942655783337,0.9264971183918875,0.9992138430076971,0.008230607275028565,0.033005942831274344,6190.552670081431,4825088.0,5,stable,5890,96501760,2.0207552556887984,e5m
e5m-141,e5m,ext,16384,0.0009742942655783337,0.9264971183918875,0.9992138430076971,0.008230607275028565,0.033005942831274344,6190.552670081431,4825088.0,5,decay,7362,120619008,1.9766823519862962,e5m
e5m-141,e5m,ext,16384,0.0009742942655783337,0.9264971183918875,0.9992138430076971,0.008230607275028565,0.033005942831274344,6190.552670081431,4825088.0,6,stable,7068,115802112,1.9999478086356444,e5m
e5m-141,e5m,ext,16384,0.0009742942655783337,0.9264971183918875,0.9992138430076971,0.008230607275028565,0.033005942831274344,6190.552670081431,4825088.0,6,decay,8835,144752640,1.9575943952225348,e5m
e5m-141,e5m,ext,16384,0.0009742942655783337,0.9264971183918875,0.9992138430076971,0.008230607275028565,0.033005942831274344,6190.552670081431,4825088.0,7,stable,8246,135102464,1.9870547626898334,e5m
e5m-141,e5m,ext,16384,0.0009742942655783337,0.9264971183918875,0.9992138430076971,0.008230607275028565,0.033005942831274344,6190.552670081431,4825088.0,7,decay,10308,168886272,1.9441142718330093,e5m
e5m-141,e5m,ext,16384,0.0009742942655783337,0.9264971183918875,0.9992138430076971,0.008230607275028565,0.033005942831274344,6190.552670081431,4825088.0,8,stable,9424,154402816,1.9752954053906038,e5m
e5m-141,e5m,ext,16384,0.0009742942655783337,0.9264971183918875,0.9992138430076971,0.008230607275028565,0.033005942831274344,6190.552670081431,4825088.0,8,decay,11780,193003520,1.932302534033142,e5m
e5m-142,e5m,ext,32768,0.01250644581158387,0.930973949195183,0.9323041118233669,0.006198393350218739,0.08094791886970377,10384.437606252448,4825088.0,1,stable,589,19300352,2.502612967141763,e5m
e5m-142,e5m,ext,32768,0.01250644581158387,0.930973949195183,0.9323041118233669,0.006198393350218739,0.08094791886970377,10384.437606252448,4825088.0,2,stable,1178,38600704,2.3814514871189005,e5m
e5m-142,e5m,ext,32768,0.01250644581158387,0.930973949195183,0.9323041118233669,0.006198393350218739,0.08094791886970377,10384.437606252448,4825088.0,3,stable,1767,57901056,2.2938334064353567,e5m
e5m-142,e5m,ext,32768,0.01250644581158387,0.930973949195183,0.9323041118233669,0.006198393350218739,0.08094791886970377,10384.437606252448,4825088.0,4,stable,2356,77201408,2.210463862660432,e5m
e5m-142,e5m,ext,32768,0.01250644581158387,0.930973949195183,0.9323041118233669,0.006198393350218739,0.08094791886970377,10384.437606252448,4825088.0,5,stable,2945,96501760,2.1754059857520187,e5m
e5m-142,e5m,ext,32768,0.01250644581158387,0.930973949195183,0.9323041118233669,0.006198393350218739,0.08094791886970377,10384.437606252448,4825088.0,6,stable,3534,115802112,2.1352481996505808,e5m
e5m-142,e5m,ext,32768,0.01250644581158387,0.930973949195183,0.9323041118233669,0.006198393350218739,0.08094791886970377,10384.437606252448,4825088.0,7,stable,4123,135102464,2.126664434598751,e5m
e5m-142,e5m,ext,32768,0.01250644581158387,0.930973949195183,0.9323041118233669,0.006198393350218739,0.08094791886970377,10384.437606252448,4825088.0,8,stable,4712,154402816,2.115173101169913,e5m
e5m-142,e5m,ext,32768,0.01250644581158387,0.930973949195183,0.9323041118233669,0.006198393350218739,0.08094791886970377,10384.437606252448,4825088.0,8,decay,5890,193003520,2.0135789327190965,e5m
e5m-143,e5m,ext,16384,0.00308646431634222,0.9478653669087181,0.999876341693344,0.05685934977404576,0.2890109221646401,136509.31562241426,4825088.0,1,stable,1178,19300352,2.289805848004417,e5m
e5m-143,e5m,ext,16384,0.00308646431634222,0.9478653669087181,0.999876341693344,0.05685934977404576,0.2890109221646401,136509.31562241426,4825088.0,2,stable,2356,38600704,2.138073924251333,e5m
e5m-143,e5m,ext,16384,0.00308646431634222,0.9478653669087181,0.999876341693344,0.05685934977404576,0.2890109221646401,136509.31562241426,4825088.0,3,stable,3534,57901056,2.0830064004369064,e5m
e5m-143,e5m,ext,16384,0.00308646431634222,0.9478653669087181,0.999876341693344,0.05685934977404576,0.2890109221646401,136509.31562241426,4825088.0,3,decay,4418,72384512,2.0131230219590592,e5m
e5m-143,e5m,ext,16384,0.00308646431634222,0.9478653669087181,0.999876341693344,0.05685934977404576,0.2890109221646401,136509.31562241426,4825088.0,4,stable,4712,77201408,2.0474750715594348,e5m
e5m-143,e5m,ext,16384,0.00308646431634222,0.9478653669087181,0.999876341693344,0.05685934977404576,0.2890109221646401,136509.31562241426,4825088.0,4,decay,5890,96501760,1.98068741452589,e5m
e5m-143,e5m,ext,16384,0.00308646431634222,0.9478653669087181,0.999876341693344,0.05685934977404576,0.2890109221646401,136509.31562241426,4825088.0,5,stable,5890,96501760,2.040779558222999,e5m
e5m-143,e5m,ext,16384,0.00308646431634222,0.9478653669087181,0.999876341693344,0.05685934977404576,0.2890109221646401,136509.31562241426,4825088.0,5,decay,7362,120619008,1.9599723331530825,e5m
e5m-143,e5m,ext,16384,0.00308646431634222,0.9478653669087181,0.999876341693344,0.05685934977404576,0.2890109221646401,136509.31562241426,4825088.0,6,stable,7068,115802112,2.0167338406940707,e5m
e5m-143,e5m,ext,16384,0.00308646431634222,0.9478653669087181,0.999876341693344,0.05685934977404576,0.2890109221646401,136509.31562241426,4825088.0,6,decay,8835,144752640,1.930996169786915,e5m
e5m-143,e5m,ext,16384,0.00308646431634222,0.9478653669087181,0.999876341693344,0.05685934977404576,0.2890109221646401,136509.31562241426,4825088.0,7,stable,8246,135102464,2.006174996832667,e5m
e5m-143,e5m,ext,16384,0.00308646431634222,0.9478653669087181,0.999876341693344,0.05685934977404576,0.2890109221646401,136509.31562241426,4825088.0,7,decay,10308,168886272,1.8668099981800523,e5m
e5m-143,e5m,ext,16384,0.00308646431634222,0.9478653669087181,0.999876341693344,0.05685934977404576,0.2890109221646401,136509.31562241426,4825088.0,8,stable,9424,154402816,1.9454690119450344,e5m
e5m-143,e5m,ext,16384,0.00308646431634222,0.9478653669087181,0.999876341693344,0.05685934977404576,0.2890109221646401,136509.31562241426,4825088.0,8,decay,11780,193003520,1.823027160476751,e5m
e5m-144,e5m,ext,32768,0.0011068366118613593,0.8508006210692134,0.9994737930592643,0.03625196801167155,0.030024067165424353,23192.020691529713,4825088.0,1,stable,589,19300352,2.4493388207257034,e5m
e5m-144,e5m,ext,32768,0.0011068366118613593,0.8508006210692134,0.9994737930592643,0.03625196801167155,0.030024067165424353,23192.020691529713,4825088.0,2,stable,1178,38600704,2.2352941669915203,e5m
e5m-144,e5m,ext,32768,0.0011068366118613593,0.8508006210692134,0.9994737930592643,0.03625196801167155,0.030024067165424353,23192.020691529713,4825088.0,3,stable,1767,57901056,2.1363509452074054,e5m
e5m-144,e5m,ext,32768,0.0011068366118613593,0.8508006210692134,0.9994737930592643,0.03625196801167155,0.030024067165424353,23192.020691529713,4825088.0,4,stable,2356,77201408,2.0802235385981858,e5m
e5m-144,e5m,ext,32768,0.0011068366118613593,0.8508006210692134,0.9994737930592643,0.03625196801167155,0.030024067165424353,23192.020691529713,4825088.0,5,stable,2945,96501760,2.0492176759030603,e5m
e5m-144,e5m,ext,32768,0.0011068366118613593,0.8508006210692134,0.9994737930592643,0.03625196801167155,0.030024067165424353,23192.020691529713,4825088.0,6,stable,3534,115802112,2.021485189973215,e5m
e5m-144,e5m,ext,32768,0.0011068366118613593,0.8508006210692134,0.9994737930592643,0.03625196801167155,0.030024067165424353,23192.020691529713,4825088.0,7,stable,4123,135102464,2.0069661382039445,e5m
e5m-144,e5m,ext,32768,0.0011068366118613593,0.8508006210692134,0.9994737930592643,0.03625196801167155,0.030024067165424353,23192.020691529713,4825088.0,8,stable,4712,154402816,1.9943507292553158,e5m
e5m-144,e5m,ext,32768,0.0011068366118613593,0.8508006210692134,0.9994737930592643,0.03625196801167155,0.030024067165424353,23192.020691529713,4825088.0,8,decay,5890,193003520,1.9530383608375705,e5m
e5m-145,e5m,ext,32768,0.012168393930832147,0.9735202952248118,0.9902633001542146,0.03887582137452927,0.01924888025395882,176303.9197705752,4825088.0,1,stable,589,19300352,2.513465958509594,e5m
e5m-145,e5m,ext,32768,0.012168393930832147,0.9735202952248118,0.9902633001542146,0.03887582137452927,0.01924888025395882,176303.9197705752,4825088.0,2,stable,1178,38600704,2.3585387774266464,e5m
e5m-145,e5m,ext,32768,0.012168393930832147,0.9735202952248118,0.9902633001542146,0.03887582137452927,0.01924888025395882,176303.9197705752,4825088.0,3,stable,1767,57901056,2.282743190895571,e5m
e5m-145,e5m,ext,32768,0.012168393930832147,0.9735202952248118,0.9902633001542146,0.03887582137452927,0.01924888025395882,176303.9197705752,4825088.0,4,stable,2356,77201408,2.227346273669367,e5m
e5m-145,e5m,ext,32768,0.012168393930832147,0.9735202952248118,0.9902633001542146,0.03887582137452927,0.01924888025395882,176303.9197705752,4825088.0,5,stable,2945,96501760,2.185730157288679,e5m
e5m-145,e5m,ext,32768,0.012168393930832147,0.9735202952248118,0.9902633001542146,0.03887582137452927,0.01924888025395882,176303.9197705752,4825088.0,6,stable,3534,115802112,2.1481452010156104,e5m
e5m-145,e5m,ext,32768,0.012168393930832147,0.9735202952248118,0.9902633001542146,0.03887582137452927,0.01924888025395882,176303.9197705752,4825088.0,7,stable,4123,135102464,2.1181468765078244,e5m
e5m-145,e5m,ext,32768,0.012168393930832147,0.9735202952248118,0.9902633001542146,0.03887582137452927,0.01924888025395882,176303.9197705752,4825088.0,8,stable,4712,154402816,2.0883254544250622,e5m
e5m-145,e5m,ext,32768,0.012168393930832147,0.9735202952248118,0.9902633001542146,0.03887582137452927,0.01924888025395882,176303.9197705752,4825088.0,8,decay,5890,193003520,2.0112235077874927,e5m
e5m-146,e5m,ext,16384,0.0031582698771434946,0.7915979663515237,0.9306563551345182,0.007624206904671603,0.007461151889825066,118595.54048493385,4825088.0,1,stable,1178,19300352,2.322437042054782,e5m
e5m-146,e5m,ext,16384,0.0031582698771434946,0.7915979663515237,0.9306563551345182,0.007624206904671603,0.007461151889825066,118595.54048493385,4825088.0,2,stable,2356,38600704,2.2401994969145123,e5m
e5m-146,e5m,ext,16384,0.0031582698771434946,0.7915979663515237,0.9306563551345182,0.007624206904671603,0.007461151889825066,118595.54048493385,4825088.0,3,stable,3534,57901056,2.214106163041749,e5m
e5m-146,e5m,ext,16384,0.0031582698771434946,0.7915979663515237,0.9306563551345182,0.007624206904671603,0.007461151889825066,118595.54048493385,4825088.0,4,stable,4712,77201408,2.1953303260127055,e5m
e5m-146,e5m,ext,16384,0.0031582698771434946,0.7915979663515237,0.9306563551345182,0.007624206904671603,0.007461151889825066,118595.54048493385,4825088.0,5,stable,5890,96501760,2.2020629949641717,e5m
e5m-146,e5m,ext,16384,0.0031582698771434946,0.7915979663515237,0.9306563551345182,0.007624206904671603,0.007461151889825066,118595.54048493385,4825088.0,6,stable,7068,115802112,2.1798416690024776,e5m
e5m-146,e5m,ext,16384,0.0031582698771434946,0.7915979663515237,0.9306563551345182,0.007624206904671603,0.007461151889825066,118595.54048493385,4825088.0,7,stable,8246,135102464,2.181392988306346,e5m
e5m-146,e5m,ext,16384,0.0031582698771434946,0.7915979663515237,0.9306563551345182,0.007624206904671603,0.007461151889825066,118595.54048493385,4825088.0,8,stable,9424,154402816,2.1774388730407184,e5m
e5m-146,e5m,ext,16384,0.0031582698771434946,0.7915979663515237,0.9306563551345182,0.007624206904671603,0.007461151889825066,118595.54048493385,4825088.0,8,decay,11780,193003520,2.110675136133538,e5m
e5m-147,e5m,ext,16384,0.06587418221043269,0.7323371962224986,0.9876939984357374,0.026587306772560517,0.08714966281621633,28046.82187562221,4825088.0,1,stable,1178,19300352,2.370837375719508,e5m
e5m-147,e5m,ext,16384,0.06587418221043269,0.7323371962224986,0.9876939984357374,0.026587306772560517,0.08714966281621633,28046.82187562221,4825088.0,2,stable,2356,38600704,2.2546212044388967,e5m
e5m-147,e5m,ext,16384,0.06587418221043269,0.7323371962224986,0.9876939984357374,0.026587306772560517,0.08714966281621633,28046.82187562221,4825088.0,3,stable,3534,57901056,2.263507232041499,e5m
e5m-147,e5m,ext,16384,0.06587418221043269,0.7323371962224986,0.9876939984357374,0.026587306772560517,0.08714966281621633,28046.82187562221,4825088.0,4,stable,4712,77201408,2.1967875789109987,e5m
e5m-147,e5m,ext,16384,0.06587418221043269,0.7323371962224986,0.9876939984357374,0.026587306772560517,0.08714966281621633,28046.82187562221,4825088.0,5,stable,5890,96501760,2.205185532954788,e5m
e5m-147,e5m,ext,16384,0.06587418221043269,0.7323371962224986,0.9876939984357374,0.026587306772560517,0.08714966281621633,28046.82187562221,4825088.0,6,stable,7068,115802112,2.198703827451383,e5m
e5m-147,e5m,ext,16384,0.06587418221043269,0.7323371962224986,0.9876939984357374,0.026587306772560517,0.08714966281621633,28046.82187562221,4825088.0,7,stable,8246,135102464,2.2039188132999796,e5m
e5m-147,e5m,ext,16384,0.06587418221043269,0.7323371962224986,0.9876939984357374,0.026587306772560517,0.08714966281621633,28046.82187562221,4825088.0,8,stable,9424,154402816,2.2321783081580007,e5m
e5m-147,e5m,ext,16384,0.06587418221043269,0.7323371962224986,0.9876939984357374,0.026587306772560517,0.08714966281621633,28046.82187562221,4825088.0,8,decay,11780,193003520,2.048611209694692,e5m
e5m-148,e5m,ext,16384,0.000697249332556355,0.8192880407883014,0.9998973926782396,0.020294846854582566,0.001035986839915134,3426.8418856196645,4825088.0,1,stable,1178,19300352,2.411840951478114,e5m
e5m-148,e5m,ext,16384,0.000697249332556355,0.8192880407883014,0.9998973926782396,0.020294846854582566,0.001035986839915134,3426.8418856196645,4825088.0,2,stable,2356,38600704,2.21398286731648,e5m
e5m-148,e5m,ext,16384,0.000697249332556355,0.8192880407883014,0.9998973926782396,0.020294846854582566,0.001035986839915134,3426.8418856196645,4825088.0,3,stable,3534,57901056,2.124021296385184,e5m
e5m-148,e5m,ext,16384,0.000697249332556355,0.8192880407883014,0.9998973926782396,0.020294846854582566,0.001035986839915134,3426.8418856196645,4825088.0,3,decay,4418,72384512,2.0798799822928045,e5m
e5m-148,e5m,ext,16384,0.000697249332556355,0.8192880407883014,0.9998973926782396,0.020294846854582566,0.001035986839915134,3426.8418856196645,4825088.0,4,stable,4712,77201408,2.0703980484636637,e5m
e5m-148,e5m,ext,16384,0.000697249332556355,0.8192880407883014,0.9998973926782396,0.020294846854582566,0.001035986839915134,3426.8418856196645,4825088.0,4,decay,5890,96501760,2.0316579458801813,e5m
e5m-148,e5m,ext,16384,0.000697249332556355,0.8192880407883014,0.9998973926782396,0.020294846854582566,0.001035986839915134,3426.8418856196645,4825088.0,5,stable,5890,96501760,2.0441785835811546,e5m
e5m-148,e5m,ext,16384,0.000697249332556355,0.8192880407883014,0.9998973926782396,0.020294846854582566,0.001035986839915134,3426.8418856196645,4825088.0,5,decay,7362,120619008,1.9986653705218618,e5m
e5m-148,e5m,ext,16384,0.000697249332556355,0.8192880407883014,0.9998973926782396,0.020294846854582566,0.001035986839915134,3426.8418856196645,4825088.0,6,stable,7068,115802112,2.0146716160373135,e5m
e5m-148,e5m,ext,16384,0.000697249332556355,0.8192880407883014,0.9998973926782396,0.020294846854582566,0.001035986839915134,3426.8418856196645,4825088.0,6,decay,8835,144752640,1.9733283691139223,e5m
e5m-148,e5m,ext,16384,0.000697249332556355,0.8192880407883014,0.9998973926782396,0.020294846854582566,0.001035986839915134,3426.8418856196645,4825088.0,7,stable,8246,135102464,1.9968635679272468,e5m
e5m-148,e5m,ext,16384,0.000697249332556355,0.8192880407883014,0.9998973926782396,0.020294846854582566,0.001035986839915134,3426.8418856196645,4825088.0,7,decay,10308,168886272,1.9509735114853646,e5m
e5m-148,e5m,ext,16384,0.000697249332556355,0.8192880407883014,0.9998973926782396,0.020294846854582566,0.001035986839915134,3426.8418856196645,4825088.0,8,stable,9424,154402816,1.9783632926107306,e5m
e5m-148,e5m,ext,16384,0.000697249332556355,0.8192880407883014,0.9998973926782396,0.020294846854582566,0.001035986839915134,3426.8418856196645,4825088.0,8,decay,11780,193003520,1.9242277686109188,e5m
e5m-149,e5m,ext,16384,0.014632754385655658,0.7656491581548325,0.9997599100601542,0.0030132278822323794,0.694221029064129,96559.04167334976,4825088.0,1,stable,1178,19300352,2.389177895244444,e5m
e5m-149,e5m,ext,16384,0.014632754385655658,0.7656491581548325,0.9997599100601542,0.0030132278822323794,0.694221029064129,96559.04167334976,4825088.0,2,stable,2356,38600704,2.227060528847079,e5m
e5m-149,e5m,ext,16384,0.014632754385655658,0.7656491581548325,0.9997599100601542,0.0030132278822323794,0.694221029064129,96559.04167334976,4825088.0,3,stable,3534,57901056,2.174548678428919,e5m
e5m-149,e5m,ext,16384,0.014632754385655658,0.7656491581548325,0.9997599100601542,0.0030132278822323794,0.694221029064129,96559.04167334976,4825088.0,4,stable,4712,77201408,2.1333299066326488,e5m
e5m-149,e5m,ext,16384,0.014632754385655658,0.7656491581548325,0.9997599100601542,0.0030132278822323794,0.694221029064129,96559.04167334976,4825088.0,5,stable,5890,96501760,2.1325171810629677,e5m
e5m-149,e5m,ext,16384,0.014632754385655658,0.7656491581548325,0.9997599100601542,0.0030132278822323794,0.694221029064129,96559.04167334976,4825088.0,6,stable,7068,115802112,2.116566018730039,e5m
e5m-149,e5m,ext,16384,0.014632754385655658,0.7656491581548325,0.9997599100601542,0.0030132278822323794,0.694221029064129,96559.04167334976,4825088.0,7,stable,8246,135102464,2.125957624722058,e5m
e5m-149,e5m,ext,16384,0.014632754385655658,0.7656491581548325,0.9997599100601542,0.0030132278822323794,0.694221029064129,96559.04167334976,4825088.0,8,stable,9424,154402816,2.1019772663794623,e5m
e5m-149,e5m,ext,16384,0.014632754385655658,0.7656491581548325,0.9997599100601542,0.0030132278822323794,0.694221029064129,96559.04167334976,4825088.0,8,decay,11780,193003520,1.9914835762568626,e5m
e5m-150,e5m,ext,8192,0.007183946899835149,0.7571762890946754,0.9982751922223834,0.020406075843561133,0.2894417955220071,649614.399903422,4825088.0,1,stable,2356,19300352,2.2392916378205996,e5m
e5m-150,e5m,ext,8192,0.007183946899835149,0.7571762890946754,0.9982751922223834,0.020406075843561133,0.2894417955220071,649614.399903422,4825088.0,2,stable,4712,38600704,2.151427183074885,e5m
e5m-150,e5m,ext,8192,0.007183946899835149,0.7571762890946754,0.9982751922223834,0.020406075843561133,0.2894417955220071,649614.399903422,4825088.0,3,stable,7068,57901056,2.1214572118890667,e5m
e5m-150,e5m,ext,8192,0.007183946899835149,0.7571762890946754,0.9982751922223834,0.020406075843561133,0.2894417955220071,649614.399903422,4825088.0,4,stable,9424,77201408,2.089967929982045,e5m
e5m-150,e5m,ext,8192,0.007183946899835149,0.7571762890946754,0.9982751922223834,0.020406075843561133,0.2894417955220071,649614.399903422,4825088.0,5,stable,11780,96501760,2.0993494027771837,e5m
e5m-150,e5m,ext,8192,0.007183946899835149,0.7571762890946754,0.9982751922223834,0.020406075843561133,0.2894417955220071,649614.399903422,4825088.0,6,stable,14136,115802112,2.073401117581128,e5m
e5m-150,e5m,ext,8192,0.007183946899835149,0.7571762890946754,0.9982751922223834,0.020406075843561133,0.2894417955220071,649614.399903422,4825088.0,7,stable,16492,135102464,2.065892727894553,e5m
e5m-150,e5m,ext,8192,0.007183946899835149,0.7571762890946754,0.9982751922223834,0.020406075843561133,0.2894417955220071,649614.399903422,4825088.0,8,stable,18848,154402816,2.068105511614577,e5m
e5m-150,e5m,ext,8192,0.007183946899835149,0.7571762890946754,0.9982751922223834,0.020406075843561133,0.2894417955220071,649614.399903422,4825088.0,8,decay,23560,193003520,1.9489351391840533,e5m
e5m-151,e5m,ext,8192,0.000662214279484568,0.917737972499015,0.9993806913121268,0.0032173531152063016,0.49730261032043144,2161.294160639058,4825088.0,1,stable,2356,19300352,2.301879971603498,e5m
e5m-151,e5m,ext,8192,0.000662214279484568,0.917737972499015,0.9993806913121268,0.0032173531152063016,0.49730261032043144,2161.294160639058,4825088.0,2,stable,4712,38600704,2.1519908086103405,e5m
e5m-151,e5m,ext,8192,0.000662214279484568,0.917737972499015,0.9993806913121268,0.0032173531152063016,0.49730261032043144,2161.294160639058,4825088.0,3,stable,7068,57901056,2.08789048346945,e5m
e5m-151,e5m,ext,8192,0.000662214279484568,0.917737972499015,0.9993806913121268,0.0032173531152063016,0.49730261032043144,2161.294160639058,4825088.0,3,decay,8835,72376320,2.036079263976919,e5m
e5m-151,e5m,ext,8192,0.000662214279484568,0.917737972499015,0.9993806913121268,0.0032173531152063016,0.49730261032043144,2161.294160639058,4825088.0,4,stable,9424,77201408,2.0503307665793775,e5m
e5m-151,e5m,ext,8192,0.000662214279484568,0.917737972499015,0.9993806913121268,0.0032173531152063016,0.49730261032043144,2161.294160639058,4825088.0,4,decay,11780,96501760,2.0018892404084148,e5m
e5m-151,e5m,ext,8192,0.000662214279484568,0.917737972499015,0.9993806913121268,0.0032173531152063016,0.49730261032043144,2161.294160639058,4825088.0,5,stable,11780,96501760,2.0339133980574213,e5m
e5m-151,e5m,ext,8192,0.000662214279484568,0.917737972499015,0.9993806913121268,0.0032173531152063016,0.49730261032043144,2161.294160639058,4825088.0,5,decay,14725,120627200,1.9783771266500816,e5m
e5m-151,e5m,ext,8192,0.000662214279484568,0.917737972499015,0.9993806913121268,0.0032173531152063016,0.49730261032043144,2161.294160639058,4825088.0,6,stable,14136,115802112,2.0127433416500344,e5m
e5m-151,e5m,ext,8192,0.000662214279484568,0.917737972499015,0.9993806913121268,0.0032173531152063016,0.49730261032043144,2161.294160639058,4825088.0,6,decay,17670,144752640,1.9633864346993701,e5m
e5m-151,e5m,ext,8192,0.000662214279484568,0.917737972499015,0.9993806913121268,0.0032173531152063016,0.49730261032043144,2161.294160639058,4825088.0,7,stable,16492,135102464,2.0083598146134976,e5m
e5m-151,e5m,ext,8192,0.000662214279484568,0.917737972499015,0.9993806913121268,0.0032173531152063016,0.49730261032043144,2161.294160639058,4825088.0,7,decay,20615,168878080,1.9505657389060806,e5m
e5m-151,e5m,ext,8192,0.000662214279484568,0.917737972499015,0.9993806913121268,0.0032173531152063016,0.49730261032043144,2161.294160639058,4825088.0,8,stable,18848,154402816,1.9986947179849934,e5m
e5m-151,e5m,ext,8192,0.000662214279484568,0.917737972499015,0.9993806913121268,0.0032173531152063016,0.49730261032043144,2161.294160639058,4825088.0,8,decay,23560,193003520,1.9422163721086727,e5m
e5m-152,e5m,ext,16384,0.0045271357933240304,0.8610743707218269,0.999402506105922,0.0018555686944891358,0.05298063873735296,287260.54703889106,4825088.0,1,stable,1178,19300352,2.3929732542177824,e5m
e5m-152,e5m,ext,16384,0.0045271357933240304,0.8610743707218269,0.999402506105922,0.0018555686944891358,0.05298063873735296,287260.54703889106,4825088.0,2,stable,2356,38600704,2.259628214633119,e5m
e5m-152,e5m,ext,16384,0.0045271357933240304,0.8610743707218269,0.999402506105922,0.0018555686944891358,0.05298063873735296,287260.54703889106,4825088.0,3,stable,3534,57901056,2.18237151560491,e5m
e5m-152,e5m,ext,16384,0.0045271357933240304,0.8610743707218269,0.999402506105922,0.0018555686944891358,0.05298063873735296,287260.54703889106,4825088.0,4,stable,4712,77201408,2.12367369438154,e5m
e5m-152,e5m,ext,16384,0.0045271357933240304,0.8610743707218269,0.999402506105922,0.0018555686944891358,0.05298063873735296,287260.54703889106,4825088.0,5,stable,5890,96501760,2.086376227979638,e5m
e5m-152,e5m,ext,16384,0.0045271357933240304,0.8610743707218269,0.999402506105922,0.0018555686944891358,0.05298063873735296,287260.54703889106,4825088.0,6,stable,7068,115802112,2.0431248697840165,e5m
e5m-152,e5m,ext,16384,0.0045271357933240304,0.8610743707218269,0.999402506105922,0.0018555686944891358,0.05298063873735296,287260.54703889106,4825088.0,7,stable,8246,135102464,2.0290084998845495,e5m
e5m-152,e5m,ext,16384,0.0045271357933240304,0.8610743707218269,0.999402506105922,0.0018555686944891358,0.05298063873735296,287260.54703889106,4825088.0,8,stable,9424,154402816,2.0120766568167707,e5m
e5m-152,e5m,ext,16384,0.0045271357933240304,0.8610743707218269,0.999402506105922,0.0018555686944891358,0.05298063873735296,287260.54703889106,4825088.0,8,decay,11780,193003520,1.9470687492049608,e5m
e5m-153,e5m,ext,8192,0.008745462451620814,0.9755486151443891,0.9961230886287994,0.02528257251870575,0.0029625514379476095,22704.37435654792,4825088.0,1,stable,2356,19300352,2.3842505987947327,e5m
e5m-153,e5m,ext,8192,0.008745462451620814,0.9755486151443891,0.9961230886287994,0.02528257251870575,0.0029625514379476095,22704.37435654792,4825088.0,2,stable,4712,38600704,2.2613263628980897,e5m
e5m-153,e5m,ext,8192,0.008745462451620814,0.9755486151443891,0.9961230886287994,0.02528257251870575,0.0029625514379476095,22704.37435654792,4825088.0,3,stable,7068,57901056,2.19658504606712,e5m
e5m-153,e5m,ext,8192,0.008745462451620814,0.9755486151443891,0.9961230886287994,0.02528257251870575,0.0029625514379476095,22704.37435654792,4825088.0,4,stable,9424,77201408,2.1592769890577386,e5m
e5m-153,e5m,ext,8192,0.008745462451620814,0.9755486151443891,0.9961230886287994,0.02528257251870575,0.0029625514379476095,22704.37435654792,4825088.0,5,stable,11780,96501760,2.1352359464677817,e5m
e5m-153,e5m,ext,8192,0.008745462451620814,0.9755486151443891,0.9961230886287994,0.02528257251870575,0.0029625514379476095,22704.37435654792,4825088.0,6,stable,14136,115802112,2.1096515026410723,e5m
e5m-153,e5m,ext,8192,0.008745462451620814,0.9755486151443891,0.9961230886287994,0.02528257251870575,0.0029625514379476095,22704.37435654792,4825088.0,7,stable,16492,135102464,2.09102216090109,e5m
e5m-153,e5m,ext,8192,0.008745462451620814,0.9755486151443891,0.9961230886287994,0.02528257251870575,0.0029625514379476095,22704.37435654792,4825088.0,8,stable,18848,154402816,2.075562195317224,e5m
e5m-153,e5m,ext,8192,0.008745462451620814,0.9755486151443891,0.9961230886287994,0.02528257251870575,0.0029625514379476095,22704.37435654792,4825088.0,8,decay,23560,193003520,2.0130304737245446,e5m
e5m-154,e5m,ext,32768,0.0004671111391612545,0.9828401467789187,0.9757260595975183,0.026850433648252618,0.5648922558532778,109543.5019423511,4825088.0,1,stable,589,19300352,2.7385353802072094,e5m
e5m-154,e5m,ext,32768,0.0004671111391612545,0.9828401467789187,0.9757260595975183,0.026850433648252618,0.5648922558532778,109543.5019423511,4825088.0,2,stable,1178,38600704,2.562230618499616,e5m
e5m-154,e5m,ext,32768,0.0004671111391612545,0.9828401467789187,0.9757260595975183,0.026850433648252618,0.5648922558532778,109543.5019423511,4825088.0,3,stable,1767,57901056,2.448336021330253,e5m
e5m-154,e5m,ext,32768,0.0004671111391612545,0.9828401467789187,0.9757260595975183,0.026850433648252618,0.5648922558532778,109543.5019423511,4825088.0,4,stable,2356,77201408,2.3508399601205827,e5m
e5m-154,e5m,ext,32768,0.0004671111391612545,0.9828401467789187,0.9757260595975183,0.026850433648252618,0.5648922558532778,109543.5019423511,4825088.0,5,stable,2945,96501760,2.27534261688432,e5m
e5m-154,e5m,ext,32768,0.0004671111391612545,0.9828401467789187,0.9757260595975183,0.026850433648252618,0.5648922558532778,109543.5019423511,4825088.0,6,stable,3534,115802112,2.2113901476593103,e5m
e5m-154,e5m,ext,32768,0.0004671111391612545,0.9828401467789187,0.9757260595975183,0.026850433648252618,0.5648922558532778,109543.5019423511,4825088.0,7,stable,4123,135102464,2.16497077227264,e5m
e5m-154,e5m,ext,32768,0.0004671111391612545,0.9828401467789187,0.9757260595975183,0.026850433648252618,0.5648922558532778,109543.5019423511,4825088.0,8,stable,4712,154402816,2.128233552746218,e5m
e5m-154,e5m,ext,32768,0.0004671111391612545,0.9828401467789187,0.9757260595975183,0.026850433648252618,0.5648922558532778,109543.5019423511,4825088.0,8,decay,5890,193003520,2.0821132619705325,e5m
e5m-155,e5m,ext,32768,0.08267759550156462,0.9346673062160313,0.9885531320022438,0.005833043752838862,0.23903653249906665,79512.25243005904,4825088.0,1,stable,589,19300352,2.4702234103998864,e5m
e5m-155,e5m,ext,32768,0.08267759550156462,0.9346673062160313,0.9885531320022438,0.005833043752838862,0.23903653249906665,79512.25243005904,4825088.0,2,stable,1178,38600704,2.333601253002192,e5m
e5m-155,e5m,ext,32768,0.08267759550156462,0.9346673062160313,0.9885531320022438,0.005833043752838862,0.23903653249906665,79512.25243005904,4825088.0,3,stable,1767,57901056,2.243546630988786,e5m
e5m-155,e5m,ext,32768,0.08267759550156462,0.9346673062160313,0.9885531320022438,0.005833043752838862,0.23903653249906665,79512.25243005904,4825088.0,4,stable,2356,77201408,2.218486538701676,e5m
e5m-155,e5m,ext,32768,0.08267759550156462,0.9346673062160313,0.9885531320022438,0.005833043752838862,0.23903653249906665,79512.25243005904,4825088.0,5,stable,2945,96501760,2.219477224987154,e5m
e5m-155,e5m,ext,32768,0.08267759550156462,0.9346673062160313,0.9885531320022438,0.005833043752838862,0.23903653249906665,79512.25243005904,4825088.0,6,stable,3534,115802112,2.1609485839592417,e5m
e5m-155,e5m,ext,32768,0.08267759550156462,0.9346673062160313,0.9885531320022438,0.005833043752838862,0.23903653249906665,79512.25243005904,4825088.0,7,stable,4123,135102464,2.1629349066618393,e5m
e5m-155,e5m,ext,32768,0.08267759550156462,0.9346673062160313,0.9885531320022438,0.005833043752838862,0.23903653249906665,79512.25243005904,4825088.0,8,stable,4712,154402816,2.1694360742804157,e5m
e5m-155,e5m,ext,32768,0.08267759550156462,0.9346673062160313,0.9885531320022438,0.005833043752838862,0.23903653249906665,79512.25243005904,4825088.0,8,decay,5890,193003520,2.0126184148971773,e5m
e5m-156,e5m,ext,32768,0.008828457953820023,0.9713737668427994,0.9995919120261944,0.0190343440103274,0.0064154546873783315,4953.64303355902,4825088.0,1,stable,589,19300352,2.531667536904188,e5m
e5m-156,e5m,ext,32768,0.008828457953820023,0.9713737668427994,0.9995919120261944,0.0190343440103274,0.0064154546873783315,4953.64303355902,4825088.0,2,stable,1178,38600704,2.3937828050918943,e5m
e5m-156,e5m,ext,32768,0.008828457953820023,0.9713737668427994,0.9995919120261944,0.0190343440103274,0.0064154546873783315,4953.64303355902,4825088.0,3,stable,1767,57901056,2.316150563064302,e5m
e5m-156,e5m,ext,32768,0.008828457953820023,0.9713737668427994,0.9995919120261944,0.0190343440103274,0.0064154546873783315,4953.64303355902,4825088.0,4,stable,2356,77201408,2.2580006726117623,e5m
e5m-156,e5m,ext,32768,0.008828457953820023,0.9713737668427994,0.9995919120261944,0.0190343440103274,0.0064154546873783315,4953.64303355902,4825088.0,5,stable,2945,96501760,2.2118093456780863,e5m
e5m-156,e5m,ext,32768,0.008828457953820023,0.9713737668427994,0.9995919120261944,0.0190343440103274,0.0064154546873783315,4953.64303355902,4825088.0,6,stable,3534,115802112,2.175689601048972,e5m
e5m-156,e5m,ext,32768,0.008828457953820023,0.9713737668427994,0.9995919120261944,0.0190343440103274,0.0064154546873783315,4953.64303355902,4825088.0,7,stable,4123,135102464,2.1471869851344376,e5m
e5m-156,e5m,ext,32768,0.008828457953820023,0.9713737668427994,0.9995919120261944,0.0190343440103274,0.0064154546873783315,4953.64303355902,4825088.0,8,stable,4712,154402816,2.1248513980147288,e5m
e5m-156,e5m,ext,32768,0.008828457953820023,0.9713737668427994,0.9995919120261944,0.0190343440103274,0.0064154546873783315,4953.64303355902,4825088.0,8,decay,5890,193003520,2.062543273154493,e5m
e5m-157,e5m,ext,16384,0.04694669073962058,0.9511343280293785,0.9983237877753224,0.02814917733306404,0.1193537463282301,383001.800623514,4825088.0,1,stable,1178,19300352,2.4280174372343124,e5m
e5m-157,e5m,ext,16384,0.04694669073962058,0.9511343280293785,0.9983237877753224,0.02814917733306404,0.1193537463282301,383001.800623514,4825088.0,2,stable,2356,38600704,2.2673077024754416,e5m
e5m-157,e5m,ext,16384,0.04694669073962058,0.9511343280293785,0.9983237877753224,0.02814917733306404,0.1193537463282301,383001.800623514,4825088.0,3,stable,3534,57901056,2.202798470835128,e5m
e5m-157,e5m,ext,16384,0.04694669073962058,0.9511343280293785,0.9983237877753224,0.02814917733306404,0.1193537463282301,383001.800623514,4825088.0,4,stable,4712,77201408,2.170895955549645,e5m
e5m-157,e5m,ext,16384,0.04694669073962058,0.9511343280293785,0.9983237877753224,0.02814917733306404,0.1193537463282301,383001.800623514,4825088.0,5,stable,5890,96501760,2.1686162361154384,e5m
e5m-157,e5m,ext,16384,0.04694669073962058,0.9511343280293785,0.9983237877753224,0.02814917733306404,0.1193537463282301,383001.800623514,4825088.0,6,stable,7068,115802112,2.1603830334858487,e5m
e5m-157,e5m,ext,16384,0.04694669073962058,0.9511343280293785,0.9983237877753224,0.02814917733306404,0.1193537463282301,383001.800623514,4825088.0,7,stable,8246,135102464,2.143220626481059,e5m
e5m-157,e5m,ext,16384,0.04694669073962058,0.9511343280293785,0.9983237877753224,0.02814917733306404,0.1193537463282301,383001.800623514,4825088.0,8,stable,9424,154402816,2.173752296577637,e5m
e5m-157,e5m,ext,16384,0.04694669073962058,0.9511343280293785,0.9983237877753224,0.02814917733306404,0.1193537463282301,383001.800623514,4825088.0,8,decay,11780,193003520,2.0227227970004416,e5m
e5m-158,e5m,ext,16384,0.000665208427937907,0.9771490929466251,0.9969580337273988,0.0035821694365496238,0.008162978917967058,54733.45114721123,4825088.0,1,stable,1178,19300352,2.516518696706344,e5m
e5m-158,e5m,ext,16384,0.000665208427937907,0.9771490929466251,0.9969580337273988,0.0035821694365496238,0.008162978917967058,54733.45114721123,4825088.0,2,stable,2356,38600704,2.302474104538781,e5m
e5m-158,e5m,ext,16384,0.000665208427937907,0.9771490929466251,0.9969580337273988,0.0035821694365496238,0.008162978917967058,54733.45114721123,4825088.0,3,stable,3534,57901056,2.1874222097225693,e5m
e5m-158,e5m,ext,16384,0.000665208427937907,0.9771490929466251,0.9969580337273988,0.0035821694365496238,0.008162978917967058,54733.45114721123,4825088.0,4,stable,4712,77201408,2.1196170201540876,e5m
e5m-158,e5m,ext,16384,0.000665208427937907,0.9771490929466251,0.9969580337273988,0.0035821694365496238,0.008162978917967058,54733.45114721123,4825088.0,5,stable,5890,96501760,2.077743553779854,e5m
e5m-158,e5m,ext,16384,0.000665208427937907,0.9771490929466251,0.9969580337273988,0.0035821694365496238,0.008162978917967058,54733.45114721123,4825088.0,6,stable,7068,115802112,2.0453334917155304,e5m
e5m-158,e5m,ext,16384,0.000665208427937907,0.9771490929466251,0.9969580337273988,0.0035821694365496238,0.008162978917967058,54733.45114721123,4825088.0,7,stable,8246,135102464,2.0247885754861543,e5m
e5m-158,e5m,ext,16384,0.000665208427937907,0.9771490929466251,0.9969580337273988,0.0035821694365496238,0.008162978917967058,54733.45114721123,4825088.0,8,stable,9424,154402816,2.008853195810155,e5m
e5m-158,e5m,ext,16384,0.000665208427937907,0.9771490929466251,0.9969580337273988,0.0035821694365496238,0.008162978917967058,54733.45114721123,4825088.0,8,decay,11780,193003520,1.9665041809464967,e5m
e5m-159,e5m,ext,32768,0.01490325787772696,0.896768319379083,0.9961438003571756,0.07855360922129354,0.033520577835380934,3297.0566851600697,4825088.0,1,stable,589,19300352,2.3242998961422345,e5m
e5m-159,e5m,ext,32768,0.01490325787772696,0.896768319379083,0.9961438003571756,0.07855360922129354,0.033520577835380934,3297.0566851600697,4825088.0,2,stable,1178,38600704,2.1790811836188935,e5m
e5m-159,e5m,ext,32768,0.01490325787772696,0.896768319379083,0.9961438003571756,0.07855360922129354,0.033520577835380934,3297.0566851600697,4825088.0,3,stable,1767,57901056,2.1146237802588854,e5m
e5m-159,e5m,ext,32768,0.01490325787772696,0.896768319379083,0.9961438003571756,0.07855360922129354,0.033520577835380934,3297.0566851600697,4825088.0,3,decay,2209,72384512,2.0429853576357173,e5m
e5m-159,e5m,ext,32768,0.01490325787772696,0.896768319379083,0.9961438003571756,0.07855360922129354,0.033520577835380934,3297.0566851600697,4825088.0,4,stable,2356,77201408,2.073946272388008,e5m
e5m-159,e5m,ext,32768,0.01490325787772696,0.896768319379083,0.9961438003571756,0.07855360922129354,0.033520577835380934,3297.0566851600697,4825088.0,4,decay,2945,96501760,2.0086363884985854,e5m
e5m-159,e5m,ext,32768,0.01490325787772696,0.896768319379083,0.9961438003571756,0.07855360922129354,0.033520577835380934,3297.0566851600697,4825088.0,5,stable,2945,96501760,2.056070844152182,e5m
e5m-159,e5m,ext,32768,0.01490325787772696,0.896768319379083,0.9961438003571756,0.07855360922129354,0.033520577835380934,3297.0566851600697,4825088.0,5,decay,3681,120619008,1.9837698830579267,e5m
e5m-159,e5m,ext,32768,0.01490325787772696,0.896768319379083,0.9961438003571756,0.07855360922129354,0.033520577835380934,3297.0566851600697,4825088.0,6,stable,3534,115802112,2.032051824863539,e5m
e5m-159,e5m,ext,32768,0.01490325787772696,0.896768319379083,0.9961438003571756,0.07855360922129354,0.033520577835380934,3297.0566851600697,4825088.0,6,decay,4418,144769024,1.9658032684832436,e5m
e5m-159,e5m,ext,32768,0.01490325787772696,0.896768319379083,0.9961438003571756,0.07855360922129354,0.033520577835380934,3297.0566851600697,4825088.0,7,stable,4123,135102464,2.020370392061722,e5m
e5m-159,e5m,ext,32768,0.01490325787772696,0.896768319379083,0.9961438003571756,0.07855360922129354,0.033520577835380934,3297.0566851600697,4825088.0,7,decay,5154,168886272,1.9530654163379781,e5m
e5m-159,e5m,ext,32768,0.01490325787772696,0.896768319379083,0.9961438003571756,0.07855360922129354,0.033520577835380934,3297.0566851600697,4825088.0,8,stable,4712,154402816,2.01456811118379,e5m
e5m-159,e5m,ext,32768,0.01490325787772696,0.896768319379083,0.9961438003571756,0.07855360922129354,0.033520577835380934,3297.0566851600697,4825088.0,8,decay,5890,193003520,1.9400161441885586,e5m
e5m-160,e5m,ext,8192,0.0009099214658913593,0.7616667473249563,0.9997053823302642,0.08181106684077573,0.0009595056807144984,490645.5070732739,4825088.0,1,stable,2356,19300352,2.3553970520597165,e5m
e5m-160,e5m,ext,8192,0.0009099214658913593,0.7616667473249563,0.9997053823302642,0.08181106684077573,0.0009595056807144984,490645.5070732739,4825088.0,2,stable,4712,38600704,2.1601172340896957,e5m
e5m-160,e5m,ext,8192,0.0009099214658913593,0.7616667473249563,0.9997053823302642,0.08181106684077573,0.0009595056807144984,490645.5070732739,4825088.0,3,stable,7068,57901056,2.0875725962345713,e5m
e5m-160,e5m,ext,8192,0.0009099214658913593,0.7616667473249563,0.9997053823302642,0.08181106684077573,0.0009595056807144984,490645.5070732739,4825088.0,3,decay,8835,72376320,2.0346200766241966,e5m
e5m-160,e5m,ext,8192,0.0009099214658913593,0.7616667473249563,0.9997053823302642,0.08181106684077573,0.0009595056807144984,490645.5070732739,4825088.0,4,stable,9424,77201408,2.043700829015841,e5m
e5m-160,e5m,ext,8192,0.0009099214658913593,0.7616667473249563,0.9997053823302642,0.08181106684077573,0.0009595056807144984,490645.5070732739,4825088.0,4,decay,11780,96501760,1.9983371067843907,e5m
e5m-160,e5m,ext,8192,0.0009099214658913593,0.7616667473249563,0.9997053823302642,0.08181106684077573,0.0009595056807144984,490645.5070732739,4825088.0,5,stable,11780,96501760,2.02399655623812,e5m
e5m-160,e5m,ext,8192,0.0009099214658913593,0.7616667473249563,0.9997053823302642,0.08181106684077573,0.0009595056807144984,490645.5070732739,4825088.0,5,decay,14725,120627200,1.9701921031792644,e5m
e5m-160,e5m,ext,8192,0.0009099214658913593,0.7616667473249563,0.9997053823302642,0.08181106684077573,0.0009595056807144984,490645.5070732739,4825088.0,6,stable,14136,115802112,1.999711807506091,e5m
e5m-160,e5m,ext,8192,0.0009099214658913593,0.7616667473249563,0.9997053823302642,0.08181106684077573,0.0009595056807144984,490645.5070732739,4825088.0,6,decay,17670,144752640,1.943365364818322,e5m
e5m-160,e5m,ext,8192,0.0009099214658913593,0.7616667473249563,0.9997053823302642,0.08181106684077573,0.0009595056807144984,490645.5070732739,4825088.0,7,stable,16492,135102464,1.9772409018275832,e5m
e5m-160,e5m,ext,8192,0.0009099214658913593,0.7616667473249563,0.9997053823302642,0.08181106684077573,0.0009595056807144984,490645.5070732739,4825088.0,7,decay,20615,168878080,1.9096251002634834,e5m
e5m-160,e5m,ext,8192,0.0009099214658913593,0.7616667473249563,0.9997053823302642,0.08181106684077573,0.0009595056807144984,490645.5070732739,4825088.0,8,stable,18848,154402816,1.9468736188088298,e5m
e5m-160,e5m,ext,8192,0.0009099214658913593,0.7616667473249563,0.9997053823302642,0.08181106684077573,0.0009595056807144984,490645.5070732739,4825088.0,8,decay,23560,193003520,1.8704396856255172,e5m
e5m-161,e5m,ext,8192,0.024787924153942997,0.9672529098794027,0.9968325285151397,0.019134182588278273,0.02224175396168424,63333.184275252024,4825088.0,1,stable,2356,19300352,2.476797543828096,e5m
e5m-161,e5m,ext,8192,0.024787924153942997,0.9672529098794027,0.9968325285151397,0.019134182588278273,0.02224175396168424,63333.184275252024,4825088.0,2,stable,4712,38600704,2.3049152451359145,e5m
e5m-161,e5m,ext,8192,0.024787924153942997,0.9672529098794027,0.9968325285151397,0.019134182588278273,0.02224175396168424,63333.184275252024,4825088.0,3,stable,7068,57901056,2.225153406429381,e5m
e5m-161,e5m,ext,8192,0.024787924153942997,0.9672529098794027,0.9968325285151397,0.019134182588278273,0.02224175396168424,63333.184275252024,4825088.0,4,stable,9424,77201408,2.17441554851808,e5m
e5m-161,e5m,ext,8192,0.024787924153942997,0.9672529098794027,0.9968325285151397,0.019134182588278273,0.02224175396168424,63333.184275252024,4825088.0,5,stable,11780,96501760,2.1437008962616053,e5m
e5m-161,e5m,ext,8192,0.024787924153942997,0.9672529098794027,0.9968325285151397,0.019134182588278273,0.02224175396168424,63333.184275252024,4825088.0,6,stable,14136,115802112,2.12028149553289,e5m
e5m-161,e5m,ext,8192,0.024787924153942997,0.9672529098794027,0.9968325285151397,0.019134182588278273,0.02224175396168424,63333.184275252024,4825088.0,7,stable,16492,135102464,2.1101161564559088,e5m
e5m-161,e5m,ext,8192,0.024787924153942997,0.9672529098794027,0.9968325285151397,0.019134182588278273,0.02224175396168424,63333.184275252024,4825088.0,8,stable,18848,154402816,2.0863573246349745,e5m
e5m-161,e5m,ext,8192,0.024787924153942997,0.9672529098794027,0.9968325285151397,0.019134182588278273,0.02224175396168424,63333.184275252024,4825088.0,8,decay,23560,193003520,1.9894289838268806,e5m
e5m-162,e5m,ext,8192,0.008745428316251247,0.9823307388118574,0.9995597466170115,0.003140780267012634,0.014269384229738967,63262.7169023784,4825088.0,1,stable,2356,19300352,2.518501211811024,e5m
e5m-162,e5m,ext,8192,0.008745428316251247,0.9823307388118574,0.9995597466170115,0.003140780267012634,0.014269384229738967,63262.7169023784,4825088.0,2,stable,4712,38600704,2.3703160750720027,e5m
e5m-162,e5m,ext,8192,0.008745428316251247,0.9823307388118574,0.9995597466170115,0.003140780267012634,0.014269384229738967,63262.7169023784,4825088.0,3,stable,7068,57901056,2.2879865822170693,e5m
e5m-162,e5m,ext,8192,0.008745428316251247,0.9823307388118574,0.9995597466170115,0.003140780267012634,0.014269384229738967,63262.7169023784,4825088.0,4,stable,9424,77201408,2.232782333403759,e5m
e5m-162,e5m,ext,8192,0.008745428316251247,0.9823307388118574,0.9995597466170115,0.003140780267012634,0.014269384229738967,63262.7169023784,4825088.0,5,stable,11780,96501760,2.196671278023471,e5m
e5m-162,e5m,ext,8192,0.008745428316251247,0.9823307388118574,0.9995597466170115,0.003140780267012634,0.014269384229738967,63262.7169023784,4825088.0,6,stable,14136,115802112,2.1579700772207646,e5m
e5m-162,e5m,ext,8192,0.008745428316251247,0.9823307388118574,0.9995597466170115,0.003140780267012634,0.014269384229738967,63262.7169023784,4825088.0,7,stable,16492,135102464,2.1374862331915327,e5m
e5m-162,e5m,ext,8192,0.008745428316251247,0.9823307388118574,0.9995597466170115,0.003140780267012634,0.014269384229738967,63262.7169023784,4825088.0,8,stable,18848,154402816,2.1122460144428032,e5m
e5m-162,e5m,ext,8192,0.008745428316251247,0.9823307388118574,0.9995597466170115,0.003140780267012634,0.014269384229738967,63262.7169023784,4825088.0,8,decay,23560,193003520,2.0355718494418893,e5m
e5m-163,e5m,ext,32768,0.026511001036914252,0.9748653288030343,0.9996165115582485,0.0077164550469954,0.07380279397560613,177472.57531122648,4825088.0,1,stable,589,19300352,2.527529643609728,e5m
e5m-163,e5m,ext,32768,0.026511001036914252,0.9748653288030343,0.9996165115582485,0.0077164550469954,0.07380279397560613,177472.57531122648,4825088.0,2,stable,1178,38600704,2.3754491130433357,e5m
e5m-163,e5m,ext,32768,0.026511001036914252,0.9748653288030343,0.9996165115582485,0.0077164550469954,0.07380279397560613,177472.57531122648,4825088.0,3,stable,1767,57901056,2.273363136287349,e5m
e5m-163,e5m,ext,32768,0.026511001036914252,0.9748653288030343,0.9996165115582485,0.0077164550469954,0.07380279397560613,177472.57531122648,4825088.0,4,stable,2356,77201408,2.2071953103640003,e5m
e5m-163,e5m,ext,32768,0.026511001036914252,0.9748653288030343,0.9996165115582485,0.0077164550469954,0.07380279397560613,177472.57531122648,4825088.0,5,stable,2945,96501760,2.1568395008224153,e5m
e5m-163,e5m,ext,32768,0.026511001036914252,0.9748653288030343,0.9996165115582485,0.0077164550469954,0.07380279397560613,177472.57531122648,4825088.0,6,stable,3534,115802112,2.1139958020976977,e5m
e5m-163,e5m,ext,32768,0.026511001036914252,0.9748653288030343,0.9996165115582485,0.0077164550469954,0.07380279397560613,177472.57531122648,4825088.0,7,stable,4123,135102464,2.117850757050359,e5m
e5m-163,e5m,ext,32768,0.026511001036914252,0.9748653288030343,0.9996165115582485,0.0077164550469954,0.07380279397560613,177472.57531122648,4825088.0,8,stable,4712,154402816,2.0741070273390783,e5m
e5m-163,e5m,ext,32768,0.026511001036914252,0.9748653288030343,0.9996165115582485,0.0077164550469954,0.07380279397560613,177472.57531122648,4825088.0,8,decay,5890,193003520,1.9943543775274684,e5m
